"","player","athlete_id_1","game_id","season_end","make","shot_dist","is_opportunity","dist_category","shot_number","lag1","lag2","lag3","prev3_sum"
"1","Al Horford",3213,400828507,"2016",1,19.6468827043885,0,"Midrange",1,NA,NA,NA,NA
"2","Al Horford",3213,400828507,"2016",0,24.0208242989286,0,"ThreePoint",2,1,NA,NA,NA
"3","Al Horford",3213,400828507,"2016",1,2,0,"Close",3,0,1,NA,NA
"4","Al Horford",3213,400828507,"2016",0,18.0277563773199,0,"Midrange",4,1,0,1,2
"5","Al Horford",3213,400828507,"2016",0,18,0,"Midrange",5,0,1,0,1
"6","Al Horford",3213,400828507,"2016",1,18,0,"Midrange",6,0,0,1,1
"7","Al Horford",3213,400828507,"2016",1,0,0,"Close",7,1,0,0,1
"8","Al Horford",3213,400828507,"2016",1,24.1867732448956,0,"ThreePoint",8,1,1,0,2
"9","Al Horford",3213,400828507,"2016",1,0,1,"Close",9,1,1,1,3
"10","Al Horford",3213,400828507,"2016",1,2,1,"Close",10,1,1,1,3
"11","Andrew Wiggins",3059319,400828813,"2016",1,9.21954445729289,0,"Midrange",1,NA,NA,NA,NA
"12","Andrew Wiggins",3059319,400828813,"2016",1,25.2388589282479,0,"ThreePoint",2,1,NA,NA,NA
"13","Andrew Wiggins",3059319,400828813,"2016",1,25.2388589282479,0,"ThreePoint",3,1,1,NA,NA
"14","Andrew Wiggins",3059319,400828813,"2016",1,2.23606797749979,1,"Close",4,1,1,1,3
"15","Andrew Wiggins",3059319,400828813,"2016",0,14.3178210632764,1,"Midrange",5,1,1,1,3
"16","Andrew Wiggins",3059319,400828813,"2016",1,20.8086520466848,0,"Midrange",6,0,1,1,2
"17","Andrew Wiggins",3059319,400828813,"2016",1,1.4142135623731,0,"Close",7,1,0,1,2
"18","Andrew Wiggins",3059319,400828813,"2016",0,14.142135623731,0,"Midrange",8,1,1,0,2
"19","Andrew Wiggins",3059319,400828813,"2016",1,17.8044938147649,0,"Midrange",9,0,1,1,2
"20","Andrew Wiggins",3059319,400828813,"2016",0,17,0,"Midrange",10,1,0,1,2
"21","Andrew Wiggins",3059319,400828813,"2016",0,5,0,"Close",11,0,1,0,1
"22","Andrew Wiggins",3059319,400828813,"2016",1,0,0,"Close",12,0,0,1,1
"23","Andrew Wiggins",3059319,400828813,"2016",1,12.0830459735946,0,"Midrange",13,1,0,0,1
"24","Andrew Wiggins",3059319,400828813,"2016",1,20.0249843945008,0,"Midrange",14,1,1,0,2
"25","Andrew Wiggins",3059319,400975152,"2018",1,19,0,"Midrange",1,NA,NA,NA,NA
"26","Andrew Wiggins",3059319,400975152,"2018",0,2.82842712474619,0,"Close",2,1,NA,NA,NA
"27","Andrew Wiggins",3059319,400975152,"2018",0,23.3452350598575,0,"ThreePoint",3,0,1,NA,NA
"28","Andrew Wiggins",3059319,400975152,"2018",0,21.2132034355964,0,"Midrange",4,0,0,1,1
"29","Andrew Wiggins",3059319,400975152,"2018",0,23,0,"ThreePoint",5,0,0,0,0
"30","Andrew Wiggins",3059319,400975152,"2018",1,13,0,"Midrange",6,0,0,0,0
"31","Andrew Wiggins",3059319,400975152,"2018",0,14.2126704035519,0,"Midrange",7,1,0,0,1
"32","Andrew Wiggins",3059319,400975152,"2018",0,12.0415945787923,0,"Midrange",8,0,1,0,1
"33","Andrew Wiggins",3059319,400975152,"2018",0,25.2388589282479,0,"ThreePoint",9,0,0,1,1
"34","Andrew Wiggins",3059319,400975152,"2018",0,5.8309518948453,0,"Close",10,0,0,0,0
"35","Andrew Wiggins",3059319,400975152,"2018",1,11.1803398874989,0,"Midrange",11,0,0,0,0
"36","Andrew Wiggins",3059319,400975152,"2018",0,23.7697286480094,0,"ThreePoint",12,1,0,0,1
"37","Andrew Wiggins",3059319,400975152,"2018",0,11.0453610171873,0,"Midrange",13,0,1,0,1
"38","Andrew Wiggins",3059319,400975152,"2018",0,8.06225774829855,0,"Midrange",14,0,0,1,1
"39","Andrew Wiggins",3059319,400975152,"2018",0,2.23606797749979,0,"Close",15,0,0,0,0
"40","Andrew Wiggins",3059319,400975152,"2018",0,0,0,"Close",16,0,0,0,0
"41","Andrew Wiggins",3059319,400975152,"2018",1,1,0,"Close",17,0,0,0,0
"42","Andrew Wiggins",3059319,400975152,"2018",0,23.7065391822594,0,"ThreePoint",18,1,0,0,1
"43","Andrew Wiggins",3059319,400975152,"2018",1,17.464249196573,0,"Midrange",19,0,1,0,1
"44","Andrew Wiggins",3059319,400975152,"2018",1,16.7630546142402,0,"Midrange",20,1,0,1,2
"45","Andrew Wiggins",3059319,400975152,"2018",1,19.6977156035922,0,"Midrange",21,1,1,0,2
"46","Andrew Wiggins",3059319,400975152,"2018",0,23.3452350598575,1,"ThreePoint",22,1,1,1,3
"47","Andrew Wiggins",3059319,400975152,"2018",1,25.4950975679639,0,"ThreePoint",23,0,1,1,2
"48","Andrew Wiggins",3059319,400975152,"2018",0,0,0,"Close",24,1,0,1,2
"49","Andrew Wiggins",3059319,400975788,"2018",0,13.6014705087354,0,"Midrange",1,NA,NA,NA,NA
"50","Andrew Wiggins",3059319,400975788,"2018",1,5.8309518948453,0,"Close",2,0,NA,NA,NA
"51","Andrew Wiggins",3059319,400975788,"2018",1,2,0,"Close",3,1,0,NA,NA
"52","Andrew Wiggins",3059319,400975788,"2018",0,12.1655250605964,0,"Midrange",4,1,1,0,2
"53","Andrew Wiggins",3059319,400975788,"2018",1,10.4403065089106,0,"Midrange",5,0,1,1,2
"54","Andrew Wiggins",3059319,400975788,"2018",1,2,0,"Close",6,1,0,1,2
"55","Andrew Wiggins",3059319,400975788,"2018",0,11.0453610171873,0,"Midrange",7,1,1,0,2
"56","Andrew Wiggins",3059319,400975788,"2018",0,20.5182845286832,0,"Midrange",8,0,1,1,2
"57","Andrew Wiggins",3059319,400975788,"2018",1,18.8679622641132,0,"Midrange",9,0,0,1,1
"58","Andrew Wiggins",3059319,400975788,"2018",1,8.60232526704263,0,"Midrange",10,1,0,0,1
"59","Andrew Wiggins",3059319,400975788,"2018",0,2,0,"Close",11,1,1,0,2
"60","Andrew Wiggins",3059319,400975788,"2018",0,6.08276253029822,0,"Close",12,0,1,1,2
"61","Andrew Wiggins",3059319,400975788,"2018",1,1.4142135623731,0,"Close",13,0,0,1,1
"62","Andrew Wiggins",3059319,400975788,"2018",0,4,0,"Close",14,1,0,0,1
"63","Andrew Wiggins",3059319,400975788,"2018",1,14.7648230602334,0,"Midrange",15,0,1,0,1
"64","Andrew Wiggins",3059319,400975880,"2018",0,18.1107702762748,0,"Midrange",1,NA,NA,NA,NA
"65","Andrew Wiggins",3059319,400975880,"2018",0,1.4142135623731,0,"Close",2,0,NA,NA,NA
"66","Andrew Wiggins",3059319,400975880,"2018",0,3,0,"Close",3,0,0,NA,NA
"67","Andrew Wiggins",3059319,400975880,"2018",0,1.4142135623731,0,"Close",4,0,0,0,0
"68","Andrew Wiggins",3059319,400975880,"2018",1,1,0,"Close",5,0,0,0,0
"69","Andrew Wiggins",3059319,400975880,"2018",0,5,0,"Close",6,1,0,0,1
"70","Andrew Wiggins",3059319,400975880,"2018",1,16.1245154965971,0,"Midrange",7,0,1,0,1
"71","Andrew Wiggins",3059319,400975880,"2018",0,26.0192236625154,0,"ThreePoint",8,1,0,1,2
"72","Andrew Wiggins",3059319,400975880,"2018",0,10.0498756211209,0,"Midrange",9,0,1,0,1
"73","Andrew Wiggins",3059319,400975880,"2018",0,20.0997512422418,0,"Midrange",10,0,0,1,1
"74","Andrew Wiggins",3059319,400975880,"2018",0,25.0798724079689,0,"ThreePoint",11,0,0,0,0
"75","Andrew Wiggins",3059319,400975880,"2018",0,15.52417469626,0,"Midrange",12,0,0,0,0
"76","Andrew Wiggins",3059319,400975880,"2018",1,4,0,"Close",13,0,0,0,0
"77","Andrew Wiggins",3059319,400975880,"2018",0,19.6977156035922,0,"Midrange",14,1,0,0,1
"78","Andrew Wiggins",3059319,400975880,"2018",1,18.4390889145858,0,"Midrange",15,0,1,0,1
"79","Andrew Wiggins",3059319,400975880,"2018",0,12.1655250605964,0,"Midrange",16,1,0,1,2
"80","Andrew Wiggins",3059319,400975880,"2018",0,11.6619037896906,0,"Midrange",17,0,1,0,1
"81","Andrew Wiggins",3059319,401070805,"2019",0,18.3575597506858,0,"Midrange",1,NA,NA,NA,NA
"82","Andrew Wiggins",3059319,401070805,"2019",1,28.3019433961698,0,"ThreePoint",2,0,NA,NA,NA
"83","Andrew Wiggins",3059319,401070805,"2019",0,26.1725046566048,0,"ThreePoint",3,1,0,NA,NA
"84","Andrew Wiggins",3059319,401070805,"2019",1,2.23606797749979,0,"Close",4,0,1,0,1
"85","Andrew Wiggins",3059319,401070805,"2019",0,20,0,"Midrange",5,1,0,1,2
"86","Andrew Wiggins",3059319,401070805,"2019",0,7,0,"Close",6,0,1,0,1
"87","Andrew Wiggins",3059319,401070805,"2019",1,16.4012194668567,0,"Midrange",7,0,0,1,1
"88","Andrew Wiggins",3059319,401070805,"2019",0,12,0,"Midrange",8,1,0,0,1
"89","Andrew Wiggins",3059319,401070805,"2019",0,18.8679622641132,0,"Midrange",9,0,1,0,1
"90","Andrew Wiggins",3059319,401070805,"2019",0,12.1655250605964,0,"Midrange",10,0,0,1,1
"91","Andrew Wiggins",3059319,401070805,"2019",0,5.3851648071345,0,"Close",11,0,0,0,0
"92","Andrew Wiggins",3059319,401070805,"2019",0,23.0867927612304,0,"ThreePoint",12,0,0,0,0
"93","Andrew Wiggins",3059319,401070805,"2019",1,26.4007575648882,0,"ThreePoint",13,0,0,0,0
"94","Andrew Wiggins",3059319,401070805,"2019",1,24.0416305603426,0,"ThreePoint",14,1,0,0,1
"95","Andrew Wiggins",3059319,401070805,"2019",1,16.6433169770932,0,"Midrange",15,1,1,0,2
"96","Andrew Wiggins",3059319,401070805,"2019",1,26.4007575648882,1,"ThreePoint",16,1,1,1,3
"97","Andrew Wiggins",3059319,401070805,"2019",0,29.698484809835,1,"ThreePoint",17,1,1,1,3
"98","Andrew Wiggins",3059319,401070805,"2019",1,2.23606797749979,0,"Close",18,0,1,1,2
"99","Andrew Wiggins",3059319,401070805,"2019",0,6.08276253029822,0,"Close",19,1,0,1,2
"100","Andrew Wiggins",3059319,401070805,"2019",0,17.2046505340853,0,"Midrange",20,0,1,0,1
"101","Andrew Wiggins",3059319,401070805,"2019",0,27.2029410174709,0,"ThreePoint",21,0,0,1,1
"102","Andrew Wiggins",3059319,401070805,"2019",1,1.4142135623731,0,"Close",22,0,0,0,0
"103","Andrew Wiggins",3059319,401070805,"2019",0,26.4007575648882,0,"ThreePoint",23,1,0,0,1
"104","Anfernee Simons",4351851,401468644,"2023",1,12.0830459735946,0,"Midrange",1,NA,NA,NA,NA
"105","Anfernee Simons",4351851,401468644,"2023",0,25.0599281722833,0,"ThreePoint",2,1,NA,NA,NA
"106","Anfernee Simons",4351851,401468644,"2023",0,28.0178514522438,0,"ThreePoint",3,0,1,NA,NA
"107","Anfernee Simons",4351851,401468644,"2023",0,17.7200451466693,0,"Midrange",4,0,0,1,1
"108","Anfernee Simons",4351851,401468644,"2023",0,12.0415945787923,0,"Midrange",5,0,0,0,0
"109","Anfernee Simons",4351851,401468644,"2023",0,26.4764045897475,0,"ThreePoint",6,0,0,0,0
"110","Anfernee Simons",4351851,401468644,"2023",1,2,0,"Close",7,0,0,0,0
"111","Anfernee Simons",4351851,401468644,"2023",1,2.23606797749979,0,"Close",8,1,0,0,1
"112","Anfernee Simons",4351851,401468644,"2023",0,16.0312195418814,0,"Midrange",9,1,1,0,2
"113","Anfernee Simons",4351851,401468644,"2023",0,26.3058928759318,0,"ThreePoint",10,0,1,1,2
"114","Anfernee Simons",4351851,401468644,"2023",0,3,0,"Close",11,0,0,1,1
"115","Anfernee Simons",4351851,401468644,"2023",1,2.82842712474619,0,"Close",12,0,0,0,0
"116","Anfernee Simons",4351851,401468644,"2023",0,26.4196896272458,0,"ThreePoint",13,1,0,0,1
"117","Anfernee Simons",4351851,401468644,"2023",0,3.60555127546399,0,"Close",14,0,1,0,1
"118","Anfernee Simons",4351851,401468644,"2023",1,27.2029410174709,0,"ThreePoint",15,0,0,1,1
"119","Anfernee Simons",4351851,401468644,"2023",0,14.8660687473185,0,"Midrange",16,1,0,0,1
"120","Anfernee Simons",4351851,401468644,"2023",0,25,0,"ThreePoint",17,0,1,0,1
"121","Anfernee Simons",4351851,401468644,"2023",0,24.7588368062799,0,"ThreePoint",18,0,0,1,1
"122","Anfernee Simons",4351851,401468644,"2023",0,5,0,"Close",19,0,0,0,0
"123","Anfernee Simons",4351851,401468644,"2023",1,15.8113883008419,0,"Midrange",20,0,0,0,0
"124","Anfernee Simons",4351851,401468644,"2023",0,24.738633753706,0,"ThreePoint",21,1,0,0,1
"125","Anfernee Simons",4351851,401468644,"2023",0,27.0185121722126,0,"ThreePoint",22,0,1,0,1
"126","Anthony Davis",6583,400975692,"2018",0,4,0,"Close",1,NA,NA,NA,NA
"127","Anthony Davis",6583,400975692,"2018",1,5.3851648071345,0,"Close",2,0,NA,NA,NA
"128","Anthony Davis",6583,400975692,"2018",0,2.23606797749979,0,"Close",3,1,0,NA,NA
"129","Anthony Davis",6583,400975692,"2018",1,1,0,"Close",4,0,1,0,1
"130","Anthony Davis",6583,400975692,"2018",0,11.6619037896906,0,"Midrange",5,1,0,1,2
"131","Anthony Davis",6583,400975692,"2018",1,2,0,"Close",6,0,1,0,1
"132","Anthony Davis",6583,400975692,"2018",0,11.4017542509914,0,"Midrange",7,1,0,1,2
"133","Anthony Davis",6583,400975692,"2018",1,3,0,"Close",8,0,1,0,1
"134","Anthony Davis",6583,400975692,"2018",0,18.4390889145858,0,"Midrange",9,1,0,1,2
"135","Anthony Davis",6583,400975692,"2018",0,3.16227766016838,0,"Close",10,0,1,0,1
"136","Anthony Davis",6583,400975692,"2018",1,1.4142135623731,0,"Close",11,0,0,1,1
"137","Anthony Davis",6583,400975692,"2018",1,1,0,"Close",12,1,0,0,1
"138","Anthony Davis",6583,400975692,"2018",0,29.2745623366089,0,"ThreePoint",13,1,1,0,2
"139","Anthony Davis",6583,400975692,"2018",0,8.54400374531753,0,"Midrange",14,0,1,1,2
"140","Anthony Davis",6583,400975692,"2018",0,16.7630546142402,0,"Midrange",15,0,0,1,1
"141","Anthony Davis",6583,400975692,"2018",1,10.770329614269,0,"Midrange",16,0,0,0,0
"142","Anthony Davis",6583,400975692,"2018",1,0,0,"Close",17,1,0,0,1
"143","Anthony Davis",6583,400975692,"2018",0,21.9544984001001,0,"Midrange",18,1,1,0,2
"144","Anthony Davis",6583,400975692,"2018",1,1,0,"Close",19,0,1,1,2
"145","Anthony Davis",6583,401584114,"2024",0,13.0384048104053,0,"Midrange",1,NA,NA,NA,NA
"146","Anthony Davis",6583,401584114,"2024",0,24.0208242989286,0,"ThreePoint",2,0,NA,NA,NA
"147","Anthony Davis",6583,401584114,"2024",1,3.16227766016838,0,"Close",3,0,0,NA,NA
"148","Anthony Davis",6583,401584114,"2024",1,2,0,"Close",4,1,0,0,1
"149","Anthony Davis",6583,401584114,"2024",0,4.47213595499958,0,"Close",5,1,1,0,2
"150","Anthony Davis",6583,401584114,"2024",1,4,0,"Close",6,0,1,1,2
"151","Anthony Davis",6583,401584114,"2024",1,0,0,"Close",7,1,0,1,2
"152","Anthony Davis",6583,401584114,"2024",1,0,0,"Close",8,1,1,0,2
"153","Anthony Davis",6583,401584114,"2024",1,2,1,"Close",9,1,1,1,3
"154","Anthony Davis",6583,401584114,"2024",1,3,1,"Close",10,1,1,1,3
"155","Anthony Davis",6583,401584114,"2024",0,2.23606797749979,1,"Close",11,1,1,1,3
"156","Anthony Davis",6583,401585031,"2024",0,11.1803398874989,0,"Midrange",1,NA,NA,NA,NA
"157","Anthony Davis",6583,401585031,"2024",0,6.32455532033676,0,"Close",2,0,NA,NA,NA
"158","Anthony Davis",6583,401585031,"2024",1,0,0,"Close",3,0,0,NA,NA
"159","Anthony Davis",6583,401585031,"2024",1,0,0,"Close",4,1,0,0,1
"160","Anthony Davis",6583,401585031,"2024",1,8.24621125123532,0,"Midrange",5,1,1,0,2
"161","Anthony Davis",6583,401585031,"2024",0,6.40312423743285,1,"Close",6,1,1,1,3
"162","Anthony Davis",6583,401585031,"2024",1,4,0,"Close",7,0,1,1,2
"163","Anthony Davis",6583,401585031,"2024",1,8,0,"Close",8,1,0,1,2
"164","Anthony Davis",6583,401585031,"2024",1,15.6524758424985,0,"Midrange",9,1,1,0,2
"165","Anthony Davis",6583,401585031,"2024",1,4.12310562561766,1,"Close",10,1,1,1,3
"166","Anthony Davis",6583,401585031,"2024",0,15.8113883008419,1,"Midrange",11,1,1,1,3
"167","Anthony Davis",6583,401585031,"2024",1,27.2946881279124,0,"ThreePoint",12,0,1,1,2
"168","Anthony Davis",6583,401585031,"2024",1,4.47213595499958,0,"Close",13,1,0,1,2
"169","Anthony Davis",6583,401585031,"2024",0,25.8069758011279,0,"ThreePoint",14,1,1,0,2
"170","Anthony Davis",6583,401585031,"2024",0,8,0,"Close",15,0,1,1,2
"171","Anthony Davis",6583,401585031,"2024",0,7.28010988928052,0,"Close",16,0,0,1,1
"172","Anthony Davis",6583,401585031,"2024",0,6.32455532033676,0,"Close",17,0,0,0,0
"173","Anthony Davis",6583,401585031,"2024",1,4.12310562561766,0,"Close",18,0,0,0,0
"174","Anthony Davis",6583,401585031,"2024",0,8,0,"Close",19,1,0,0,1
"175","Anthony Davis",6583,401585031,"2024",1,3.16227766016838,0,"Close",20,0,1,0,1
"176","Anthony Davis",6583,401585031,"2024",1,5.3851648071345,0,"Close",21,1,0,1,2
"177","Anthony Davis",6583,401585031,"2024",0,5.09901951359278,0,"Close",22,1,1,0,2
"178","Anthony Davis",6583,401585031,"2024",1,2.23606797749979,0,"Close",23,0,1,1,2
"179","Anthony Davis",6583,401585031,"2024",1,25.8069758011279,0,"ThreePoint",24,1,0,1,2
"180","Anthony Davis",6583,401585031,"2024",1,8.06225774829855,0,"Midrange",25,1,1,0,2
"181","Anthony Davis",6583,401585031,"2024",0,27.2029410174709,1,"ThreePoint",26,1,1,1,3
"182","Anthony Davis",6583,401585278,"2024",1,0,0,"Close",1,NA,NA,NA,NA
"183","Anthony Davis",6583,401585278,"2024",0,17.0293863659264,0,"Midrange",2,1,NA,NA,NA
"184","Anthony Davis",6583,401585278,"2024",1,9.21954445729289,0,"Midrange",3,0,1,NA,NA
"185","Anthony Davis",6583,401585278,"2024",0,18.9736659610103,0,"Midrange",4,1,0,1,2
"186","Anthony Davis",6583,401585278,"2024",1,8.06225774829855,0,"Midrange",5,0,1,0,1
"187","Anthony Davis",6583,401585278,"2024",1,7.21110255092798,0,"Close",6,1,0,1,2
"188","Anthony Davis",6583,401585278,"2024",1,8.60232526704263,0,"Midrange",7,1,1,0,2
"189","Anthony Davis",6583,401585278,"2024",1,4.47213595499958,1,"Close",8,1,1,1,3
"190","Anthony Davis",6583,401585278,"2024",1,3.16227766016838,1,"Close",9,1,1,1,3
"191","Anthony Davis",6583,401585278,"2024",0,20.0249843945008,1,"Midrange",10,1,1,1,3
"192","Anthony Davis",6583,401585278,"2024",0,8,0,"Close",11,0,1,1,2
"193","Anthony Davis",6583,401585278,"2024",0,4.24264068711928,0,"Close",12,0,0,1,1
"194","Anthony Davis",6583,401585278,"2024",1,11.0453610171873,0,"Midrange",13,0,0,0,0
"195","Anthony Davis",6583,401585278,"2024",0,26.2488094968134,0,"ThreePoint",14,1,0,0,1
"196","Anthony Davis",6583,401585278,"2024",0,10.0498756211209,0,"Midrange",15,0,1,0,1
"197","Anthony Davis",6583,401585278,"2024",1,8.54400374531753,0,"Midrange",16,0,0,1,1
"198","Anthony Davis",6583,401585278,"2024",0,6.40312423743285,0,"Close",17,1,0,0,1
"199","Anthony Davis",6583,401585278,"2024",0,3.60555127546399,0,"Close",18,0,1,0,1
"200","Anthony Davis",6583,401585278,"2024",0,0,0,"Close",19,0,0,1,1
"201","Anthony Davis",6583,401585278,"2024",1,15.2315462117278,0,"Midrange",20,0,0,0,0
"202","Anthony Davis",6583,401585278,"2024",0,23.0217288664427,0,"ThreePoint",21,1,0,0,1
"203","Anthony Davis",6583,401585278,"2024",0,28.3019433961698,0,"ThreePoint",22,0,1,0,1
"204","Anthony Davis",6583,401585278,"2024",1,5,0,"Close",23,0,0,1,1
"205","Anthony Davis",6583,401585278,"2024",0,24.0831891575846,0,"ThreePoint",24,1,0,0,1
"206","Anthony Edwards",4594268,401267282,"2021",0,26.9258240356725,0,"ThreePoint",1,NA,NA,NA,NA
"207","Anthony Edwards",4594268,401267282,"2021",0,25,0,"ThreePoint",2,0,NA,NA,NA
"208","Anthony Edwards",4594268,401267282,"2021",1,1,0,"Close",3,0,0,NA,NA
"209","Anthony Edwards",4594268,401267282,"2021",1,25.6320112359526,0,"ThreePoint",4,1,0,0,1
"210","Anthony Edwards",4594268,401267282,"2021",0,50.1597448159378,0,"ThreePoint",5,1,1,0,2
"211","Anthony Edwards",4594268,401267282,"2021",0,1.4142135623731,0,"Close",6,0,1,1,2
"212","Anthony Edwards",4594268,401267282,"2021",1,0,0,"Close",7,0,0,1,1
"213","Anthony Edwards",4594268,401267282,"2021",0,2.23606797749979,0,"Close",8,1,0,0,1
"214","Anthony Edwards",4594268,401267282,"2021",0,25.9615099714943,0,"ThreePoint",9,0,1,0,1
"215","Anthony Edwards",4594268,401267282,"2021",1,27.8028775489157,0,"ThreePoint",10,0,0,1,1
"216","Anthony Edwards",4594268,401267282,"2021",0,26.4007575648882,0,"ThreePoint",11,1,0,0,1
"217","Anthony Edwards",4594268,401267282,"2021",1,10,0,"Midrange",12,0,1,0,1
"218","Anthony Edwards",4594268,401267282,"2021",1,24.7588368062799,0,"ThreePoint",13,1,0,1,2
"219","Anthony Edwards",4594268,401267282,"2021",0,1.4142135623731,0,"Close",14,1,1,0,2
"220","Anthony Edwards",4594268,401267282,"2021",0,26.2488094968134,0,"ThreePoint",15,0,1,1,2
"221","Anthony Edwards",4594268,401267282,"2021",0,2.82842712474619,0,"Close",16,0,0,1,1
"222","Anthony Edwards",4594268,401267282,"2021",1,1.4142135623731,0,"Close",17,0,0,0,0
"223","Anthony Edwards",4594268,401267282,"2021",1,1.4142135623731,0,"Close",18,1,0,0,1
"224","Anthony Edwards",4594268,401267282,"2021",1,3,0,"Close",19,1,1,0,2
"225","Anthony Edwards",4594268,401267282,"2021",0,11.4017542509914,1,"Midrange",20,1,1,1,3
"226","Anthony Edwards",4594268,401267282,"2021",0,26.4007575648882,0,"ThreePoint",21,0,1,1,2
"227","Anthony Edwards",4594268,401360843,"2022",0,6.70820393249937,0,"Close",1,NA,NA,NA,NA
"228","Anthony Edwards",4594268,401360843,"2022",1,25.0798724079689,0,"ThreePoint",2,0,NA,NA,NA
"229","Anthony Edwards",4594268,401360843,"2022",0,1,0,"Close",3,1,0,NA,NA
"230","Anthony Edwards",4594268,401360843,"2022",0,24,0,"ThreePoint",4,0,1,0,1
"231","Anthony Edwards",4594268,401360843,"2022",0,5,0,"Close",5,0,0,1,1
"232","Anthony Edwards",4594268,401360843,"2022",0,5,0,"Close",6,0,0,0,0
"233","Anthony Edwards",4594268,401360843,"2022",1,2.23606797749979,0,"Close",7,0,0,0,0
"234","Anthony Edwards",4594268,401705386,"2025",0,26.1725046566048,0,"ThreePoint",1,NA,NA,NA,NA
"235","Anthony Edwards",4594268,401705386,"2025",0,26,0,"ThreePoint",2,0,NA,NA,NA
"236","Anthony Edwards",4594268,401705386,"2025",1,16.0312195418814,0,"Midrange",3,0,0,NA,NA
"237","Anthony Edwards",4594268,401705386,"2025",0,26.2488094968134,0,"ThreePoint",4,1,0,0,1
"238","Anthony Edwards",4594268,401705386,"2025",0,18.3575597506858,0,"Midrange",5,0,1,0,1
"239","Anthony Edwards",4594268,401705386,"2025",0,23.7065391822594,0,"ThreePoint",6,0,0,1,1
"240","Anthony Edwards",4594268,401705386,"2025",0,27.6586333718787,0,"ThreePoint",7,0,0,0,0
"241","Anthony Edwards",4594268,401705386,"2025",1,5.8309518948453,0,"Close",8,0,0,0,0
"242","Anthony Edwards",4594268,401705386,"2025",1,26,0,"ThreePoint",9,1,0,0,1
"243","Anthony Edwards",4594268,401705386,"2025",0,27.6586333718787,0,"ThreePoint",10,1,1,0,2
"244","Anthony Edwards",4594268,401705386,"2025",0,26.4007575648882,0,"ThreePoint",11,0,1,1,2
"245","Anthony Edwards",4594268,401705386,"2025",1,26.8328157299975,0,"ThreePoint",12,0,0,1,1
"246","Anthony Edwards",4594268,401705386,"2025",0,7.21110255092798,0,"Close",13,1,0,0,1
"247","Anthony Edwards",4594268,401705386,"2025",1,23,0,"ThreePoint",14,0,1,0,1
"248","Anthony Edwards",4594268,401705386,"2025",1,23,0,"ThreePoint",15,1,0,1,2
"249","Anthony Edwards",4594268,401705386,"2025",0,28.0178514522438,0,"ThreePoint",16,1,1,0,2
"250","Anthony Edwards",4594268,401705386,"2025",0,58.8727441181401,0,"ThreePoint",17,0,1,1,2
"251","Anthony Edwards",4594268,401705386,"2025",1,4.12310562561766,0,"Close",18,0,0,1,1
"252","Anthony Edwards",4594268,401705386,"2025",0,7.21110255092798,0,"Close",19,1,0,0,1
"253","Anthony Edwards",4594268,401705386,"2025",1,7.07106781186548,0,"Close",20,0,1,0,1
"254","Anthony Edwards",4594268,401705386,"2025",0,25.9422435421457,0,"ThreePoint",21,1,0,1,2
"255","Austin Reaves",4066457,401705151,"2025",1,4.12310562561766,0,"Close",1,NA,NA,NA,NA
"256","Austin Reaves",4066457,401705151,"2025",0,27.5862284482674,0,"ThreePoint",2,1,NA,NA,NA
"257","Austin Reaves",4066457,401705151,"2025",0,3.60555127546399,0,"Close",3,0,1,NA,NA
"258","Austin Reaves",4066457,401705151,"2025",1,2,0,"Close",4,0,0,1,1
"259","Austin Reaves",4066457,401705151,"2025",1,24.0831891575846,0,"ThreePoint",5,1,0,0,1
"260","Austin Reaves",4066457,401705151,"2025",1,2.82842712474619,0,"Close",6,1,1,0,2
"261","Austin Reaves",4066457,401705151,"2025",1,1,1,"Close",7,1,1,1,3
"262","Austin Reaves",4066457,401705151,"2025",1,2.23606797749979,1,"Close",8,1,1,1,3
"263","Austin Reaves",4066457,401705151,"2025",0,2,1,"Close",9,1,1,1,3
"264","Austin Reaves",4066457,401705151,"2025",0,4.47213595499958,0,"Close",10,0,1,1,2
"265","Austin Reaves",4066457,401705151,"2025",0,28.1602556806574,0,"ThreePoint",11,0,0,1,1
"266","Austin Reaves",4066457,401705151,"2025",1,12.0830459735946,0,"Midrange",12,0,0,0,0
"267","Austin Reaves",4066457,401705151,"2025",1,7.07106781186548,0,"Close",13,1,0,0,1
"268","Austin Reaves",4066457,401705151,"2025",0,32.2490309931942,0,"ThreePoint",14,1,1,0,2
"269","Austin Reaves",4066457,401705151,"2025",1,25.8069758011279,0,"ThreePoint",15,0,1,1,2
"270","Austin Reaves",4066457,401705151,"2025",1,28.1602556806574,0,"ThreePoint",16,1,0,1,2
"271","Austin Reaves",4066457,401705151,"2025",1,13.3416640641263,0,"Midrange",17,1,1,0,2
"272","Austin Reaves",4066457,401705151,"2025",1,15.0332963783729,1,"Midrange",18,1,1,1,3
"273","Austin Reaves",4066457,401705151,"2025",1,27.7848879788996,1,"ThreePoint",19,1,1,1,3
"274","Austin Reaves",4066457,401705151,"2025",0,8.06225774829855,1,"Midrange",20,1,1,1,3
"275","Austin Reaves",4066457,401705151,"2025",0,5.09901951359278,0,"Close",21,0,1,1,2
"276","Austin Reaves",4066457,401705151,"2025",0,25.9422435421457,0,"ThreePoint",22,0,0,1,1
"277","Austin Reaves",4066457,401705151,"2025",0,6.70820393249937,0,"Close",23,0,0,0,0
"278","Austin Reaves",4066457,401705240,"2025",1,24.6981780704569,0,"ThreePoint",1,NA,NA,NA,NA
"279","Austin Reaves",4066457,401705240,"2025",0,5.3851648071345,0,"Close",2,1,NA,NA,NA
"280","Austin Reaves",4066457,401705240,"2025",1,23,0,"ThreePoint",3,0,1,NA,NA
"281","Austin Reaves",4066457,401705240,"2025",1,3,0,"Close",4,1,0,1,2
"282","Austin Reaves",4066457,401705240,"2025",0,14.2126704035519,0,"Midrange",5,1,1,0,2
"283","Austin Reaves",4066457,401705240,"2025",0,7.07106781186548,0,"Close",6,0,1,1,2
"284","Austin Reaves",4066457,401705240,"2025",0,28.2842712474619,0,"ThreePoint",7,0,0,1,1
"285","Austin Reaves",4066457,401705240,"2025",0,6.70820393249937,0,"Close",8,0,0,0,0
"286","Austin Reaves",4066457,401705240,"2025",1,28,0,"ThreePoint",9,0,0,0,0
"287","Austin Reaves",4066457,401705240,"2025",0,31.6227766016838,0,"ThreePoint",10,1,0,0,1
"288","Austin Reaves",4066457,401705240,"2025",0,7.28010988928052,0,"Close",11,0,1,0,1
"289","Austin Reaves",4066457,401705240,"2025",1,15.52417469626,0,"Midrange",12,0,0,1,1
"290","Austin Reaves",4066457,401705240,"2025",1,31.4006369362152,0,"ThreePoint",13,1,0,0,1
"291","Austin Reaves",4066457,401705240,"2025",0,27.7848879788996,0,"ThreePoint",14,1,1,0,2
"292","Avery Bradley",4240,400827911,"2016",1,19.723082923316,0,"Midrange",1,NA,NA,NA,NA
"293","Avery Bradley",4240,400827911,"2016",1,25.6320112359526,0,"ThreePoint",2,1,NA,NA,NA
"294","Avery Bradley",4240,400827911,"2016",0,17.464249196573,0,"Midrange",3,1,1,NA,NA
"295","Avery Bradley",4240,400827911,"2016",1,26.8328157299975,0,"ThreePoint",4,0,1,1,2
"296","Avery Bradley",4240,400827911,"2016",0,17.464249196573,0,"Midrange",5,1,0,1,2
"297","Avery Bradley",4240,400827911,"2016",0,24.3310501211929,0,"ThreePoint",6,0,1,0,1
"298","Avery Bradley",4240,400827911,"2016",0,24.1867732448956,0,"ThreePoint",7,0,0,1,1
"299","Avery Bradley",4240,400827911,"2016",1,26.1725046566048,0,"ThreePoint",8,0,0,0,0
"300","Avery Bradley",4240,400827911,"2016",0,23.43074902772,0,"ThreePoint",9,1,0,0,1
"301","Avery Bradley",4240,400827911,"2016",0,24.7588368062799,0,"ThreePoint",10,0,1,0,1
"302","Avery Bradley",4240,400827911,"2016",0,26.4007575648882,0,"ThreePoint",11,0,0,1,1
"303","Bam Adebayo",4066261,401585117,"2024",0,16.6433169770932,0,"Midrange",1,NA,NA,NA,NA
"304","Bam Adebayo",4066261,401585117,"2024",0,3.60555127546399,0,"Close",2,0,NA,NA,NA
"305","Bam Adebayo",4066261,401585117,"2024",0,2.23606797749979,0,"Close",3,0,0,NA,NA
"306","Bam Adebayo",4066261,401585117,"2024",0,5.09901951359278,0,"Close",4,0,0,0,0
"307","Bam Adebayo",4066261,401585117,"2024",0,18.3847763108502,0,"Midrange",5,0,0,0,0
"308","Bam Adebayo",4066261,401585117,"2024",1,1.4142135623731,0,"Close",6,0,0,0,0
"309","Bam Adebayo",4066261,401585117,"2024",1,2.23606797749979,0,"Close",7,1,0,0,1
"310","Bam Adebayo",4066261,401585117,"2024",1,16.2788205960997,0,"Midrange",8,1,1,0,2
"311","Bam Adebayo",4066261,401585117,"2024",1,2.23606797749979,1,"Close",9,1,1,1,3
"312","Bam Adebayo",4066261,401585117,"2024",0,12.8062484748657,1,"Midrange",10,1,1,1,3
"313","Bam Adebayo",4066261,401585117,"2024",1,16.0312195418814,0,"Midrange",11,0,1,1,2
"314","Bam Adebayo",4066261,401585117,"2024",1,1,0,"Close",12,1,0,1,2
"315","Bam Adebayo",4066261,401585117,"2024",0,10.0498756211209,0,"Midrange",13,1,1,0,2
"316","Bam Adebayo",4066261,401585117,"2024",1,1,0,"Close",14,0,1,1,2
"317","Bam Adebayo",4066261,401585117,"2024",0,10,0,"Midrange",15,1,0,1,2
"318","Bam Adebayo",4066261,401585117,"2024",1,13.1529464379659,0,"Midrange",16,0,1,0,1
"319","Bam Adebayo",4066261,401585117,"2024",1,1,0,"Close",17,1,0,1,2
"320","Bam Adebayo",4066261,401585117,"2024",1,2.23606797749979,0,"Close",18,1,1,0,2
"321","Bam Adebayo",4066261,401585117,"2024",1,8.24621125123532,1,"Midrange",19,1,1,1,3
"322","Bam Adebayo",4066261,401704760,"2025",0,16.1245154965971,0,"Midrange",1,NA,NA,NA,NA
"323","Bam Adebayo",4066261,401704760,"2025",0,12.1655250605964,0,"Midrange",2,0,NA,NA,NA
"324","Bam Adebayo",4066261,401704760,"2025",1,2.23606797749979,0,"Close",3,0,0,NA,NA
"325","Bam Adebayo",4066261,401704760,"2025",1,1.4142135623731,0,"Close",4,1,0,0,1
"326","Bam Adebayo",4066261,401704760,"2025",1,26.1725046566048,0,"ThreePoint",5,1,1,0,2
"327","Bam Adebayo",4066261,401704760,"2025",0,10.0498756211209,1,"Midrange",6,1,1,1,3
"328","Bam Adebayo",4066261,401704760,"2025",1,5.8309518948453,0,"Close",7,0,1,1,2
"329","Bam Adebayo",4066261,401704760,"2025",0,5,0,"Close",8,1,0,1,2
"330","Bam Adebayo",4066261,401704760,"2025",0,3,0,"Close",9,0,1,0,1
"331","Bam Adebayo",4066261,401704760,"2025",0,26.1725046566048,0,"ThreePoint",10,0,0,1,1
"332","Bam Adebayo",4066261,401704760,"2025",1,1.4142135623731,0,"Close",11,0,0,0,0
"333","Bam Adebayo",4066261,401704760,"2025",0,26.4764045897475,0,"ThreePoint",12,1,0,0,1
"334","Bam Adebayo",4066261,401704760,"2025",0,35.3553390593274,0,"ThreePoint",13,0,1,0,1
"335","Bam Adebayo",4066261,401704760,"2025",0,7.28010988928052,0,"Close",14,0,0,1,1
"336","Bam Adebayo",4066261,401704760,"2025",0,26.4764045897475,0,"ThreePoint",15,0,0,0,0
"337","Bam Adebayo",4066261,401704760,"2025",0,10.295630140987,0,"Midrange",16,0,0,0,0
"338","Bam Adebayo",4066261,401704760,"2025",1,1.4142135623731,0,"Close",17,0,0,0,0
"339","Bam Adebayo",4066261,401704760,"2025",1,1.4142135623731,0,"Close",18,1,0,0,1
"340","Ben Simmons",3907387,400975152,"2018",0,1.4142135623731,0,"Close",1,NA,NA,NA,NA
"341","Ben Simmons",3907387,400975152,"2018",0,13.1529464379659,0,"Midrange",2,0,NA,NA,NA
"342","Ben Simmons",3907387,400975152,"2018",0,9.4339811320566,0,"Midrange",3,0,0,NA,NA
"343","Ben Simmons",3907387,400975152,"2018",0,6.70820393249937,0,"Close",4,0,0,0,0
"344","Ben Simmons",3907387,400975152,"2018",0,1,0,"Close",5,0,0,0,0
"345","Ben Simmons",3907387,400975152,"2018",1,2,0,"Close",6,0,0,0,0
"346","Ben Simmons",3907387,400975152,"2018",1,2,0,"Close",7,1,0,0,1
"347","Ben Simmons",3907387,400975152,"2018",1,2,0,"Close",8,1,1,0,2
"348","Blake Griffin",3989,400899670,"2017",0,18.0277563773199,0,"Midrange",1,NA,NA,NA,NA
"349","Blake Griffin",3989,400899670,"2017",0,1,0,"Close",2,0,NA,NA,NA
"350","Blake Griffin",3989,400899670,"2017",0,16.5529453572468,0,"Midrange",3,0,0,NA,NA
"351","Blake Griffin",3989,400899670,"2017",1,17.2626765016321,0,"Midrange",4,0,0,0,0
"352","Blake Griffin",3989,400899670,"2017",1,0,0,"Close",5,1,0,0,1
"353","Blake Griffin",3989,400899670,"2017",1,17.6918060129541,0,"Midrange",6,1,1,0,2
"354","Blake Griffin",3989,400899670,"2017",0,2.23606797749979,1,"Close",7,1,1,1,3
"355","Blake Griffin",3989,400899670,"2017",1,23.0217288664427,0,"ThreePoint",8,0,1,1,2
"356","Blake Griffin",3989,400899670,"2017",0,19.313207915828,0,"Midrange",9,1,0,1,2
"357","Blake Griffin",3989,400899670,"2017",0,20.2484567313166,0,"Midrange",10,0,1,0,1
"358","Bradley Beal",6580,400975386,"2018",0,13.6014705087354,0,"Midrange",1,NA,NA,NA,NA
"359","Bradley Beal",6580,400975386,"2018",1,25.4950975679639,0,"ThreePoint",2,0,NA,NA,NA
"360","Bradley Beal",6580,400975386,"2018",1,9,0,"Midrange",3,1,0,NA,NA
"361","Bradley Beal",6580,400975386,"2018",1,3.60555127546399,0,"Close",4,1,1,0,2
"362","Bradley Beal",6580,400975386,"2018",1,12.0830459735946,1,"Midrange",5,1,1,1,3
"363","Bradley Beal",6580,400975386,"2018",1,20.591260281974,1,"Midrange",6,1,1,1,3
"364","Bradley Beal",6580,400975386,"2018",1,13.0384048104053,1,"Midrange",7,1,1,1,3
"365","Bradley Beal",6580,400975386,"2018",0,28.6530975637888,1,"ThreePoint",8,1,1,1,3
"366","Bradley Beal",6580,400975386,"2018",0,25.4950975679639,0,"ThreePoint",9,0,1,1,2
"367","Bradley Beal",6580,400975386,"2018",0,5.65685424949238,0,"Close",10,0,0,1,1
"368","Bradley Beal",6580,400975386,"2018",0,25.9422435421457,0,"ThreePoint",11,0,0,0,0
"369","Bradley Beal",6580,400975386,"2018",1,2.23606797749979,0,"Close",12,0,0,0,0
"370","Bradley Beal",6580,400975386,"2018",1,12.0830459735946,0,"Midrange",13,1,0,0,1
"371","Bradley Beal",6580,400975386,"2018",0,25.6124969497314,0,"ThreePoint",14,1,1,0,2
"372","Bradley Beal",6580,400975386,"2018",0,16.1245154965971,0,"Midrange",15,0,1,1,2
"373","Bradley Beal",6580,400975386,"2018",0,26.5706605111728,0,"ThreePoint",16,0,0,1,1
"374","Bradley Beal",6580,400975386,"2018",0,24.6981780704569,0,"ThreePoint",17,0,0,0,0
"375","Bradley Beal",6580,401070952,"2019",1,17.6918060129541,0,"Midrange",1,NA,NA,NA,NA
"376","Bradley Beal",6580,401070952,"2019",0,6.08276253029822,0,"Close",2,1,NA,NA,NA
"377","Bradley Beal",6580,401070952,"2019",1,21.3775583264319,0,"Midrange",3,0,1,NA,NA
"378","Bradley Beal",6580,401070952,"2019",1,2,0,"Close",4,1,0,1,2
"379","Bradley Beal",6580,401070952,"2019",1,6.08276253029822,0,"Close",5,1,1,0,2
"380","Bradley Beal",6580,401070952,"2019",0,6,1,"Close",6,1,1,1,3
"381","Bradley Beal",6580,401070952,"2019",0,21.9317121994613,0,"Midrange",7,0,1,1,2
"382","Bradley Beal",6580,401070952,"2019",1,1,0,"Close",8,0,0,1,1
"383","Bradley Beal",6580,401070952,"2019",0,15.0332963783729,0,"Midrange",9,1,0,0,1
"384","Bradley Beal",6580,401070952,"2019",1,23.1948270094864,0,"ThreePoint",10,0,1,0,1
"385","Bradley Beal",6580,401070952,"2019",0,26.4007575648882,0,"ThreePoint",11,1,0,1,2
"386","Bradley Beal",6580,401070952,"2019",1,19.723082923316,0,"Midrange",12,0,1,0,1
"387","Bradley Beal",6580,401070952,"2019",0,18.1107702762748,0,"Midrange",13,1,0,1,2
"388","Bradley Beal",6580,401070952,"2019",0,1.4142135623731,0,"Close",14,0,1,0,1
"389","Bradley Beal",6580,401070952,"2019",0,3.60555127546399,0,"Close",15,0,0,1,1
"390","Bradley Beal",6580,401070952,"2019",0,23.0867927612304,0,"ThreePoint",16,0,0,0,0
"391","Bradley Beal",6580,401071724,"2019",0,19.4164878389476,0,"Midrange",1,NA,NA,NA,NA
"392","Bradley Beal",6580,401071724,"2019",0,26.9072480941474,0,"ThreePoint",2,0,NA,NA,NA
"393","Bradley Beal",6580,401071724,"2019",0,25.8069758011279,0,"ThreePoint",3,0,0,NA,NA
"394","Bradley Beal",6580,401071724,"2019",1,19.2353840616713,0,"Midrange",4,0,0,0,0
"395","Bradley Beal",6580,401071724,"2019",0,27.8926513619627,0,"ThreePoint",5,1,0,0,1
"396","Bradley Beal",6580,401071724,"2019",1,14.560219778561,0,"Midrange",6,0,1,0,1
"397","Bradley Beal",6580,401071724,"2019",0,5.09901951359278,0,"Close",7,1,0,1,2
"398","Bradley Beal",6580,401071724,"2019",0,14.3178210632764,0,"Midrange",8,0,1,0,1
"399","Bradley Beal",6580,401071724,"2019",0,4.24264068711928,0,"Close",9,0,0,1,1
"400","Bradley Beal",6580,401071724,"2019",1,19.6977156035922,0,"Midrange",10,0,0,0,0
"401","Bradley Beal",6580,401071724,"2019",1,4.12310562561766,0,"Close",11,1,0,0,1
"402","Bradley Beal",6580,401071724,"2019",0,5.65685424949238,0,"Close",12,1,1,0,2
"403","Bradley Beal",6580,401307404,"2021",1,15.0332963783729,0,"Midrange",1,NA,NA,NA,NA
"404","Bradley Beal",6580,401307404,"2021",0,14.3178210632764,0,"Midrange",2,1,NA,NA,NA
"405","Bradley Beal",6580,401307404,"2021",1,3.16227766016838,0,"Close",3,0,1,NA,NA
"406","Bradley Beal",6580,401307404,"2021",1,6.32455532033676,0,"Close",4,1,0,1,2
"407","Bradley Beal",6580,401307404,"2021",1,21.2132034355964,0,"Midrange",5,1,1,0,2
"408","Bradley Beal",6580,401307404,"2021",1,7.07106781186548,1,"Close",6,1,1,1,3
"409","Bradley Beal",6580,401307404,"2021",0,27.6586333718787,1,"ThreePoint",7,1,1,1,3
"410","Bradley Beal",6580,401307404,"2021",0,4.47213595499958,0,"Close",8,0,1,1,2
"411","Bradley Beal",6580,401307404,"2021",1,12.8062484748657,0,"Midrange",9,0,0,1,1
"412","Bradley Beal",6580,401307404,"2021",0,26.0768096208106,0,"ThreePoint",10,1,0,0,1
"413","Bradley Beal",6580,401307404,"2021",0,15.2315462117278,0,"Midrange",11,0,1,0,1
"414","Bradley Beal",6580,401307404,"2021",1,13.9283882771841,0,"Midrange",12,0,0,1,1
"415","Bradley Beal",6580,401307404,"2021",1,16.1245154965971,0,"Midrange",13,1,0,0,1
"416","Bradley Beal",6580,401307404,"2021",1,5,0,"Close",14,1,1,0,2
"417","Bradley Beal",6580,401307404,"2021",1,5,1,"Close",15,1,1,1,3
"418","Bradley Beal",6580,401307404,"2021",1,17.6918060129541,1,"Midrange",16,1,1,1,3
"419","Bradley Beal",6580,401307404,"2021",0,26.9072480941474,1,"ThreePoint",17,1,1,1,3
"420","Bradley Beal",6580,401307404,"2021",1,4.24264068711928,0,"Close",18,0,1,1,2
"421","Bradley Beal",6580,401307404,"2021",0,26.1725046566048,0,"ThreePoint",19,1,0,1,2
"422","Bradley Beal",6580,401307404,"2021",0,27.2029410174709,0,"ThreePoint",20,0,1,0,1
"423","Bradley Beal",6580,401307569,"2021",1,21.540659228538,0,"Midrange",1,NA,NA,NA,NA
"424","Bradley Beal",6580,401307569,"2021",1,5,0,"Close",2,1,NA,NA,NA
"425","Bradley Beal",6580,401307569,"2021",0,6,0,"Close",3,1,1,NA,NA
"426","Bradley Beal",6580,401307569,"2021",0,14.0356688476182,0,"Midrange",4,0,1,1,2
"427","Bradley Beal",6580,401307569,"2021",1,9.89949493661167,0,"Midrange",5,0,0,1,1
"428","Bradley Beal",6580,401307569,"2021",1,4,0,"Close",6,1,0,0,1
"429","Bradley Beal",6580,401307569,"2021",0,17,0,"Midrange",7,1,1,0,2
"430","Bradley Beal",6580,401307569,"2021",1,24.5967477524977,0,"ThreePoint",8,0,1,1,2
"431","Bradley Beal",6580,401307569,"2021",0,3.16227766016838,0,"Close",9,1,0,1,2
"432","Bradley Beal",6580,401307569,"2021",1,2.82842712474619,0,"Close",10,0,1,0,1
"433","Bradley Beal",6580,401307569,"2021",1,24.6981780704569,0,"ThreePoint",11,1,0,1,2
"434","Bradley Beal",6580,401307569,"2021",0,25.0798724079689,0,"ThreePoint",12,1,1,0,2
"435","Bradley Beal",6580,401307569,"2021",0,3.60555127546399,0,"Close",13,0,1,1,2
"436","Bradley Beal",6580,401307569,"2021",0,13.6014705087354,0,"Midrange",14,0,0,1,1
"437","Bradley Beal",6580,401307569,"2021",1,2.23606797749979,0,"Close",15,0,0,0,0
"438","Bradley Beal",6580,401307569,"2021",0,25.0199920063936,0,"ThreePoint",16,1,0,0,1
"439","Bradley Beal",6580,401307569,"2021",1,23.7697286480094,0,"ThreePoint",17,0,1,0,1
"440","Bradley Beal",6580,401307569,"2021",1,25.4950975679639,0,"ThreePoint",18,1,0,1,2
"441","Bradley Beal",6580,401307569,"2021",1,2.23606797749979,0,"Close",19,1,1,0,2
"442","Brandon Ingram",3913176,401161553,"2020",0,2.23606797749979,0,"Close",1,NA,NA,NA,NA
"443","Brandon Ingram",3913176,401161553,"2020",0,0,0,"Close",2,0,NA,NA,NA
"444","Brandon Ingram",3913176,401161553,"2020",0,1.4142135623731,0,"Close",3,0,0,NA,NA
"445","Brandon Ingram",3913176,401161553,"2020",1,1.4142135623731,0,"Close",4,0,0,0,0
"446","Brandon Ingram",3913176,401161553,"2020",0,16.4012194668567,0,"Midrange",5,1,0,0,1
"447","Brandon Ingram",3913176,401161553,"2020",1,1,0,"Close",6,0,1,0,1
"448","Brandon Ingram",3913176,401161553,"2020",1,16.4924225024706,0,"Midrange",7,1,0,1,2
"449","Brandon Ingram",3913176,401161553,"2020",1,1,0,"Close",8,1,1,0,2
"450","Brandon Ingram",3913176,401161553,"2020",1,1,1,"Close",9,1,1,1,3
"451","Brandon Ingram",3913176,401161553,"2020",0,23.0867927612304,1,"ThreePoint",10,1,1,1,3
"452","Brandon Ingram",3913176,401161553,"2020",1,23,0,"ThreePoint",11,0,1,1,2
"453","Brandon Ingram",3913176,401161553,"2020",1,24.8394846967484,0,"ThreePoint",12,1,0,1,2
"454","Brandon Ingram",3913176,401161553,"2020",1,24.6981780704569,0,"ThreePoint",13,1,1,0,2
"455","Brandon Ingram",3913176,401161553,"2020",0,28.3196045170126,1,"ThreePoint",14,1,1,1,3
"456","Brandon Ingram",3913176,401161553,"2020",1,2,0,"Close",15,0,1,1,2
"457","Brandon Ingram",3913176,401161553,"2020",0,24.8394846967484,0,"ThreePoint",16,1,0,1,2
"458","Brandon Ingram",3913176,401161553,"2020",0,23,0,"ThreePoint",17,0,1,0,1
"459","Brandon Ingram",3913176,401267559,"2021",0,13,0,"Midrange",1,NA,NA,NA,NA
"460","Brandon Ingram",3913176,401267559,"2021",1,24.1660919471891,0,"ThreePoint",2,0,NA,NA,NA
"461","Brandon Ingram",3913176,401267559,"2021",1,16.1245154965971,0,"Midrange",3,1,0,NA,NA
"462","Brandon Ingram",3913176,401267559,"2021",1,18.3847763108502,0,"Midrange",4,1,1,0,2
"463","Brandon Ingram",3913176,401267559,"2021",1,25.2388589282479,1,"ThreePoint",5,1,1,1,3
"464","Brandon Ingram",3913176,401267559,"2021",0,14.560219778561,1,"Midrange",6,1,1,1,3
"465","Brandon Ingram",3913176,401267559,"2021",1,13,0,"Midrange",7,0,1,1,2
"466","Brandon Ingram",3913176,401267559,"2021",1,11.6619037896906,0,"Midrange",8,1,0,1,2
"467","Brandon Ingram",3913176,401267559,"2021",0,25.4950975679639,0,"ThreePoint",9,1,1,0,2
"468","Brandon Ingram",3913176,401267559,"2021",1,1,0,"Close",10,0,1,1,2
"469","Brandon Ingram",3913176,401267559,"2021",0,13.1529464379659,0,"Midrange",11,1,0,1,2
"470","Brandon Ingram",3913176,401267559,"2021",0,25,0,"ThreePoint",12,0,1,0,1
"471","Brandon Ingram",3913176,401267559,"2021",0,23.0217288664427,0,"ThreePoint",13,0,0,1,1
"472","Brandon Ingram",3913176,401267559,"2021",1,24.738633753706,0,"ThreePoint",14,0,0,0,0
"473","Brandon Ingram",3913176,401267559,"2021",0,15.0332963783729,0,"Midrange",15,1,0,0,1
"474","Brandon Ingram",3913176,401267559,"2021",1,2,0,"Close",16,0,1,0,1
"475","Brandon Ingram",3913176,401267559,"2021",0,10,0,"Midrange",17,1,0,1,2
"476","Brandon Ingram",3913176,401267559,"2021",1,25,0,"ThreePoint",18,0,1,0,1
"477","Brandon Ingram",3913176,401267559,"2021",0,12.0415945787923,0,"Midrange",19,1,0,1,2
"478","Brandon Ingram",3913176,401267559,"2021",0,24.0416305603426,0,"ThreePoint",20,0,1,0,1
"479","Brandon Ingram",3913176,401267559,"2021",0,16.5529453572468,0,"Midrange",21,0,0,1,1
"480","Brandon Ingram",3913176,401267559,"2021",0,23,0,"ThreePoint",22,0,0,0,0
"481","Brandon Ingram",3913176,401267559,"2021",1,1.4142135623731,0,"Close",23,0,0,0,0
"482","Brandon Ingram",3913176,401360979,"2022",1,13.8924439894498,0,"Midrange",1,NA,NA,NA,NA
"483","Brandon Ingram",3913176,401360979,"2022",0,25.6124969497314,0,"ThreePoint",2,1,NA,NA,NA
"484","Brandon Ingram",3913176,401360979,"2022",0,12.7279220613579,0,"Midrange",3,0,1,NA,NA
"485","Brandon Ingram",3913176,401360979,"2022",1,5,0,"Close",4,0,0,1,1
"486","Brandon Ingram",3913176,401360979,"2022",1,16.1245154965971,0,"Midrange",5,1,0,0,1
"487","Brandon Ingram",3913176,401360979,"2022",0,15.8113883008419,0,"Midrange",6,1,1,0,2
"488","Brandon Ingram",3913176,401360979,"2022",1,7,0,"Close",7,0,1,1,2
"489","Brandon Ingram",3913176,401360979,"2022",1,13.6014705087354,0,"Midrange",8,1,0,1,2
"490","Brandon Ingram",3913176,401360979,"2022",0,15.52417469626,0,"Midrange",9,1,1,0,2
"491","Brandon Ingram",3913176,401360979,"2022",1,14.142135623731,0,"Midrange",10,0,1,1,2
"492","Brandon Ingram",3913176,401360979,"2022",1,5.3851648071345,0,"Close",11,1,0,1,2
"493","Brandon Ingram",3913176,401360979,"2022",1,10,0,"Midrange",12,1,1,0,2
"494","Brandon Ingram",3913176,401360979,"2022",1,15.0332963783729,1,"Midrange",13,1,1,1,3
"495","Brandon Ingram",3913176,401360979,"2022",0,23.5372045918796,1,"ThreePoint",14,1,1,1,3
"496","Brandon Ingram",3913176,401360979,"2022",0,22.4722050542442,0,"ThreePoint",15,0,1,1,2
"497","Brandon Ingram",3913176,401360979,"2022",1,10.1980390271856,0,"Midrange",16,0,0,1,1
"498","Brandon Ingram",3913176,401360979,"2022",0,17.8044938147649,0,"Midrange",17,1,0,0,1
"499","Brandon Ingram",3913176,401584929,"2024",1,1,0,"Close",1,NA,NA,NA,NA
"500","Brandon Ingram",3913176,401584929,"2024",0,2.23606797749979,0,"Close",2,1,NA,NA,NA
"501","Brandon Ingram",3913176,401584929,"2024",0,18.3575597506858,0,"Midrange",3,0,1,NA,NA
"502","Brandon Ingram",3913176,401584929,"2024",1,26.0768096208106,0,"ThreePoint",4,0,0,1,1
"503","Brandon Ingram",3913176,401584929,"2024",1,2,0,"Close",5,1,0,0,1
"504","Brandon Ingram",3913176,401584929,"2024",0,25.0199920063936,0,"ThreePoint",6,1,1,0,2
"505","Brandon Ingram",3913176,401584929,"2024",1,32.0156211871642,0,"ThreePoint",7,0,1,1,2
"506","Brandon Ingram",3913176,401584929,"2024",0,23.0217288664427,0,"ThreePoint",8,1,0,1,2
"507","Brandon Ingram",3913176,401584929,"2024",0,24.5153013442625,0,"ThreePoint",9,0,1,0,1
"508","Brandon Ingram",3913176,401584929,"2024",0,13.0384048104053,0,"Midrange",10,0,0,1,1
"509","Brandon Ingram",3913176,401584929,"2024",1,15.2315462117278,0,"Midrange",11,0,0,0,0
"510","Brandon Ingram",3913176,401584929,"2024",0,15.8113883008419,0,"Midrange",12,1,0,0,1
"511","Brandon Ingram",3913176,401584929,"2024",0,15.6524758424985,0,"Midrange",13,0,1,0,1
"512","Brandon Ingram",3913176,401584954,"2024",0,17.6918060129541,0,"Midrange",1,NA,NA,NA,NA
"513","Brandon Ingram",3913176,401584954,"2024",1,2,0,"Close",2,0,NA,NA,NA
"514","Brandon Ingram",3913176,401584954,"2024",0,13.8924439894498,0,"Midrange",3,1,0,NA,NA
"515","Brandon Ingram",3913176,401584954,"2024",0,6.08276253029822,0,"Close",4,0,1,0,1
"516","Brandon Ingram",3913176,401584954,"2024",0,13.6014705087354,0,"Midrange",5,0,0,1,1
"517","Brandon Ingram",3913176,401584954,"2024",1,3,0,"Close",6,0,0,0,0
"518","Brandon Ingram",3913176,401584954,"2024",1,1.4142135623731,0,"Close",7,1,0,0,1
"519","Brandon Ingram",3913176,401584954,"2024",0,26.6270539113887,0,"ThreePoint",8,1,1,0,2
"520","Brandon Miller",4433287,401584876,"2024",0,2.23606797749979,0,"Close",1,NA,NA,NA,NA
"521","Brandon Miller",4433287,401584876,"2024",1,1.4142135623731,0,"Close",2,0,NA,NA,NA
"522","Brandon Miller",4433287,401584876,"2024",1,2.23606797749979,0,"Close",3,1,0,NA,NA
"523","Brandon Miller",4433287,401584876,"2024",0,7.81024967590665,0,"Close",4,1,1,0,2
"524","Brandon Miller",4433287,401584876,"2024",0,7.28010988928052,0,"Close",5,0,1,1,2
"525","Brandon Miller",4433287,401584876,"2024",1,28.1602556806574,0,"ThreePoint",6,0,0,1,1
"526","Brandon Miller",4433287,401584876,"2024",1,26.6833281282527,0,"ThreePoint",7,1,0,0,1
"527","Brandon Miller",4433287,401584876,"2024",1,2,0,"Close",8,1,1,0,2
"528","Brandon Miller",4433287,401584876,"2024",0,25.9422435421457,1,"ThreePoint",9,1,1,1,3
"529","Brandon Miller",4433287,401584876,"2024",1,2.82842712474619,0,"Close",10,0,1,1,2
"530","Brandon Miller",4433287,401584876,"2024",1,3.16227766016838,0,"Close",11,1,0,1,2
"531","Brandon Miller",4433287,401584954,"2024",0,26.2488094968134,0,"ThreePoint",1,NA,NA,NA,NA
"532","Brandon Miller",4433287,401584954,"2024",0,16.1245154965971,0,"Midrange",2,0,NA,NA,NA
"533","Brandon Miller",4433287,401584954,"2024",1,22.0227155455452,0,"ThreePoint",3,0,0,NA,NA
"534","Brandon Miller",4433287,401584954,"2024",1,9,0,"Midrange",4,1,0,0,1
"535","Brandon Miller",4433287,401584954,"2024",1,1,0,"Close",5,1,1,0,2
"536","Brandon Miller",4433287,401584954,"2024",1,7.21110255092798,1,"Close",6,1,1,1,3
"537","Brandon Miller",4433287,401584954,"2024",0,28.3019433961698,1,"ThreePoint",7,1,1,1,3
"538","Brandon Miller",4433287,401584954,"2024",1,27.7308492477241,0,"ThreePoint",8,0,1,1,2
"539","Brandon Miller",4433287,401584954,"2024",0,7.21110255092798,0,"Close",9,1,0,1,2
"540","Brandon Miller",4433287,401584954,"2024",0,9.48683298050514,0,"Midrange",10,0,1,0,1
"541","Brandon Miller",4433287,401584954,"2024",0,8.24621125123532,0,"Midrange",11,0,0,1,1
"542","Brandon Miller",4433287,401584954,"2024",0,25.9422435421457,0,"ThreePoint",12,0,0,0,0
"543","Brandon Miller",4433287,401584954,"2024",1,5.8309518948453,0,"Close",13,0,0,0,0
"544","Brandon Miller",4433287,401584954,"2024",0,7.61577310586391,0,"Close",14,1,0,0,1
"545","Brandon Miller",4433287,401584954,"2024",0,19.4164878389476,0,"Midrange",15,0,1,0,1
"546","Brandon Miller",4433287,401584954,"2024",1,2.23606797749979,0,"Close",16,0,0,1,1
"547","Buddy Hield",2990984,401070732,"2019",0,24.5967477524977,0,"ThreePoint",1,NA,NA,NA,NA
"548","Buddy Hield",2990984,401070732,"2019",1,0,0,"Close",2,0,NA,NA,NA
"549","Buddy Hield",2990984,401070732,"2019",0,22.3606797749979,0,"ThreePoint",3,1,0,NA,NA
"550","Buddy Hield",2990984,401070732,"2019",0,2.82842712474619,0,"Close",4,0,1,0,1
"551","Buddy Hield",2990984,401070732,"2019",0,2.23606797749979,0,"Close",5,0,0,1,1
"552","Buddy Hield",2990984,401070732,"2019",1,25.4558441227157,0,"ThreePoint",6,0,0,0,0
"553","Buddy Hield",2990984,401070732,"2019",0,25.8069758011279,0,"ThreePoint",7,1,0,0,1
"554","Buddy Hield",2990984,401071630,"2019",0,2.23606797749979,0,"Close",1,NA,NA,NA,NA
"555","Buddy Hield",2990984,401071630,"2019",1,0,0,"Close",2,0,NA,NA,NA
"556","Buddy Hield",2990984,401071630,"2019",0,24.8394846967484,0,"ThreePoint",3,1,0,NA,NA
"557","Buddy Hield",2990984,401071630,"2019",0,25.4950975679639,0,"ThreePoint",4,0,1,0,1
"558","Buddy Hield",2990984,401071630,"2019",0,4.47213595499958,0,"Close",5,0,0,1,1
"559","Buddy Hield",2990984,401071630,"2019",1,2.23606797749979,0,"Close",6,0,0,0,0
"560","Buddy Hield",2990984,401071630,"2019",1,22.0227155455452,0,"ThreePoint",7,1,0,0,1
"561","Buddy Hield",2990984,401071630,"2019",0,24.7588368062799,0,"ThreePoint",8,1,1,0,2
"562","Buddy Hield",2990984,401071630,"2019",1,2.82842712474619,0,"Close",9,0,1,1,2
"563","Buddy Hield",2990984,401071630,"2019",0,24.7588368062799,0,"ThreePoint",10,1,0,1,2
"564","Buddy Hield",2990984,401071630,"2019",1,2.23606797749979,0,"Close",11,0,1,0,1
"565","Buddy Hield",2990984,401071630,"2019",0,25.6124969497314,0,"ThreePoint",12,1,0,1,2
"566","Buddy Hield",2990984,401071630,"2019",0,7.81024967590665,0,"Close",13,0,1,0,1
"567","Buddy Hield",2990984,401071630,"2019",1,24.6981780704569,0,"ThreePoint",14,0,0,1,1
"568","Buddy Hield",2990984,401071630,"2019",1,1.4142135623731,0,"Close",15,1,0,0,1
"569","Buddy Hield",2990984,401071630,"2019",0,6.08276253029822,0,"Close",16,1,1,0,2
"570","Buddy Hield",2990984,401071630,"2019",1,0,0,"Close",17,0,1,1,2
"571","Buddy Hield",2990984,401071630,"2019",1,26,0,"ThreePoint",18,1,0,1,2
"572","Buddy Hield",2990984,401267452,"2021",1,24.5153013442625,0,"ThreePoint",1,NA,NA,NA,NA
"573","Buddy Hield",2990984,401267452,"2021",0,25.4950975679639,0,"ThreePoint",2,1,NA,NA,NA
"574","Buddy Hield",2990984,401267452,"2021",0,13.0384048104053,0,"Midrange",3,0,1,NA,NA
"575","Buddy Hield",2990984,401267452,"2021",0,26.3058928759318,0,"ThreePoint",4,0,0,1,1
"576","Buddy Hield",2990984,401267452,"2021",1,25.6124969497314,0,"ThreePoint",5,0,0,0,0
"577","Buddy Hield",2990984,401267452,"2021",1,19.2353840616713,0,"Midrange",6,1,0,0,1
"578","Buddy Hield",2990984,401267452,"2021",1,30.8706980808663,0,"ThreePoint",7,1,1,0,2
"579","Buddy Hield",2990984,401267452,"2021",1,26.8328157299975,1,"ThreePoint",8,1,1,1,3
"580","Buddy Hield",2990984,401267452,"2021",0,26.0768096208106,1,"ThreePoint",9,1,1,1,3
"581","Buddy Hield",2990984,401267452,"2021",1,27.2029410174709,0,"ThreePoint",10,0,1,1,2
"582","Buddy Hield",2990984,401267452,"2021",0,2.23606797749979,0,"Close",11,1,0,1,2
"583","Buddy Hield",2990984,401267452,"2021",1,21.9544984001001,0,"Midrange",12,0,1,0,1
"584","Buddy Hield",2990984,401307404,"2021",1,29,0,"ThreePoint",1,NA,NA,NA,NA
"585","Buddy Hield",2990984,401307404,"2021",0,24.3310501211929,0,"ThreePoint",2,1,NA,NA,NA
"586","Buddy Hield",2990984,401307404,"2021",0,24.3310501211929,0,"ThreePoint",3,0,1,NA,NA
"587","Buddy Hield",2990984,401307404,"2021",0,18.0277563773199,0,"Midrange",4,0,0,1,1
"588","Buddy Hield",2990984,401307404,"2021",0,28.3196045170126,0,"ThreePoint",5,0,0,0,0
"589","Buddy Hield",2990984,401307404,"2021",1,5,0,"Close",6,0,0,0,0
"590","Buddy Hield",2990984,401307404,"2021",1,23.0867927612304,0,"ThreePoint",7,1,0,0,1
"591","Buddy Hield",2990984,401307404,"2021",1,23.3452350598575,0,"ThreePoint",8,1,1,0,2
"592","Buddy Hield",2990984,401307404,"2021",0,28.3019433961698,1,"ThreePoint",9,1,1,1,3
"593","Buddy Hield",2990984,401307404,"2021",0,16.2788205960997,0,"Midrange",10,0,1,1,2
"594","Buddy Hield",2990984,401307404,"2021",0,23,0,"ThreePoint",11,0,0,1,1
"595","Buddy Hield",2990984,401307404,"2021",0,23.0217288664427,0,"ThreePoint",12,0,0,0,0
"596","Buddy Hield",2990984,401307404,"2021",0,11.1803398874989,0,"Midrange",13,0,0,0,0
"597","Buddy Hield",2990984,401468514,"2023",0,25.9615099714943,0,"ThreePoint",1,NA,NA,NA,NA
"598","Buddy Hield",2990984,401468514,"2023",1,5.3851648071345,0,"Close",2,0,NA,NA,NA
"599","Buddy Hield",2990984,401468514,"2023",0,21.2132034355964,0,"Midrange",3,1,0,NA,NA
"600","Buddy Hield",2990984,401468514,"2023",0,25.2388589282479,0,"ThreePoint",4,0,1,0,1
"601","Buddy Hield",2990984,401468514,"2023",1,5,0,"Close",5,0,0,1,1
"602","Buddy Hield",2990984,401468514,"2023",0,24.7588368062799,0,"ThreePoint",6,1,0,0,1
"603","Buddy Hield",2990984,401468514,"2023",0,24.6981780704569,0,"ThreePoint",7,0,1,0,1
"604","Buddy Hield",2990984,401468514,"2023",0,21.095023109729,0,"Midrange",8,0,0,1,1
"605","Buddy Hield",2990984,401468514,"2023",1,28.8444102037119,0,"ThreePoint",9,0,0,0,0
"606","Buddy Hield",2990984,401468514,"2023",0,5.3851648071345,0,"Close",10,1,0,0,1
"607","Buddy Hield",2990984,401468514,"2023",0,27.1661554144122,0,"ThreePoint",11,0,1,0,1
"608","Buddy Hield",2990984,401468514,"2023",0,26.4196896272458,0,"ThreePoint",12,0,0,1,1
"609","Buddy Hield",2990984,401468514,"2023",0,23.0217288664427,0,"ThreePoint",13,0,0,0,0
"610","Buddy Hield",2990984,401468514,"2023",1,26.6270539113887,0,"ThreePoint",14,0,0,0,0
"611","Buddy Hield",2990984,401468514,"2023",1,28.8444102037119,0,"ThreePoint",15,1,0,0,1
"612","Buddy Hield",2990984,401468514,"2023",1,29.5296461204668,0,"ThreePoint",16,1,1,0,2
"613","Buddy Hield",2990984,401468514,"2023",0,27.2029410174709,1,"ThreePoint",17,1,1,1,3
"614","Buddy Hield",2990984,401468514,"2023",0,4.24264068711928,0,"Close",18,0,1,1,2
"615","Buddy Hield",2990984,401468514,"2023",0,28.4253408071038,0,"ThreePoint",19,0,0,1,1
"616","CJ McCollum",2490149,400900019,"2017",0,2,0,"Close",1,NA,NA,NA,NA
"617","CJ McCollum",2490149,400900019,"2017",0,1,0,"Close",2,0,NA,NA,NA
"618","CJ McCollum",2490149,400900019,"2017",0,21.0237960416286,0,"Midrange",3,0,0,NA,NA
"619","CJ McCollum",2490149,400900019,"2017",0,14.0356688476182,0,"Midrange",4,0,0,0,0
"620","CJ McCollum",2490149,400900019,"2017",0,12.0415945787923,0,"Midrange",5,0,0,0,0
"621","CJ McCollum",2490149,400900019,"2017",0,22.3606797749979,0,"ThreePoint",6,0,0,0,0
"622","CJ McCollum",2490149,400900019,"2017",0,19.4164878389476,0,"Midrange",7,0,0,0,0
"623","CJ McCollum",2490149,400900019,"2017",1,29.6816441593117,0,"ThreePoint",8,0,0,0,0
"624","CJ McCollum",2490149,400900019,"2017",0,15.8113883008419,0,"Midrange",9,1,0,0,1
"625","CJ McCollum",2490149,400900019,"2017",1,9.48683298050514,0,"Midrange",10,0,1,0,1
"626","CJ McCollum",2490149,400900019,"2017",1,1,0,"Close",11,1,0,1,2
"627","CJ McCollum",2490149,400900019,"2017",1,15.8113883008419,0,"Midrange",12,1,1,0,2
"628","CJ McCollum",2490149,400900019,"2017",1,25.4950975679639,1,"ThreePoint",13,1,1,1,3
"629","CJ McCollum",2490149,400900019,"2017",0,16.5529453572468,1,"Midrange",14,1,1,1,3
"630","CJ McCollum",2490149,400900019,"2017",1,25.0599281722833,0,"ThreePoint",15,0,1,1,2
"631","CJ McCollum",2490149,400900019,"2017",1,26.9258240356725,0,"ThreePoint",16,1,0,1,2
"632","CJ McCollum",2490149,400900019,"2017",1,2.23606797749979,0,"Close",17,1,1,0,2
"633","CJ McCollum",2490149,400900019,"2017",1,2.82842712474619,1,"Close",18,1,1,1,3
"634","CJ McCollum",2490149,400900019,"2017",0,16.6433169770932,1,"Midrange",19,1,1,1,3
"635","CJ McCollum",2490149,400900019,"2017",0,26,0,"ThreePoint",20,0,1,1,2
"636","CJ McCollum",2490149,400900019,"2017",1,2,0,"Close",21,0,0,1,1
"637","CJ McCollum",2490149,400900284,"2017",1,3.60555127546399,0,"Close",1,NA,NA,NA,NA
"638","CJ McCollum",2490149,400900284,"2017",1,3.16227766016838,0,"Close",2,1,NA,NA,NA
"639","CJ McCollum",2490149,400900284,"2017",0,2.23606797749979,0,"Close",3,1,1,NA,NA
"640","CJ McCollum",2490149,400900284,"2017",0,8,0,"Close",4,0,1,1,2
"641","CJ McCollum",2490149,400900284,"2017",0,25,0,"ThreePoint",5,0,0,1,1
"642","CJ McCollum",2490149,400900284,"2017",0,3.16227766016838,0,"Close",6,0,0,0,0
"643","CJ McCollum",2490149,400900284,"2017",1,2.23606797749979,0,"Close",7,0,0,0,0
"644","CJ McCollum",2490149,400900284,"2017",0,20.1246117974981,0,"Midrange",8,1,0,0,1
"645","CJ McCollum",2490149,400900284,"2017",0,24.8394846967484,0,"ThreePoint",9,0,1,0,1
"646","CJ McCollum",2490149,400900284,"2017",1,2,0,"Close",10,0,0,1,1
"647","CJ McCollum",2490149,400900284,"2017",0,17.2046505340853,0,"Midrange",11,1,0,0,1
"648","CJ McCollum",2490149,400900284,"2017",0,18.3575597506858,0,"Midrange",12,0,1,0,1
"649","CJ McCollum",2490149,400900284,"2017",0,9.21954445729289,0,"Midrange",13,0,0,1,1
"650","CJ McCollum",2490149,400900284,"2017",0,8.24621125123532,0,"Midrange",14,0,0,0,0
"651","CJ McCollum",2490149,400900284,"2017",1,22,0,"Midrange",15,0,0,0,0
"652","CJ McCollum",2490149,400900284,"2017",0,13,0,"Midrange",16,1,0,0,1
"653","CJ McCollum",2490149,400900284,"2017",0,4.24264068711928,0,"Close",17,0,1,0,1
"654","CJ McCollum",2490149,400900284,"2017",1,13.0384048104053,0,"Midrange",18,0,0,1,1
"655","CJ McCollum",2490149,400900284,"2017",0,3.60555127546399,0,"Close",19,1,0,0,1
"656","CJ McCollum",2490149,400975354,"2018",0,24.738633753706,0,"ThreePoint",1,NA,NA,NA,NA
"657","CJ McCollum",2490149,400975354,"2018",0,27.2946881279124,0,"ThreePoint",2,0,NA,NA,NA
"658","CJ McCollum",2490149,400975354,"2018",1,11,0,"Midrange",3,0,0,NA,NA
"659","CJ McCollum",2490149,400975354,"2018",1,28.6006992921502,0,"ThreePoint",4,1,0,0,1
"660","CJ McCollum",2490149,400975354,"2018",0,17.2626765016321,0,"Midrange",5,1,1,0,2
"661","CJ McCollum",2490149,400975354,"2018",1,26.9072480941474,0,"ThreePoint",6,0,1,1,2
"662","CJ McCollum",2490149,400975354,"2018",0,17.2046505340853,0,"Midrange",7,1,0,1,2
"663","CJ McCollum",2490149,400975354,"2018",1,8.06225774829855,0,"Midrange",8,0,1,0,1
"664","CJ McCollum",2490149,400975354,"2018",0,10.770329614269,0,"Midrange",9,1,0,1,2
"665","CJ McCollum",2490149,400975354,"2018",1,2.23606797749979,0,"Close",10,0,1,0,1
"666","CJ McCollum",2490149,400975354,"2018",0,8.24621125123532,0,"Midrange",11,1,0,1,2
"667","CJ McCollum",2490149,400975354,"2018",1,2.82842712474619,0,"Close",12,0,1,0,1
"668","CJ McCollum",2490149,400975354,"2018",0,25.6124969497314,0,"ThreePoint",13,1,0,1,2
"669","CJ McCollum",2490149,400975354,"2018",1,17.0293863659264,0,"Midrange",14,0,1,0,1
"670","CJ McCollum",2490149,400975354,"2018",1,5.3851648071345,0,"Close",15,1,0,1,2
"671","CJ McCollum",2490149,400975354,"2018",1,3.16227766016838,0,"Close",16,1,1,0,2
"672","CJ McCollum",2490149,400975750,"2018",1,2,0,"Close",1,NA,NA,NA,NA
"673","CJ McCollum",2490149,400975750,"2018",0,15.2970585407784,0,"Midrange",2,1,NA,NA,NA
"674","CJ McCollum",2490149,400975750,"2018",0,24.0416305603426,0,"ThreePoint",3,0,1,NA,NA
"675","CJ McCollum",2490149,400975750,"2018",1,17,0,"Midrange",4,0,0,1,1
"676","CJ McCollum",2490149,400975750,"2018",1,25.9615099714943,0,"ThreePoint",5,1,0,0,1
"677","CJ McCollum",2490149,400975750,"2018",0,24.6981780704569,0,"ThreePoint",6,1,1,0,2
"678","CJ McCollum",2490149,400975750,"2018",1,25.0599281722833,0,"ThreePoint",7,0,1,1,2
"679","CJ McCollum",2490149,400975750,"2018",0,22,0,"Midrange",8,1,0,1,2
"680","CJ McCollum",2490149,400975750,"2018",0,22.8035085019828,0,"ThreePoint",9,0,1,0,1
"681","CJ McCollum",2490149,400975750,"2018",1,2.23606797749979,0,"Close",10,0,0,1,1
"682","CJ McCollum",2490149,400975750,"2018",0,2.23606797749979,0,"Close",11,1,0,0,1
"683","CJ McCollum",2490149,401071192,"2019",0,15.556349186104,0,"Midrange",1,NA,NA,NA,NA
"684","CJ McCollum",2490149,401071192,"2019",1,3,0,"Close",2,0,NA,NA,NA
"685","CJ McCollum",2490149,401071192,"2019",1,28.3019433961698,0,"ThreePoint",3,1,0,NA,NA
"686","CJ McCollum",2490149,401071192,"2019",0,26.9072480941474,0,"ThreePoint",4,1,1,0,2
"687","CJ McCollum",2490149,401071192,"2019",0,26.0192236625154,0,"ThreePoint",5,0,1,1,2
"688","CJ McCollum",2490149,401071192,"2019",0,19.8494332412792,0,"Midrange",6,0,0,1,1
"689","CJ McCollum",2490149,401071192,"2019",0,13.0384048104053,0,"Midrange",7,0,0,0,0
"690","CJ McCollum",2490149,401071192,"2019",0,3.16227766016838,0,"Close",8,0,0,0,0
"691","CJ McCollum",2490149,401071192,"2019",1,4.47213595499958,0,"Close",9,0,0,0,0
"692","CJ McCollum",2490149,401071192,"2019",0,19.1049731745428,0,"Midrange",10,1,0,0,1
"693","CJ McCollum",2490149,401071192,"2019",1,12.0415945787923,0,"Midrange",11,0,1,0,1
"694","CJ McCollum",2490149,401071192,"2019",0,29.6816441593117,0,"ThreePoint",12,1,0,1,2
"695","CJ McCollum",2490149,401071192,"2019",0,13.0384048104053,0,"Midrange",13,0,1,0,1
"696","CJ McCollum",2490149,401071192,"2019",0,23.0217288664427,0,"ThreePoint",14,0,0,1,1
"697","CJ McCollum",2490149,401071192,"2019",0,16.0312195418814,0,"Midrange",15,0,0,0,0
"698","CJ McCollum",2490149,401071192,"2019",0,27.0185121722126,0,"ThreePoint",16,0,0,0,0
"699","CJ McCollum",2490149,401071192,"2019",0,28.4253408071038,0,"ThreePoint",17,0,0,0,0
"700","CJ McCollum",2490149,401071192,"2019",0,11,0,"Midrange",18,0,0,0,0
"701","CJ McCollum",2490149,401071192,"2019",1,26.3058928759318,0,"ThreePoint",19,0,0,0,0
"702","CJ McCollum",2490149,401071192,"2019",1,28.4253408071038,0,"ThreePoint",20,1,0,0,1
"703","CJ McCollum",2490149,401071192,"2019",1,20,0,"Midrange",21,1,1,0,2
"704","CJ McCollum",2490149,401071192,"2019",0,12.1655250605964,1,"Midrange",22,1,1,1,3
"705","CJ McCollum",2490149,401267282,"2021",0,25.0199920063936,0,"ThreePoint",1,NA,NA,NA,NA
"706","CJ McCollum",2490149,401267282,"2021",0,14.0356688476182,0,"Midrange",2,0,NA,NA,NA
"707","CJ McCollum",2490149,401267282,"2021",0,23.0867927612304,0,"ThreePoint",3,0,0,NA,NA
"708","CJ McCollum",2490149,401267282,"2021",1,16.5529453572468,0,"Midrange",4,0,0,0,0
"709","CJ McCollum",2490149,401267282,"2021",0,21,0,"Midrange",5,1,0,0,1
"710","CJ McCollum",2490149,401267282,"2021",1,25.4950975679639,0,"ThreePoint",6,0,1,0,1
"711","CJ McCollum",2490149,401267282,"2021",0,16,0,"Midrange",7,1,0,1,2
"712","CJ McCollum",2490149,401267282,"2021",1,28.1780056072107,0,"ThreePoint",8,0,1,0,1
"713","CJ McCollum",2490149,401267282,"2021",1,16.1554944214035,0,"Midrange",9,1,0,1,2
"714","CJ McCollum",2490149,401267282,"2021",0,25.0199920063936,0,"ThreePoint",10,1,1,0,2
"715","CJ McCollum",2490149,401267282,"2021",0,25.0599281722833,0,"ThreePoint",11,0,1,1,2
"716","CJ McCollum",2490149,401267282,"2021",1,25.0599281722833,0,"ThreePoint",12,0,0,1,1
"717","CJ McCollum",2490149,401267282,"2021",1,25.3179778023443,0,"ThreePoint",13,1,0,0,1
"718","CJ McCollum",2490149,401267282,"2021",0,25.6320112359526,0,"ThreePoint",14,1,1,0,2
"719","CJ McCollum",2490149,401360979,"2022",1,26.6270539113887,0,"ThreePoint",1,NA,NA,NA,NA
"720","CJ McCollum",2490149,401360979,"2022",0,9.05538513813742,0,"Midrange",2,1,NA,NA,NA
"721","CJ McCollum",2490149,401360979,"2022",1,24.4131112314674,0,"ThreePoint",3,0,1,NA,NA
"722","CJ McCollum",2490149,401360979,"2022",0,23.8537208837531,0,"ThreePoint",4,1,0,1,2
"723","CJ McCollum",2490149,401360979,"2022",1,6.40312423743285,0,"Close",5,0,1,0,1
"724","CJ McCollum",2490149,401360979,"2022",1,25.4950975679639,0,"ThreePoint",6,1,0,1,2
"725","CJ McCollum",2490149,401360979,"2022",1,26.2488094968134,0,"ThreePoint",7,1,1,0,2
"726","CJ McCollum",2490149,401360979,"2022",0,25.6124969497314,1,"ThreePoint",8,1,1,1,3
"727","CJ McCollum",2490149,401360979,"2022",0,26.1725046566048,0,"ThreePoint",9,0,1,1,2
"728","CJ McCollum",2490149,401360979,"2022",0,5,0,"Close",10,0,0,1,1
"729","CJ McCollum",2490149,401360979,"2022",1,9.4339811320566,0,"Midrange",11,0,0,0,0
"730","CJ McCollum",2490149,401360979,"2022",0,8.94427190999916,0,"Midrange",12,1,0,0,1
"731","CJ McCollum",2490149,401360979,"2022",1,8.60232526704263,0,"Midrange",13,0,1,0,1
"732","CJ McCollum",2490149,401360979,"2022",0,24.7588368062799,0,"ThreePoint",14,1,0,1,2
"733","CJ McCollum",2490149,401360979,"2022",1,10.0498756211209,0,"Midrange",15,0,1,0,1
"734","CJ McCollum",2490149,401360979,"2022",1,18.6815416922694,0,"Midrange",16,1,0,1,2
"735","CJ McCollum",2490149,401360979,"2022",1,16.2788205960997,0,"Midrange",17,1,1,0,2
"736","CJ McCollum",2490149,401360979,"2022",1,13,1,"Midrange",18,1,1,1,3
"737","CJ McCollum",2490149,401360979,"2022",0,25,1,"ThreePoint",19,1,1,1,3
"738","CJ McCollum",2490149,401360979,"2022",0,12.0415945787923,0,"Midrange",20,0,1,1,2
"739","CJ McCollum",2490149,401360979,"2022",1,12.1655250605964,0,"Midrange",21,0,0,1,1
"740","CJ McCollum",2490149,401360979,"2022",0,12.369316876853,0,"Midrange",22,1,0,0,1
"741","CJ McCollum",2490149,401360979,"2022",0,16.4924225024706,0,"Midrange",23,0,1,0,1
"742","CJ McCollum",2490149,401469290,"2023",0,6.40312423743285,0,"Close",1,NA,NA,NA,NA
"743","CJ McCollum",2490149,401469290,"2023",1,16.9705627484771,0,"Midrange",2,0,NA,NA,NA
"744","CJ McCollum",2490149,401469290,"2023",0,12.6491106406735,0,"Midrange",3,1,0,NA,NA
"745","CJ McCollum",2490149,401469290,"2023",0,27.1661554144122,0,"ThreePoint",4,0,1,0,1
"746","CJ McCollum",2490149,401469290,"2023",1,25.8069758011279,0,"ThreePoint",5,0,0,1,1
"747","CJ McCollum",2490149,401469290,"2023",1,13.0384048104053,0,"Midrange",6,1,0,0,1
"748","CJ McCollum",2490149,401469290,"2023",0,9.4339811320566,0,"Midrange",7,1,1,0,2
"749","CJ McCollum",2490149,401469290,"2023",0,4.12310562561766,0,"Close",8,0,1,1,2
"750","CJ McCollum",2490149,401469290,"2023",1,24.0416305603426,0,"ThreePoint",9,0,0,1,1
"751","CJ McCollum",2490149,401469290,"2023",1,25.298221281347,0,"ThreePoint",10,1,0,0,1
"752","CJ McCollum",2490149,401469290,"2023",0,26.4007575648882,0,"ThreePoint",11,1,1,0,2
"753","CJ McCollum",2490149,401469290,"2023",1,10.770329614269,0,"Midrange",12,0,1,1,2
"754","CJ McCollum",2490149,401469290,"2023",0,17.464249196573,0,"Midrange",13,1,0,1,2
"755","CJ McCollum",2490149,401469290,"2023",0,4.47213595499958,0,"Close",14,0,1,0,1
"756","CJ McCollum",2490149,401469290,"2023",0,30.6104557300279,0,"ThreePoint",15,0,0,1,1
"757","CJ McCollum",2490149,401469290,"2023",0,25,0,"ThreePoint",16,0,0,0,0
"758","CJ McCollum",2490149,401469290,"2023",0,4.47213595499958,0,"Close",17,0,0,0,0
"759","CJ McCollum",2490149,401584929,"2024",1,7,0,"Close",1,NA,NA,NA,NA
"760","CJ McCollum",2490149,401584929,"2024",1,26,0,"ThreePoint",2,1,NA,NA,NA
"761","CJ McCollum",2490149,401584929,"2024",1,11.6619037896906,0,"Midrange",3,1,1,NA,NA
"762","CJ McCollum",2490149,401584929,"2024",0,9.21954445729289,1,"Midrange",4,1,1,1,3
"763","CJ McCollum",2490149,401584929,"2024",0,2.23606797749979,0,"Close",5,0,1,1,2
"764","CJ McCollum",2490149,401584929,"2024",0,23.1948270094864,0,"ThreePoint",6,0,0,1,1
"765","CJ McCollum",2490149,401584929,"2024",0,6.70820393249937,0,"Close",7,0,0,0,0
"766","CJ McCollum",2490149,401584929,"2024",0,26.4007575648882,0,"ThreePoint",8,0,0,0,0
"767","CJ McCollum",2490149,401584929,"2024",1,7,0,"Close",9,0,0,0,0
"768","CJ McCollum",2490149,401584929,"2024",1,3.16227766016838,0,"Close",10,1,0,0,1
"769","CJ McCollum",2490149,401584929,"2024",1,26.1725046566048,0,"ThreePoint",11,1,1,0,2
"770","CJ McCollum",2490149,401584929,"2024",1,24.6981780704569,1,"ThreePoint",12,1,1,1,3
"771","CJ McCollum",2490149,401584929,"2024",0,26,1,"ThreePoint",13,1,1,1,3
"772","CJ McCollum",2490149,401584929,"2024",0,4.24264068711928,0,"Close",14,0,1,1,2
"773","CJ McCollum",2490149,401584929,"2024",1,26.2488094968134,0,"ThreePoint",15,0,0,1,1
"774","CJ McCollum",2490149,401584954,"2024",0,7.28010988928052,0,"Close",1,NA,NA,NA,NA
"775","CJ McCollum",2490149,401584954,"2024",0,23.0867927612304,0,"ThreePoint",2,0,NA,NA,NA
"776","CJ McCollum",2490149,401584954,"2024",0,16.9705627484771,0,"Midrange",3,0,0,NA,NA
"777","CJ McCollum",2490149,401584954,"2024",0,26.4007575648882,0,"ThreePoint",4,0,0,0,0
"778","CJ McCollum",2490149,401584954,"2024",0,28.1602556806574,0,"ThreePoint",5,0,0,0,0
"779","CJ McCollum",2490149,401584954,"2024",1,1.4142135623731,0,"Close",6,0,0,0,0
"780","CJ McCollum",2490149,401584954,"2024",0,27.459060435492,0,"ThreePoint",7,1,0,0,1
"781","CJ McCollum",2490149,401584954,"2024",1,17.8044938147649,0,"Midrange",8,0,1,0,1
"782","CJ McCollum",2490149,401584954,"2024",0,7.28010988928052,0,"Close",9,1,0,1,2
"783","CJ McCollum",2490149,401584954,"2024",1,25.0599281722833,0,"ThreePoint",10,0,1,0,1
"784","CJ McCollum",2490149,401584954,"2024",0,25.9615099714943,0,"ThreePoint",11,1,0,1,2
"785","CJ McCollum",2490149,401584954,"2024",1,1,0,"Close",12,0,1,0,1
"786","CJ McCollum",2490149,401584954,"2024",1,26.0768096208106,0,"ThreePoint",13,1,0,1,2
"787","CJ McCollum",2490149,401584954,"2024",0,2.23606797749979,0,"Close",14,1,1,0,2
"788","CJ McCollum",2490149,401584954,"2024",1,26.9258240356725,0,"ThreePoint",15,0,1,1,2
"789","CJ McCollum",2490149,401584954,"2024",0,26,0,"ThreePoint",16,1,0,1,2
"790","CJ McCollum",2490149,401584954,"2024",1,2.23606797749979,0,"Close",17,0,1,0,1
"791","CJ McCollum",2490149,401584954,"2024",0,15.6204993518133,0,"Midrange",18,1,0,1,2
"792","Cade Cunningham",4432166,401360694,"2022",0,25.9422435421457,0,"ThreePoint",1,NA,NA,NA,NA
"793","Cade Cunningham",4432166,401360694,"2022",0,2,0,"Close",2,0,NA,NA,NA
"794","Cade Cunningham",4432166,401360694,"2022",0,2.82842712474619,0,"Close",3,0,0,NA,NA
"795","Cade Cunningham",4432166,401360694,"2022",1,15.2643375224737,0,"Midrange",4,0,0,0,0
"796","Cade Cunningham",4432166,401360694,"2022",0,16.1245154965971,0,"Midrange",5,1,0,0,1
"797","Cade Cunningham",4432166,401360694,"2022",0,6.40312423743285,0,"Close",6,0,1,0,1
"798","Cade Cunningham",4432166,401360694,"2022",0,5.09901951359278,0,"Close",7,0,0,1,1
"799","Cade Cunningham",4432166,401360694,"2022",1,11.4017542509914,0,"Midrange",8,0,0,0,0
"800","Cade Cunningham",4432166,401360694,"2022",1,29.4108823397055,0,"ThreePoint",9,1,0,0,1
"801","Cade Cunningham",4432166,401360694,"2022",0,7.07106781186548,0,"Close",10,1,1,0,2
"802","Cade Cunningham",4432166,401360694,"2022",1,3.60555127546399,0,"Close",11,0,1,1,2
"803","Cade Cunningham",4432166,401360694,"2022",1,26.4007575648882,0,"ThreePoint",12,1,0,1,2
"804","Cade Cunningham",4432166,401360694,"2022",0,25.6320112359526,0,"ThreePoint",13,1,1,0,2
"805","Cade Cunningham",4432166,401360694,"2022",0,7.81024967590665,0,"Close",14,0,1,1,2
"806","Cade Cunningham",4432166,401360694,"2022",0,4.12310562561766,0,"Close",15,0,0,1,1
"807","Cade Cunningham",4432166,401360694,"2022",1,15.6524758424985,0,"Midrange",16,0,0,0,0
"808","Cade Cunningham",4432166,401360694,"2022",0,17,0,"Midrange",17,1,0,0,1
"809","Cade Cunningham",4432166,401360694,"2022",1,24,0,"ThreePoint",18,0,1,0,1
"810","Cade Cunningham",4432166,401360694,"2022",0,5.8309518948453,0,"Close",19,1,0,1,2
"811","Cade Cunningham",4432166,401360694,"2022",1,6.70820393249937,0,"Close",20,0,1,0,1
"812","Cade Cunningham",4432166,401360694,"2022",0,28.6530975637888,0,"ThreePoint",21,1,0,1,2
"813","Cade Cunningham",4432166,401360694,"2022",0,5.09901951359278,0,"Close",22,0,1,0,1
"814","Cam Thomas",4432174,401584910,"2024",0,9,0,"Midrange",1,NA,NA,NA,NA
"815","Cam Thomas",4432174,401584910,"2024",0,27.0185121722126,0,"ThreePoint",2,0,NA,NA,NA
"816","Cam Thomas",4432174,401584910,"2024",0,16.1245154965971,0,"Midrange",3,0,0,NA,NA
"817","Cam Thomas",4432174,401584910,"2024",0,22.8035085019828,0,"ThreePoint",4,0,0,0,0
"818","Cam Thomas",4432174,401584910,"2024",0,6.32455532033676,0,"Close",5,0,0,0,0
"819","Cam Thomas",4432174,401584910,"2024",0,5.3851648071345,0,"Close",6,0,0,0,0
"820","Cam Thomas",4432174,401584910,"2024",1,26.4007575648882,0,"ThreePoint",7,0,0,0,0
"821","Cam Thomas",4432174,401584910,"2024",0,3.16227766016838,0,"Close",8,1,0,0,1
"822","Cam Thomas",4432174,401584910,"2024",0,11,0,"Midrange",9,0,1,0,1
"823","Cam Thomas",4432174,401584910,"2024",0,15.2315462117278,0,"Midrange",10,0,0,1,1
"824","Cam Thomas",4432174,401584910,"2024",1,22.561028345357,0,"ThreePoint",11,0,0,0,0
"825","Cam Thomas",4432174,401584910,"2024",1,16.4012194668567,0,"Midrange",12,1,0,0,1
"826","Cam Thomas",4432174,401584910,"2024",1,6.08276253029822,0,"Close",13,1,1,0,2
"827","Cam Thomas",4432174,401584910,"2024",0,6.70820393249937,1,"Close",14,1,1,1,3
"828","Cam Thomas",4432174,401584910,"2024",0,26.4007575648882,0,"ThreePoint",15,0,1,1,2
"829","Cam Thomas",4432174,401584910,"2024",1,23.0867927612304,0,"ThreePoint",16,0,0,1,1
"830","Cam Thomas",4432174,401584910,"2024",1,11.0453610171873,0,"Midrange",17,1,0,0,1
"831","Cam Thomas",4432174,401584910,"2024",0,10.770329614269,0,"Midrange",18,1,1,0,2
"832","Cam Thomas",4432174,401584910,"2024",0,23.5372045918796,0,"ThreePoint",19,0,1,1,2
"833","Cam Thomas",4432174,401584910,"2024",0,26.0768096208106,0,"ThreePoint",20,0,0,1,1
"834","Cam Thomas",4432174,401584910,"2024",0,14.8660687473185,0,"Midrange",21,0,0,0,0
"835","Cam Thomas",4432174,401584910,"2024",0,2.23606797749979,0,"Close",22,0,0,0,0
"836","Cam Thomas",4432174,401584910,"2024",1,27,0,"ThreePoint",23,0,0,0,0
"837","Chris Paul",2779,400828288,"2016",1,3.16227766016838,0,"Close",1,NA,NA,NA,NA
"838","Chris Paul",2779,400828288,"2016",0,14.142135623731,0,"Midrange",2,1,NA,NA,NA
"839","Chris Paul",2779,400828288,"2016",0,26.0192236625154,0,"ThreePoint",3,0,1,NA,NA
"840","Chris Paul",2779,400828288,"2016",0,15.2643375224737,0,"Midrange",4,0,0,1,1
"841","Chris Paul",2779,400828288,"2016",1,25.0599281722833,0,"ThreePoint",5,0,0,0,0
"842","Chris Paul",2779,400828288,"2016",0,25,0,"ThreePoint",6,1,0,0,1
"843","Chris Paul",2779,400828288,"2016",0,25.6320112359526,0,"ThreePoint",7,0,1,0,1
"844","Chris Paul",2779,400828288,"2016",0,18,0,"Midrange",8,0,0,1,1
"845","Chris Paul",2779,400828288,"2016",0,2.82842712474619,0,"Close",9,0,0,0,0
"846","Chris Paul",2779,400828288,"2016",0,25.5538646783613,0,"ThreePoint",10,0,0,0,0
"847","Chris Paul",2779,400828288,"2016",0,19.2353840616713,0,"Midrange",11,0,0,0,0
"848","Chris Paul",2779,400828288,"2016",1,23.0867927612304,0,"ThreePoint",12,0,0,0,0
"849","Chris Paul",2779,400828288,"2016",0,28.1780056072107,0,"ThreePoint",13,1,0,0,1
"850","Coby White",4395651,401704785,"2025",1,2,0,"Close",1,NA,NA,NA,NA
"851","Coby White",4395651,401704785,"2025",0,26.4196896272458,0,"ThreePoint",2,1,NA,NA,NA
"852","Coby White",4395651,401704785,"2025",0,25.2388589282479,0,"ThreePoint",3,0,1,NA,NA
"853","Coby White",4395651,401704785,"2025",0,2.23606797749979,0,"Close",4,0,0,1,1
"854","Coby White",4395651,401704785,"2025",0,26.8328157299975,0,"ThreePoint",5,0,0,0,0
"855","Coby White",4395651,401704785,"2025",0,28.8617393793236,0,"ThreePoint",6,0,0,0,0
"856","Coby White",4395651,401704785,"2025",1,1,0,"Close",7,0,0,0,0
"857","Coby White",4395651,401704785,"2025",0,11.6619037896906,0,"Midrange",8,1,0,0,1
"858","Coby White",4395651,401704785,"2025",1,1.4142135623731,0,"Close",9,0,1,0,1
"859","Coby White",4395651,401704785,"2025",1,1.4142135623731,0,"Close",10,1,0,1,2
"860","Coby White",4395651,401704785,"2025",0,3.60555127546399,0,"Close",11,1,1,0,2
"861","Coby White",4395651,401704785,"2025",1,23.0217288664427,0,"ThreePoint",12,0,1,1,2
"862","Coby White",4395651,401704785,"2025",0,24.0208242989286,0,"ThreePoint",13,1,0,1,2
"863","Coby White",4395651,401704785,"2025",0,25.4950975679639,0,"ThreePoint",14,0,1,0,1
"864","Coby White",4395651,401704785,"2025",0,25,0,"ThreePoint",15,0,0,1,1
"865","Coby White",4395651,401704785,"2025",1,24.6981780704569,0,"ThreePoint",16,0,0,0,0
"866","Coby White",4395651,401705421,"2025",0,27.7848879788996,0,"ThreePoint",1,NA,NA,NA,NA
"867","Coby White",4395651,401705421,"2025",1,3.16227766016838,0,"Close",2,0,NA,NA,NA
"868","Coby White",4395651,401705421,"2025",0,25.8069758011279,0,"ThreePoint",3,1,0,NA,NA
"869","Coby White",4395651,401705421,"2025",1,28.1602556806574,0,"ThreePoint",4,0,1,0,1
"870","Coby White",4395651,401705421,"2025",0,1,0,"Close",5,1,0,1,2
"871","Coby White",4395651,401705421,"2025",0,25.2388589282479,0,"ThreePoint",6,0,1,0,1
"872","Coby White",4395651,401705421,"2025",1,1.4142135623731,0,"Close",7,0,0,1,1
"873","Coby White",4395651,401705421,"2025",0,26.9258240356725,0,"ThreePoint",8,1,0,0,1
"874","Coby White",4395651,401705421,"2025",1,1.4142135623731,0,"Close",9,0,1,0,1
"875","Coby White",4395651,401705421,"2025",1,1.4142135623731,0,"Close",10,1,0,1,2
"876","Coby White",4395651,401705421,"2025",0,27.0185121722126,0,"ThreePoint",11,1,1,0,2
"877","Coby White",4395651,401705421,"2025",1,1.4142135623731,0,"Close",12,0,1,1,2
"878","Coby White",4395651,401705421,"2025",1,15,0,"Midrange",13,1,0,1,2
"879","Coby White",4395651,401705421,"2025",0,16.5529453572468,0,"Midrange",14,1,1,0,2
"880","Coby White",4395651,401705421,"2025",0,25.7099202643649,0,"ThreePoint",15,0,1,1,2
"881","Coby White",4395651,401705421,"2025",0,1,0,"Close",16,0,0,1,1
"882","Coby White",4395651,401705421,"2025",0,20.2484567313166,0,"Midrange",17,0,0,0,0
"883","Coby White",4395651,401705421,"2025",0,26.6833281282527,0,"ThreePoint",18,0,0,0,0
"884","Coby White",4395651,401705421,"2025",1,26.2488094968134,0,"ThreePoint",19,0,0,0,0
"885","D'Angelo Russell",3136776,401071779,"2019",0,28.4253408071038,0,"ThreePoint",1,NA,NA,NA,NA
"886","D'Angelo Russell",3136776,401071779,"2019",1,1.4142135623731,0,"Close",2,0,NA,NA,NA
"887","D'Angelo Russell",3136776,401071779,"2019",1,29,0,"ThreePoint",3,1,0,NA,NA
"888","D'Angelo Russell",3136776,401071779,"2019",1,16.2788205960997,0,"Midrange",4,1,1,0,2
"889","D'Angelo Russell",3136776,401071779,"2019",1,16.6433169770932,1,"Midrange",5,1,1,1,3
"890","D'Angelo Russell",3136776,401071779,"2019",0,24.5967477524977,1,"ThreePoint",6,1,1,1,3
"891","D'Angelo Russell",3136776,401071779,"2019",0,8.06225774829855,0,"Midrange",7,0,1,1,2
"892","D'Angelo Russell",3136776,401071779,"2019",0,9.21954445729289,0,"Midrange",8,0,0,1,1
"893","D'Angelo Russell",3136776,401071779,"2019",0,17.4928556845359,0,"Midrange",9,0,0,0,0
"894","D'Angelo Russell",3136776,401071779,"2019",0,16.6433169770932,0,"Midrange",10,0,0,0,0
"895","D'Angelo Russell",3136776,401071779,"2019",1,2,0,"Close",11,0,0,0,0
"896","D'Angelo Russell",3136776,401071779,"2019",0,27.0185121722126,0,"ThreePoint",12,1,0,0,1
"897","D'Angelo Russell",3136776,401071779,"2019",1,25.4950975679639,0,"ThreePoint",13,0,1,0,1
"898","D'Angelo Russell",3136776,401071779,"2019",1,2.23606797749979,0,"Close",14,1,0,1,2
"899","D'Angelo Russell",3136776,401071779,"2019",0,25.9615099714943,0,"ThreePoint",15,1,1,0,2
"900","D'Angelo Russell",3136776,401071779,"2019",1,2.23606797749979,0,"Close",16,0,1,1,2
"901","D'Angelo Russell",3136776,401071779,"2019",1,19,0,"Midrange",17,1,0,1,2
"902","D'Angelo Russell",3136776,401071779,"2019",1,25.4950975679639,0,"ThreePoint",18,1,1,0,2
"903","D'Angelo Russell",3136776,401071779,"2019",0,24.7588368062799,1,"ThreePoint",19,1,1,1,3
"904","D'Angelo Russell",3136776,401071779,"2019",1,18.4390889145858,0,"Midrange",20,0,1,1,2
"905","D'Angelo Russell",3136776,401071779,"2019",0,25.9422435421457,0,"ThreePoint",21,1,0,1,2
"906","D'Angelo Russell",3136776,401071779,"2019",0,25.5538646783613,0,"ThreePoint",22,0,1,0,1
"907","D'Angelo Russell",3136776,401071779,"2019",1,18.6010752377383,0,"Midrange",23,0,0,1,1
"908","D'Angelo Russell",3136776,401071779,"2019",1,1,0,"Close",24,1,0,0,1
"909","D'Angelo Russell",3136776,401071779,"2019",0,17,0,"Midrange",25,1,1,0,2
"910","D'Angelo Russell",3136776,401071779,"2019",0,26,0,"ThreePoint",26,0,1,1,2
"911","D'Angelo Russell",3136776,401071779,"2019",1,1,0,"Close",27,0,0,1,1
"912","D'Angelo Russell",3136776,401071779,"2019",0,15.1327459504216,0,"Midrange",28,1,0,0,1
"913","D'Angelo Russell",3136776,401071779,"2019",0,15.2643375224737,0,"Midrange",29,0,1,0,1
"914","D'Angelo Russell",3136776,401071779,"2019",0,26.4007575648882,0,"ThreePoint",30,0,0,1,1
"915","D'Angelo Russell",3136776,401071779,"2019",1,1.4142135623731,0,"Close",31,0,0,0,0
"916","D'Angelo Russell",3136776,401071779,"2019",0,25.6124969497314,0,"ThreePoint",32,1,0,0,1
"917","D'Angelo Russell",3136776,401071779,"2019",1,1,0,"Close",33,0,1,0,1
"918","D'Angelo Russell",3136776,401071779,"2019",0,29.6816441593117,0,"ThreePoint",34,1,0,1,2
"919","D'Angelo Russell",3136776,401161553,"2020",1,21.8403296678416,0,"Midrange",1,NA,NA,NA,NA
"920","D'Angelo Russell",3136776,401161553,"2020",1,27.0185121722126,0,"ThreePoint",2,1,NA,NA,NA
"921","D'Angelo Russell",3136776,401161553,"2020",0,26.0768096208106,0,"ThreePoint",3,1,1,NA,NA
"922","D'Angelo Russell",3136776,401161553,"2020",1,2.23606797749979,0,"Close",4,0,1,1,2
"923","D'Angelo Russell",3136776,401161553,"2020",0,25.6124969497314,0,"ThreePoint",5,1,0,1,2
"924","D'Angelo Russell",3136776,401161553,"2020",1,15.2970585407784,0,"Midrange",6,0,1,0,1
"925","D'Angelo Russell",3136776,401161553,"2020",0,3,0,"Close",7,1,0,1,2
"926","D'Angelo Russell",3136776,401161553,"2020",0,25.2388589282479,0,"ThreePoint",8,0,1,0,1
"927","D'Angelo Russell",3136776,401161553,"2020",0,15.52417469626,0,"Midrange",9,0,0,1,1
"928","D'Angelo Russell",3136776,401161553,"2020",0,14.422205101856,0,"Midrange",10,0,0,0,0
"929","D'Angelo Russell",3136776,401161553,"2020",0,2,0,"Close",11,0,0,0,0
"930","D'Angelo Russell",3136776,401161553,"2020",1,12.369316876853,0,"Midrange",12,0,0,0,0
"931","D'Angelo Russell",3136776,401161553,"2020",0,26.0768096208106,0,"ThreePoint",13,1,0,0,1
"932","D'Angelo Russell",3136776,401161553,"2020",0,25.298221281347,0,"ThreePoint",14,0,1,0,1
"933","D'Angelo Russell",3136776,401161553,"2020",0,13,0,"Midrange",15,0,0,1,1
"934","D'Angelo Russell",3136776,401161553,"2020",1,28.4253408071038,0,"ThreePoint",16,0,0,0,0
"935","D'Angelo Russell",3136776,401161553,"2020",0,3.16227766016838,0,"Close",17,1,0,0,1
"936","D'Angelo Russell",3136776,401161553,"2020",1,25.8069758011279,0,"ThreePoint",18,0,1,0,1
"937","D'Angelo Russell",3136776,401161553,"2020",0,26.0192236625154,0,"ThreePoint",19,1,0,1,2
"938","D'Angelo Russell",3136776,401161553,"2020",1,14.560219778561,0,"Midrange",20,0,1,0,1
"939","D'Angelo Russell",3136776,401161553,"2020",0,1,0,"Close",21,1,0,1,2
"940","D'Angelo Russell",3136776,401584114,"2024",1,25.4950975679639,0,"ThreePoint",1,NA,NA,NA,NA
"941","D'Angelo Russell",3136776,401584114,"2024",0,28.4604989415154,0,"ThreePoint",2,1,NA,NA,NA
"942","D'Angelo Russell",3136776,401584114,"2024",0,7,0,"Close",3,0,1,NA,NA
"943","D'Angelo Russell",3136776,401584114,"2024",0,4.47213595499958,0,"Close",4,0,0,1,1
"944","D'Angelo Russell",3136776,401584114,"2024",1,4,0,"Close",5,0,0,0,0
"945","D'Angelo Russell",3136776,401584114,"2024",1,27.2946881279124,0,"ThreePoint",6,1,0,0,1
"946","D'Angelo Russell",3136776,401584114,"2024",1,25.4950975679639,0,"ThreePoint",7,1,1,0,2
"947","D'Angelo Russell",3136776,401584114,"2024",1,26.9258240356725,1,"ThreePoint",8,1,1,1,3
"948","D'Angelo Russell",3136776,401584114,"2024",1,2,1,"Close",9,1,1,1,3
"949","D'Angelo Russell",3136776,401584114,"2024",1,26.1725046566048,1,"ThreePoint",10,1,1,1,3
"950","D'Angelo Russell",3136776,401584114,"2024",1,27.2946881279124,1,"ThreePoint",11,1,1,1,3
"951","D'Angelo Russell",3136776,401584114,"2024",0,25.8069758011279,1,"ThreePoint",12,1,1,1,3
"952","D'Angelo Russell",3136776,401585031,"2024",0,25.4950975679639,0,"ThreePoint",1,NA,NA,NA,NA
"953","D'Angelo Russell",3136776,401585031,"2024",1,20.8086520466848,0,"Midrange",2,0,NA,NA,NA
"954","D'Angelo Russell",3136776,401585031,"2024",1,14.142135623731,0,"Midrange",3,1,0,NA,NA
"955","D'Angelo Russell",3136776,401585031,"2024",1,21.095023109729,0,"Midrange",4,1,1,0,2
"956","D'Angelo Russell",3136776,401585031,"2024",0,14.8660687473185,1,"Midrange",5,1,1,1,3
"957","D'Angelo Russell",3136776,401585031,"2024",1,17.0293863659264,0,"Midrange",6,0,1,1,2
"958","D'Angelo Russell",3136776,401585278,"2024",0,16,0,"Midrange",1,NA,NA,NA,NA
"959","D'Angelo Russell",3136776,401585278,"2024",0,19.1049731745428,0,"Midrange",2,0,NA,NA,NA
"960","D'Angelo Russell",3136776,401585278,"2024",0,5.8309518948453,0,"Close",3,0,0,NA,NA
"961","D'Angelo Russell",3136776,401585278,"2024",1,4.47213595499958,0,"Close",4,0,0,0,0
"962","D'Angelo Russell",3136776,401585278,"2024",0,32.3882694814033,0,"ThreePoint",5,1,0,0,1
"963","D'Angelo Russell",3136776,401585278,"2024",0,7.21110255092798,0,"Close",6,0,1,0,1
"964","D'Angelo Russell",3136776,401585278,"2024",0,29,0,"ThreePoint",7,0,0,1,1
"965","D'Angelo Russell",3136776,401585278,"2024",1,19.1049731745428,0,"Midrange",8,0,0,0,0
"966","D'Angelo Russell",3136776,401585278,"2024",1,27.7848879788996,0,"ThreePoint",9,1,0,0,1
"967","D'Angelo Russell",3136776,401585278,"2024",0,28.0713376952364,0,"ThreePoint",10,1,1,0,2
"968","D'Angelo Russell",3136776,401585278,"2024",0,15.6524758424985,0,"Midrange",11,0,1,1,2
"969","D'Angelo Russell",3136776,401585278,"2024",0,9.05538513813742,0,"Midrange",12,0,0,1,1
"970","D'Angelo Russell",3136776,401585278,"2024",1,11,0,"Midrange",13,0,0,0,0
"971","D'Angelo Russell",3136776,401585278,"2024",1,27.2946881279124,0,"ThreePoint",14,1,0,0,1
"972","D'Angelo Russell",3136776,401585278,"2024",1,24.3515913237718,0,"ThreePoint",15,1,1,0,2
"973","D'Angelo Russell",3136776,401585278,"2024",0,5.65685424949238,1,"Close",16,1,1,1,3
"974","D'Angelo Russell",3136776,401585278,"2024",1,26.1725046566048,0,"ThreePoint",17,0,1,1,2
"975","D'Angelo Russell",3136776,401585278,"2024",1,27.7308492477241,0,"ThreePoint",18,1,0,1,2
"976","D'Angelo Russell",3136776,401585278,"2024",0,21.095023109729,0,"Midrange",19,1,1,0,2
"977","D'Angelo Russell",3136776,401585312,"2024",0,10,0,"Midrange",1,NA,NA,NA,NA
"978","D'Angelo Russell",3136776,401585312,"2024",0,0,0,"Close",2,0,NA,NA,NA
"979","D'Angelo Russell",3136776,401585312,"2024",0,5.65685424949238,0,"Close",3,0,0,NA,NA
"980","D'Angelo Russell",3136776,401585312,"2024",0,7.61577310586391,0,"Close",4,0,0,0,0
"981","D'Angelo Russell",3136776,401585312,"2024",0,24.0416305603426,0,"ThreePoint",5,0,0,0,0
"982","D'Angelo Russell",3136776,401585312,"2024",1,26.4196896272458,0,"ThreePoint",6,0,0,0,0
"983","D'Angelo Russell",3136776,401585312,"2024",1,26.3058928759318,0,"ThreePoint",7,1,0,0,1
"984","D'Angelo Russell",3136776,401585312,"2024",1,27.2946881279124,0,"ThreePoint",8,1,1,0,2
"985","D'Angelo Russell",3136776,401585312,"2024",0,27.8567765543682,1,"ThreePoint",9,1,1,1,3
"986","D'Angelo Russell",3136776,401585312,"2024",0,27.5862284482674,0,"ThreePoint",10,0,1,1,2
"987","D'Angelo Russell",3136776,401585312,"2024",0,16.6433169770932,0,"Midrange",11,0,0,1,1
"988","D'Angelo Russell",3136776,401585312,"2024",0,7.81024967590665,0,"Close",12,0,0,0,0
"989","D'Angelo Russell",3136776,401585312,"2024",0,12.0415945787923,0,"Midrange",13,0,0,0,0
"990","D'Angelo Russell",3136776,401585312,"2024",0,5.8309518948453,0,"Close",14,0,0,0,0
"991","D'Angelo Russell",3136776,401585312,"2024",0,3.60555127546399,0,"Close",15,0,0,0,0
"992","D'Angelo Russell",3136776,401585312,"2024",1,2,0,"Close",16,0,0,0,0
"993","D'Angelo Russell",3136776,401585312,"2024",0,28.8444102037119,0,"ThreePoint",17,1,0,0,1
"994","D'Angelo Russell",3136776,401585312,"2024",0,2.82842712474619,0,"Close",18,0,1,0,1
"995","D'Angelo Russell",3136776,401585312,"2024",1,28.6006992921502,0,"ThreePoint",19,0,0,1,1
"996","D'Angelo Russell",3136776,401585312,"2024",0,2.23606797749979,0,"Close",20,1,0,0,1
"997","Damian Lillard",6606,400900019,"2017",0,13.8924439894498,0,"Midrange",1,NA,NA,NA,NA
"998","Damian Lillard",6606,400900019,"2017",1,1,0,"Close",2,0,NA,NA,NA
"999","Damian Lillard",6606,400900019,"2017",1,1,0,"Close",3,1,0,NA,NA
"1000","Damian Lillard",6606,400900019,"2017",1,1.4142135623731,0,"Close",4,1,1,0,2
"1001","Damian Lillard",6606,400900019,"2017",1,3,1,"Close",5,1,1,1,3
"1002","Damian Lillard",6606,400900019,"2017",0,25.9615099714943,1,"ThreePoint",6,1,1,1,3
"1003","Damian Lillard",6606,400900019,"2017",1,12.6491106406735,0,"Midrange",7,0,1,1,2
"1004","Damian Lillard",6606,400900019,"2017",0,2,0,"Close",8,1,0,1,2
"1005","Damian Lillard",6606,400900019,"2017",1,13.0384048104053,0,"Midrange",9,0,1,0,1
"1006","Damian Lillard",6606,400900019,"2017",0,26.4007575648882,0,"ThreePoint",10,1,0,1,2
"1007","Damian Lillard",6606,400900019,"2017",0,7.61577310586391,0,"Close",11,0,1,0,1
"1008","Damian Lillard",6606,400900019,"2017",1,18.0277563773199,0,"Midrange",12,0,0,1,1
"1009","Damian Lillard",6606,400900019,"2017",0,27.0185121722126,0,"ThreePoint",13,1,0,0,1
"1010","Damian Lillard",6606,400900019,"2017",0,28.1780056072107,0,"ThreePoint",14,0,1,0,1
"1011","Damian Lillard",6606,400900019,"2017",0,16.0312195418814,0,"Midrange",15,0,0,1,1
"1012","Damian Lillard",6606,400900019,"2017",1,2,0,"Close",16,0,0,0,0
"1013","Damian Lillard",6606,400900019,"2017",0,24.0831891575846,0,"ThreePoint",17,1,0,0,1
"1014","Damian Lillard",6606,400900019,"2017",1,1,0,"Close",18,0,1,0,1
"1015","Damian Lillard",6606,400900019,"2017",1,26.8328157299975,0,"ThreePoint",19,1,0,1,2
"1016","Damian Lillard",6606,400900019,"2017",0,25.6124969497314,0,"ThreePoint",20,1,1,0,2
"1017","Damian Lillard",6606,400900019,"2017",0,1.4142135623731,0,"Close",21,0,1,1,2
"1018","Damian Lillard",6606,400900019,"2017",0,14.7648230602334,0,"Midrange",22,0,0,1,1
"1019","Damian Lillard",6606,400900019,"2017",0,25.2388589282479,0,"ThreePoint",23,0,0,0,0
"1020","Damian Lillard",6606,400900019,"2017",0,26.4007575648882,0,"ThreePoint",24,0,0,0,0
"1021","Damian Lillard",6606,400900019,"2017",1,2.23606797749979,0,"Close",25,0,0,0,0
"1022","Damian Lillard",6606,400900019,"2017",1,25.7099202643649,0,"ThreePoint",26,1,0,0,1
"1023","Damian Lillard",6606,400900019,"2017",0,30.2654919008431,0,"ThreePoint",27,1,1,0,2
"1024","Damian Lillard",6606,400900284,"2017",1,7.07106781186548,0,"Close",1,NA,NA,NA,NA
"1025","Damian Lillard",6606,400900284,"2017",1,17.8885438199983,0,"Midrange",2,1,NA,NA,NA
"1026","Damian Lillard",6606,400900284,"2017",0,25,0,"ThreePoint",3,1,1,NA,NA
"1027","Damian Lillard",6606,400900284,"2017",0,2,0,"Close",4,0,1,1,2
"1028","Damian Lillard",6606,400900284,"2017",0,1.4142135623731,0,"Close",5,0,0,1,1
"1029","Damian Lillard",6606,400900284,"2017",0,2.82842712474619,0,"Close",6,0,0,0,0
"1030","Damian Lillard",6606,400900284,"2017",1,18.8679622641132,0,"Midrange",7,0,0,0,0
"1031","Damian Lillard",6606,400900284,"2017",0,24.3310501211929,0,"ThreePoint",8,1,0,0,1
"1032","Damian Lillard",6606,400900284,"2017",0,9.4339811320566,0,"Midrange",9,0,1,0,1
"1033","Damian Lillard",6606,400900284,"2017",1,25.5538646783613,0,"ThreePoint",10,0,0,1,1
"1034","Damian Lillard",6606,400900284,"2017",0,14.0356688476182,0,"Midrange",11,1,0,0,1
"1035","Damian Lillard",6606,400900284,"2017",1,2.23606797749979,0,"Close",12,0,1,0,1
"1036","Damian Lillard",6606,400900284,"2017",1,29.0688837074973,0,"ThreePoint",13,1,0,1,2
"1037","Damian Lillard",6606,400900284,"2017",1,19.6977156035922,0,"Midrange",14,1,1,0,2
"1038","Damian Lillard",6606,400900284,"2017",1,24.1867732448956,1,"ThreePoint",15,1,1,1,3
"1039","Damian Lillard",6606,400900284,"2017",0,25.0199920063936,1,"ThreePoint",16,1,1,1,3
"1040","Damian Lillard",6606,400900284,"2017",0,21.095023109729,0,"Midrange",17,0,1,1,2
"1041","Damian Lillard",6606,400900284,"2017",1,25.0199920063936,0,"ThreePoint",18,0,0,1,1
"1042","Damian Lillard",6606,400900284,"2017",1,3,0,"Close",19,1,0,0,1
"1043","Damian Lillard",6606,400900284,"2017",0,4,0,"Close",20,1,1,0,2
"1044","Damian Lillard",6606,400975354,"2018",0,22.0227155455452,0,"ThreePoint",1,NA,NA,NA,NA
"1045","Damian Lillard",6606,400975354,"2018",0,28.8617393793236,0,"ThreePoint",2,0,NA,NA,NA
"1046","Damian Lillard",6606,400975354,"2018",0,28.3196045170126,0,"ThreePoint",3,0,0,NA,NA
"1047","Damian Lillard",6606,400975354,"2018",1,2.82842712474619,0,"Close",4,0,0,0,0
"1048","Damian Lillard",6606,400975354,"2018",1,3.60555127546399,0,"Close",5,1,0,0,1
"1049","Damian Lillard",6606,400975354,"2018",1,2,0,"Close",6,1,1,0,2
"1050","Damian Lillard",6606,400975354,"2018",1,1.4142135623731,1,"Close",7,1,1,1,3
"1051","Damian Lillard",6606,400975354,"2018",0,31.5753068076939,1,"ThreePoint",8,1,1,1,3
"1052","Damian Lillard",6606,400975354,"2018",1,26.8328157299975,0,"ThreePoint",9,0,1,1,2
"1053","Damian Lillard",6606,400975354,"2018",0,27,0,"ThreePoint",10,1,0,1,2
"1054","Damian Lillard",6606,400975354,"2018",0,3.16227766016838,0,"Close",11,0,1,0,1
"1055","Damian Lillard",6606,400975354,"2018",1,2.82842712474619,0,"Close",12,0,0,1,1
"1056","Damian Lillard",6606,400975354,"2018",0,26.8700576850888,0,"ThreePoint",13,1,0,0,1
"1057","Damian Lillard",6606,400975354,"2018",1,2.23606797749979,0,"Close",14,0,1,0,1
"1058","Damian Lillard",6606,400975354,"2018",1,0,0,"Close",15,1,0,1,2
"1059","Damian Lillard",6606,400975354,"2018",1,2.23606797749979,0,"Close",16,1,1,0,2
"1060","Damian Lillard",6606,400975750,"2018",0,29.6141857899217,0,"ThreePoint",1,NA,NA,NA,NA
"1061","Damian Lillard",6606,400975750,"2018",0,0,0,"Close",2,0,NA,NA,NA
"1062","Damian Lillard",6606,400975750,"2018",1,25.0199920063936,0,"ThreePoint",3,0,0,NA,NA
"1063","Damian Lillard",6606,400975750,"2018",0,1.4142135623731,0,"Close",4,1,0,0,1
"1064","Damian Lillard",6606,400975750,"2018",0,3,0,"Close",5,0,1,0,1
"1065","Damian Lillard",6606,400975750,"2018",0,27,0,"ThreePoint",6,0,0,1,1
"1066","Damian Lillard",6606,400975750,"2018",1,27.7848879788996,0,"ThreePoint",7,0,0,0,0
"1067","Damian Lillard",6606,400975750,"2018",0,25,0,"ThreePoint",8,1,0,0,1
"1068","Damian Lillard",6606,400975750,"2018",1,27.2946881279124,0,"ThreePoint",9,0,1,0,1
"1069","Damian Lillard",6606,400975750,"2018",1,25.5538646783613,0,"ThreePoint",10,1,0,1,2
"1070","Damian Lillard",6606,400975750,"2018",0,23.0217288664427,0,"ThreePoint",11,1,1,0,2
"1071","Damian Lillard",6606,400975750,"2018",1,29.2745623366089,0,"ThreePoint",12,0,1,1,2
"1072","Damian Lillard",6606,400975750,"2018",1,2.23606797749979,0,"Close",13,1,0,1,2
"1073","Damian Lillard",6606,400975750,"2018",0,28.1780056072107,0,"ThreePoint",14,1,1,0,2
"1074","Damian Lillard",6606,400975750,"2018",0,28.8617393793236,0,"ThreePoint",15,0,1,1,2
"1075","Damian Lillard",6606,400975750,"2018",1,24.4131112314674,0,"ThreePoint",16,0,0,1,1
"1076","Damian Lillard",6606,400975750,"2018",1,27.0185121722126,0,"ThreePoint",17,1,0,0,1
"1077","Damian Lillard",6606,400975750,"2018",0,27.7308492477241,0,"ThreePoint",18,1,1,0,2
"1078","Damian Lillard",6606,400975750,"2018",0,1.4142135623731,0,"Close",19,0,1,1,2
"1079","Damian Lillard",6606,401071192,"2019",1,17.464249196573,0,"Midrange",1,NA,NA,NA,NA
"1080","Damian Lillard",6606,401071192,"2019",1,18.1107702762748,0,"Midrange",2,1,NA,NA,NA
"1081","Damian Lillard",6606,401071192,"2019",0,20.2484567313166,0,"Midrange",3,1,1,NA,NA
"1082","Damian Lillard",6606,401071192,"2019",0,20.5182845286832,0,"Midrange",4,0,1,1,2
"1083","Damian Lillard",6606,401071192,"2019",0,2.23606797749979,0,"Close",5,0,0,1,1
"1084","Damian Lillard",6606,401071192,"2019",1,29.2745623366089,0,"ThreePoint",6,0,0,0,0
"1085","Damian Lillard",6606,401071192,"2019",0,3.60555127546399,0,"Close",7,1,0,0,1
"1086","Damian Lillard",6606,401071192,"2019",1,3.16227766016838,0,"Close",8,0,1,0,1
"1087","Damian Lillard",6606,401071192,"2019",0,25.5538646783613,0,"ThreePoint",9,1,0,1,2
"1088","Damian Lillard",6606,401071192,"2019",1,20,0,"Midrange",10,0,1,0,1
"1089","Damian Lillard",6606,401071192,"2019",0,13.0384048104053,0,"Midrange",11,1,0,1,2
"1090","Damian Lillard",6606,401071192,"2019",0,27,0,"ThreePoint",12,0,1,0,1
"1091","Damian Lillard",6606,401071192,"2019",0,28.6530975637888,0,"ThreePoint",13,0,0,1,1
"1092","Damian Lillard",6606,401071192,"2019",0,20,0,"Midrange",14,0,0,0,0
"1093","Damian Lillard",6606,401071192,"2019",0,10.4403065089106,0,"Midrange",15,0,0,0,0
"1094","Damian Lillard",6606,401071192,"2019",1,30.2654919008431,0,"ThreePoint",16,0,0,0,0
"1095","Damian Lillard",6606,401071192,"2019",0,31.0161248385416,0,"ThreePoint",17,1,0,0,1
"1096","Damian Lillard",6606,401071192,"2019",0,21.2602916254693,0,"Midrange",18,0,1,0,1
"1097","Damian Lillard",6606,401071192,"2019",1,25.5538646783613,0,"ThreePoint",19,0,0,1,1
"1098","Damian Lillard",6606,401071192,"2019",0,28.2842712474619,0,"ThreePoint",20,1,0,0,1
"1099","Damian Lillard",6606,401071779,"2019",1,26.1725046566048,0,"ThreePoint",1,NA,NA,NA,NA
"1100","Damian Lillard",6606,401071779,"2019",0,21.1896201004171,0,"Midrange",2,1,NA,NA,NA
"1101","Damian Lillard",6606,401071779,"2019",1,15.2643375224737,0,"Midrange",3,0,1,NA,NA
"1102","Damian Lillard",6606,401071779,"2019",1,20.3960780543711,0,"Midrange",4,1,0,1,2
"1103","Damian Lillard",6606,401071779,"2019",1,26.9258240356725,0,"ThreePoint",5,1,1,0,2
"1104","Damian Lillard",6606,401071779,"2019",0,24.4131112314674,1,"ThreePoint",6,1,1,1,3
"1105","Damian Lillard",6606,401071779,"2019",0,26.5706605111728,0,"ThreePoint",7,0,1,1,2
"1106","Damian Lillard",6606,401071779,"2019",0,27.459060435492,0,"ThreePoint",8,0,0,1,1
"1107","Damian Lillard",6606,401071779,"2019",0,25.0599281722833,0,"ThreePoint",9,0,0,0,0
"1108","Damian Lillard",6606,401071779,"2019",0,1.4142135623731,0,"Close",10,0,0,0,0
"1109","Damian Lillard",6606,401071779,"2019",1,27.2029410174709,0,"ThreePoint",11,0,0,0,0
"1110","Damian Lillard",6606,401071779,"2019",0,28.1602556806574,0,"ThreePoint",12,1,0,0,1
"1111","Damian Lillard",6606,401071779,"2019",1,19.2353840616713,0,"Midrange",13,0,1,0,1
"1112","Damian Lillard",6606,401071779,"2019",0,28.6356421265527,0,"ThreePoint",14,1,0,1,2
"1113","Damian Lillard",6606,401071779,"2019",1,0,0,"Close",15,0,1,0,1
"1114","Damian Lillard",6606,401071779,"2019",0,3.16227766016838,0,"Close",16,1,0,1,2
"1115","Damian Lillard",6606,401071779,"2019",0,17.2046505340853,0,"Midrange",17,0,1,0,1
"1116","Damian Lillard",6606,401071779,"2019",1,26.1725046566048,0,"ThreePoint",18,0,0,1,1
"1117","Damian Lillard",6606,401071779,"2019",0,25.0199920063936,0,"ThreePoint",19,1,0,0,1
"1118","Damian Lillard",6606,401071779,"2019",0,19.9248588451713,0,"Midrange",20,0,1,0,1
"1119","Damian Lillard",6606,401071779,"2019",0,1,0,"Close",21,0,0,1,1
"1120","Damian Lillard",6606,401071779,"2019",0,26.9258240356725,0,"ThreePoint",22,0,0,0,0
"1121","Damian Lillard",6606,401071779,"2019",0,27.459060435492,0,"ThreePoint",23,0,0,0,0
"1122","Damian Lillard",6606,401071779,"2019",1,20,0,"Midrange",24,0,0,0,0
"1123","Damian Lillard",6606,401071779,"2019",0,28.0178514522438,0,"ThreePoint",25,1,0,0,1
"1124","Damian Lillard",6606,401071779,"2019",0,28.6356421265527,0,"ThreePoint",26,0,1,0,1
"1125","Damian Lillard",6606,401071779,"2019",0,15.2970585407784,0,"Midrange",27,0,0,1,1
"1126","Damian Lillard",6606,401071779,"2019",1,2,0,"Close",28,0,0,0,0
"1127","Damian Lillard",6606,401071779,"2019",0,21.9317121994613,0,"Midrange",29,1,0,0,1
"1128","Damian Lillard",6606,401071779,"2019",0,33.6154726279432,0,"ThreePoint",30,0,1,0,1
"1129","Damian Lillard",6606,401267282,"2021",0,14,0,"Midrange",1,NA,NA,NA,NA
"1130","Damian Lillard",6606,401267282,"2021",1,2,0,"Close",2,0,NA,NA,NA
"1131","Damian Lillard",6606,401267282,"2021",0,29.1204395571221,0,"ThreePoint",3,1,0,NA,NA
"1132","Damian Lillard",6606,401267282,"2021",1,20.0997512422418,0,"Midrange",4,0,1,0,1
"1133","Damian Lillard",6606,401267282,"2021",0,1.4142135623731,0,"Close",5,1,0,1,2
"1134","Damian Lillard",6606,401267282,"2021",1,1.4142135623731,0,"Close",6,0,1,0,1
"1135","Damian Lillard",6606,401267282,"2021",1,26.1725046566048,0,"ThreePoint",7,1,0,1,2
"1136","Damian Lillard",6606,401267282,"2021",1,2,0,"Close",8,1,1,0,2
"1137","Damian Lillard",6606,401267282,"2021",0,24.4131112314674,1,"ThreePoint",9,1,1,1,3
"1138","Damian Lillard",6606,401267282,"2021",1,26.4007575648882,0,"ThreePoint",10,0,1,1,2
"1139","Damian Lillard",6606,401267282,"2021",0,29.0172362570938,0,"ThreePoint",11,1,0,1,2
"1140","Damian Lillard",6606,401267282,"2021",1,24.6981780704569,0,"ThreePoint",12,0,1,0,1
"1141","Damian Lillard",6606,401267282,"2021",1,1,0,"Close",13,1,0,1,2
"1142","Damian Lillard",6606,401267282,"2021",1,27.459060435492,0,"ThreePoint",14,1,1,0,2
"1143","Damian Lillard",6606,401267282,"2021",1,32.649655434629,1,"ThreePoint",15,1,1,1,3
"1144","Damian Lillard",6606,401267282,"2021",0,24.6981780704569,1,"ThreePoint",16,1,1,1,3
"1145","Damian Lillard",6606,401267282,"2021",0,1.4142135623731,0,"Close",17,0,1,1,2
"1146","Damian Lillard",6606,401267282,"2021",1,1,0,"Close",18,0,0,1,1
"1147","Damian Lillard",6606,401267282,"2021",1,26.0192236625154,0,"ThreePoint",19,1,0,0,1
"1148","Damian Lillard",6606,401267282,"2021",1,30.0166620396073,0,"ThreePoint",20,1,1,0,2
"1149","Damian Lillard",6606,401267282,"2021",0,26.6270539113887,1,"ThreePoint",21,1,1,1,3
"1150","Damian Lillard",6606,401468644,"2023",0,26.6270539113887,0,"ThreePoint",1,NA,NA,NA,NA
"1151","Damian Lillard",6606,401468644,"2023",1,2.23606797749979,0,"Close",2,0,NA,NA,NA
"1152","Damian Lillard",6606,401468644,"2023",1,3.16227766016838,0,"Close",3,1,0,NA,NA
"1153","Damian Lillard",6606,401468644,"2023",0,31.3209195267317,0,"ThreePoint",4,1,1,0,2
"1154","Damian Lillard",6606,401468644,"2023",1,2,0,"Close",5,0,1,1,2
"1155","Damian Lillard",6606,401468644,"2023",0,12.0415945787923,0,"Midrange",6,1,0,1,2
"1156","Damian Lillard",6606,401468644,"2023",0,3,0,"Close",7,0,1,0,1
"1157","Damian Lillard",6606,401468644,"2023",1,23.0217288664427,0,"ThreePoint",8,0,0,1,1
"1158","Damian Lillard",6606,401468644,"2023",1,25.4950975679639,0,"ThreePoint",9,1,0,0,1
"1159","Damian Lillard",6606,401468644,"2023",0,7.81024967590665,0,"Close",10,1,1,0,2
"1160","Damian Lillard",6606,401468644,"2023",1,10.4403065089106,0,"Midrange",11,0,1,1,2
"1161","Damian Lillard",6606,401468644,"2023",0,25.0798724079689,0,"ThreePoint",12,1,0,1,2
"1162","Damian Lillard",6606,401468644,"2023",0,4.12310562561766,0,"Close",13,0,1,0,1
"1163","Damian Lillard",6606,401468644,"2023",0,26.5706605111728,0,"ThreePoint",14,0,0,1,1
"1164","Damian Lillard",6606,401468644,"2023",1,33.1058907144937,0,"ThreePoint",15,0,0,0,0
"1165","Damian Lillard",6606,401468644,"2023",0,26.1725046566048,0,"ThreePoint",16,1,0,0,1
"1166","Damian Lillard",6606,401468644,"2023",0,6.40312423743285,0,"Close",17,0,1,0,1
"1167","Damian Lillard",6606,401468644,"2023",1,11.7046999107196,0,"Midrange",18,0,0,1,1
"1168","Damian Lillard",6606,401468644,"2023",1,27.6586333718787,0,"ThreePoint",19,1,0,0,1
"1169","Damian Lillard",6606,401468644,"2023",0,26,0,"ThreePoint",20,1,1,0,2
"1170","Damian Lillard",6606,401468644,"2023",1,2.82842712474619,0,"Close",21,0,1,1,2
"1171","Damian Lillard",6606,401468644,"2023",0,26.1725046566048,0,"ThreePoint",22,1,0,1,2
"1172","Damian Lillard",6606,401584833,"2024",0,18.6815416922694,0,"Midrange",1,NA,NA,NA,NA
"1173","Damian Lillard",6606,401584833,"2024",0,28.8617393793236,0,"ThreePoint",2,0,NA,NA,NA
"1174","Damian Lillard",6606,401584833,"2024",1,11.0453610171873,0,"Midrange",3,0,0,NA,NA
"1175","Damian Lillard",6606,401584833,"2024",0,25.4558441227157,0,"ThreePoint",4,1,0,0,1
"1176","Damian Lillard",6606,401584833,"2024",1,24.1660919471891,0,"ThreePoint",5,0,1,0,1
"1177","Damian Lillard",6606,401584833,"2024",1,25.4950975679639,0,"ThreePoint",6,1,0,1,2
"1178","Damian Lillard",6606,401584833,"2024",0,3,0,"Close",7,1,1,0,2
"1179","Damian Lillard",6606,401584833,"2024",0,20.2237484161567,0,"Midrange",8,0,1,1,2
"1180","Damian Lillard",6606,401584833,"2024",0,1.4142135623731,0,"Close",9,0,0,1,1
"1181","Damian Lillard",6606,401584833,"2024",1,25.6320112359526,0,"ThreePoint",10,0,0,0,0
"1182","Damian Lillard",6606,401584833,"2024",0,26.1725046566048,0,"ThreePoint",11,1,0,0,1
"1183","Damian Lillard",6606,401584833,"2024",1,1,0,"Close",12,0,1,0,1
"1184","Damian Lillard",6606,401584833,"2024",0,22.0227155455452,0,"ThreePoint",13,1,0,1,2
"1185","Damian Lillard",6606,401584833,"2024",0,23.3452350598575,0,"ThreePoint",14,0,1,0,1
"1186","Damian Lillard",6606,401584833,"2024",1,13.0384048104053,0,"Midrange",15,0,0,1,1
"1187","Damian Lillard",6606,401584833,"2024",0,29.0688837074973,0,"ThreePoint",16,1,0,0,1
"1188","Damian Lillard",6606,401584833,"2024",1,27.6586333718787,0,"ThreePoint",17,0,1,0,1
"1189","Damian Lillard",6606,401584833,"2024",0,31.6227766016838,0,"ThreePoint",18,1,0,1,2
"1190","Damian Lillard",6606,401607494,"2024",0,17.0880074906351,0,"Midrange",1,NA,NA,NA,NA
"1191","Damian Lillard",6606,401607494,"2024",0,24.738633753706,0,"ThreePoint",2,0,NA,NA,NA
"1192","Damian Lillard",6606,401607494,"2024",0,10.295630140987,0,"Midrange",3,0,0,NA,NA
"1193","Damian Lillard",6606,401607494,"2024",0,26,0,"ThreePoint",4,0,0,0,0
"1194","Damian Lillard",6606,401607494,"2024",0,2.23606797749979,0,"Close",5,0,0,0,0
"1195","Damian Lillard",6606,401607494,"2024",0,15.6204993518133,0,"Midrange",6,0,0,0,0
"1196","Damian Lillard",6606,401607494,"2024",0,15.556349186104,0,"Midrange",7,0,0,0,0
"1197","Damian Lillard",6606,401607494,"2024",1,2.23606797749979,0,"Close",8,0,0,0,0
"1198","Damian Lillard",6606,401607494,"2024",1,13.0384048104053,0,"Midrange",9,1,0,0,1
"1199","Damian Lillard",6606,401607494,"2024",0,30.6757233003559,0,"ThreePoint",10,1,1,0,2
"1200","Damian Lillard",6606,401607494,"2024",1,27.0739727413618,0,"ThreePoint",11,0,1,1,2
"1201","Damian Lillard",6606,401607494,"2024",1,25.9615099714943,0,"ThreePoint",12,1,0,1,2
"1202","Damian Lillard",6606,401607494,"2024",1,28.8617393793236,0,"ThreePoint",13,1,1,0,2
"1203","Damian Lillard",6606,401607494,"2024",1,26.1725046566048,1,"ThreePoint",14,1,1,1,3
"1204","Damian Lillard",6606,401607494,"2024",0,6.40312423743285,1,"Close",15,1,1,1,3
"1205","Damian Lillard",6606,401607494,"2024",0,26.2488094968134,0,"ThreePoint",16,0,1,1,2
"1206","Damian Lillard",6606,401607494,"2024",0,2.23606797749979,0,"Close",17,0,0,1,1
"1207","Damian Lillard",6606,401607494,"2024",1,3,0,"Close",18,0,0,0,0
"1208","Damian Lillard",6606,401607494,"2024",0,25.4950975679639,0,"ThreePoint",19,1,0,0,1
"1209","Damian Lillard",6606,401607494,"2024",0,3.60555127546399,0,"Close",20,0,1,0,1
"1210","Darius Garland",4396907,401468758,"2023",1,8.06225774829855,0,"Midrange",1,NA,NA,NA,NA
"1211","Darius Garland",4396907,401468758,"2023",1,8.06225774829855,0,"Midrange",2,1,NA,NA,NA
"1212","Darius Garland",4396907,401468758,"2023",1,1,0,"Close",3,1,1,NA,NA
"1213","Darius Garland",4396907,401468758,"2023",1,13.4536240470737,1,"Midrange",4,1,1,1,3
"1214","Darius Garland",4396907,401468758,"2023",1,25.7099202643649,1,"ThreePoint",5,1,1,1,3
"1215","Darius Garland",4396907,401468758,"2023",0,29.4278779391243,1,"ThreePoint",6,1,1,1,3
"1216","Darius Garland",4396907,401468758,"2023",0,24.8394846967484,0,"ThreePoint",7,0,1,1,2
"1217","Darius Garland",4396907,401468758,"2023",0,8.54400374531753,0,"Midrange",8,0,0,1,1
"1218","Darius Garland",4396907,401468758,"2023",0,8.06225774829855,0,"Midrange",9,0,0,0,0
"1219","Darius Garland",4396907,401468758,"2023",0,13.1529464379659,0,"Midrange",10,0,0,0,0
"1220","Darius Garland",4396907,401468758,"2023",0,21.4709105535839,0,"Midrange",11,0,0,0,0
"1221","Darius Garland",4396907,401468758,"2023",0,4,0,"Close",12,0,0,0,0
"1222","Darius Garland",4396907,401468758,"2023",1,27.3130005674953,0,"ThreePoint",13,0,0,0,0
"1223","Darius Garland",4396907,401468758,"2023",0,25.8069758011279,0,"ThreePoint",14,1,0,0,1
"1224","Darius Garland",4396907,401468758,"2023",1,18.6010752377383,0,"Midrange",15,0,1,0,1
"1225","Darius Garland",4396907,401468758,"2023",0,19.1049731745428,0,"Midrange",16,1,0,1,2
"1226","Darius Garland",4396907,401468758,"2023",1,1,0,"Close",17,0,1,0,1
"1227","De'Aaron Fox",4066259,401070732,"2019",0,24.1660919471891,0,"ThreePoint",1,NA,NA,NA,NA
"1228","De'Aaron Fox",4066259,401070732,"2019",0,5.8309518948453,0,"Close",2,0,NA,NA,NA
"1229","De'Aaron Fox",4066259,401070732,"2019",0,5,0,"Close",3,0,0,NA,NA
"1230","De'Aaron Fox",4066259,401070732,"2019",1,2,0,"Close",4,0,0,0,0
"1231","De'Aaron Fox",4066259,401070732,"2019",1,9.21954445729289,0,"Midrange",5,1,0,0,1
"1232","De'Aaron Fox",4066259,401070732,"2019",0,25.1793566240283,0,"ThreePoint",6,1,1,0,2
"1233","De'Aaron Fox",4066259,401070732,"2019",0,19.1049731745428,0,"Midrange",7,0,1,1,2
"1234","De'Aaron Fox",4066259,401070732,"2019",0,3,0,"Close",8,0,0,1,1
"1235","De'Aaron Fox",4066259,401071630,"2019",0,16.7630546142402,0,"Midrange",1,NA,NA,NA,NA
"1236","De'Aaron Fox",4066259,401071630,"2019",1,24.7588368062799,0,"ThreePoint",2,0,NA,NA,NA
"1237","De'Aaron Fox",4066259,401071630,"2019",0,2.23606797749979,0,"Close",3,1,0,NA,NA
"1238","De'Aaron Fox",4066259,401071630,"2019",1,1,0,"Close",4,0,1,0,1
"1239","De'Aaron Fox",4066259,401071630,"2019",0,4.12310562561766,0,"Close",5,1,0,1,2
"1240","De'Aaron Fox",4066259,401071630,"2019",1,2.23606797749979,0,"Close",6,0,1,0,1
"1241","De'Aaron Fox",4066259,401071630,"2019",0,6.32455532033676,0,"Close",7,1,0,1,2
"1242","De'Aaron Fox",4066259,401071630,"2019",0,8.06225774829855,0,"Midrange",8,0,1,0,1
"1243","De'Aaron Fox",4066259,401071630,"2019",0,8.54400374531753,0,"Midrange",9,0,0,1,1
"1244","De'Aaron Fox",4066259,401071630,"2019",1,2.23606797749979,0,"Close",10,0,0,0,0
"1245","De'Aaron Fox",4066259,401071630,"2019",0,25,0,"ThreePoint",11,1,0,0,1
"1246","De'Aaron Fox",4066259,401071630,"2019",1,1.4142135623731,0,"Close",12,0,1,0,1
"1247","De'Aaron Fox",4066259,401267452,"2021",0,3.16227766016838,0,"Close",1,NA,NA,NA,NA
"1248","De'Aaron Fox",4066259,401267452,"2021",1,23.1948270094864,0,"ThreePoint",2,0,NA,NA,NA
"1249","De'Aaron Fox",4066259,401267452,"2021",0,3.60555127546399,0,"Close",3,1,0,NA,NA
"1250","De'Aaron Fox",4066259,401267452,"2021",0,26,0,"ThreePoint",4,0,1,0,1
"1251","De'Aaron Fox",4066259,401267452,"2021",1,3.60555127546399,0,"Close",5,0,0,1,1
"1252","De'Aaron Fox",4066259,401267452,"2021",1,28.6530975637888,0,"ThreePoint",6,1,0,0,1
"1253","De'Aaron Fox",4066259,401267452,"2021",0,13.0384048104053,0,"Midrange",7,1,1,0,2
"1254","De'Aaron Fox",4066259,401267452,"2021",1,1,0,"Close",8,0,1,1,2
"1255","De'Aaron Fox",4066259,401267452,"2021",0,26.0768096208106,0,"ThreePoint",9,1,0,1,2
"1256","De'Aaron Fox",4066259,401267452,"2021",1,3.16227766016838,0,"Close",10,0,1,0,1
"1257","De'Aaron Fox",4066259,401267452,"2021",1,25,0,"ThreePoint",11,1,0,1,2
"1258","De'Aaron Fox",4066259,401267452,"2021",1,7,0,"Close",12,1,1,0,2
"1259","De'Aaron Fox",4066259,401267452,"2021",0,22.3606797749979,1,"ThreePoint",13,1,1,1,3
"1260","De'Aaron Fox",4066259,401267452,"2021",1,2.82842712474619,0,"Close",14,0,1,1,2
"1261","De'Aaron Fox",4066259,401307404,"2021",0,26.0768096208106,0,"ThreePoint",1,NA,NA,NA,NA
"1262","De'Aaron Fox",4066259,401307404,"2021",1,11.6619037896906,0,"Midrange",2,0,NA,NA,NA
"1263","De'Aaron Fox",4066259,401307404,"2021",1,6.40312423743285,0,"Close",3,1,0,NA,NA
"1264","De'Aaron Fox",4066259,401307404,"2021",0,21.095023109729,0,"Midrange",4,1,1,0,2
"1265","De'Aaron Fox",4066259,401307404,"2021",1,25.3179778023443,0,"ThreePoint",5,0,1,1,2
"1266","De'Aaron Fox",4066259,401307404,"2021",0,17.0880074906351,0,"Midrange",6,1,0,1,2
"1267","De'Aaron Fox",4066259,401307404,"2021",0,12.369316876853,0,"Midrange",7,0,1,0,1
"1268","De'Aaron Fox",4066259,401307404,"2021",0,27.0185121722126,0,"ThreePoint",8,0,0,1,1
"1269","De'Aaron Fox",4066259,401307404,"2021",0,27.2029410174709,0,"ThreePoint",9,0,0,0,0
"1270","De'Aaron Fox",4066259,401307404,"2021",1,2,0,"Close",10,0,0,0,0
"1271","De'Aaron Fox",4066259,401307404,"2021",0,5,0,"Close",11,1,0,0,1
"1272","De'Aaron Fox",4066259,401307404,"2021",1,12.0415945787923,0,"Midrange",12,0,1,0,1
"1273","De'Aaron Fox",4066259,401307404,"2021",0,16.0312195418814,0,"Midrange",13,1,0,1,2
"1274","De'Aaron Fox",4066259,401307404,"2021",1,6.08276253029822,0,"Close",14,0,1,0,1
"1275","De'Aaron Fox",4066259,401307404,"2021",0,14.8660687473185,0,"Midrange",15,1,0,1,2
"1276","De'Aaron Fox",4066259,401307404,"2021",0,13.6014705087354,0,"Midrange",16,0,1,0,1
"1277","De'Aaron Fox",4066259,401307404,"2021",0,27.6586333718787,0,"ThreePoint",17,0,0,1,1
"1278","De'Aaron Fox",4066259,401307404,"2021",1,3,0,"Close",18,0,0,0,0
"1279","De'Aaron Fox",4066259,401307404,"2021",0,26.8328157299975,0,"ThreePoint",19,1,0,0,1
"1280","De'Aaron Fox",4066259,401307404,"2021",0,2.23606797749979,0,"Close",20,0,1,0,1
"1281","De'Aaron Fox",4066259,401307404,"2021",1,19.1049731745428,0,"Midrange",21,0,0,1,1
"1282","De'Aaron Fox",4066259,401468718,"2023",0,24.5967477524977,0,"ThreePoint",1,NA,NA,NA,NA
"1283","De'Aaron Fox",4066259,401468718,"2023",0,8.54400374531753,0,"Midrange",2,0,NA,NA,NA
"1284","De'Aaron Fox",4066259,401468718,"2023",0,25.2388589282479,0,"ThreePoint",3,0,0,NA,NA
"1285","De'Aaron Fox",4066259,401468718,"2023",1,11,0,"Midrange",4,0,0,0,0
"1286","De'Aaron Fox",4066259,401468718,"2023",1,3.60555127546399,0,"Close",5,1,0,0,1
"1287","De'Aaron Fox",4066259,401468718,"2023",0,1.4142135623731,0,"Close",6,1,1,0,2
"1288","De'Aaron Fox",4066259,401468718,"2023",1,4.47213595499958,0,"Close",7,0,1,1,2
"1289","De'Aaron Fox",4066259,401468718,"2023",1,8.48528137423857,0,"Midrange",8,1,0,1,2
"1290","De'Aaron Fox",4066259,401468718,"2023",0,25.4950975679639,0,"ThreePoint",9,1,1,0,2
"1291","De'Aaron Fox",4066259,401468718,"2023",1,3.60555127546399,0,"Close",10,0,1,1,2
"1292","De'Aaron Fox",4066259,401468718,"2023",1,14.422205101856,0,"Midrange",11,1,0,1,2
"1293","De'Aaron Fox",4066259,401468718,"2023",0,6.08276253029822,0,"Close",12,1,1,0,2
"1294","De'Aaron Fox",4066259,401468718,"2023",1,25.2388589282479,0,"ThreePoint",13,0,1,1,2
"1295","De'Aaron Fox",4066259,401468718,"2023",0,26,0,"ThreePoint",14,1,0,1,2
"1296","De'Aaron Fox",4066259,401468718,"2023",1,15.0332963783729,0,"Midrange",15,0,1,0,1
"1297","De'Aaron Fox",4066259,401468718,"2023",1,2.82842712474619,0,"Close",16,1,0,1,2
"1298","De'Aaron Fox",4066259,401468718,"2023",1,18.4390889145858,0,"Midrange",17,1,1,0,2
"1299","De'Aaron Fox",4066259,401468718,"2023",1,16.0312195418814,1,"Midrange",18,1,1,1,3
"1300","De'Aaron Fox",4066259,401468718,"2023",1,6,1,"Close",19,1,1,1,3
"1301","De'Aaron Fox",4066259,401468718,"2023",1,2.82842712474619,1,"Close",20,1,1,1,3
"1302","De'Aaron Fox",4066259,401468718,"2023",1,18.0277563773199,1,"Midrange",21,1,1,1,3
"1303","De'Aaron Fox",4066259,401468718,"2023",1,4.24264068711928,1,"Close",22,1,1,1,3
"1304","DeMar DeRozan",3978,400827911,"2016",0,20.2484567313166,0,"Midrange",1,NA,NA,NA,NA
"1305","DeMar DeRozan",3978,400827911,"2016",0,13,0,"Midrange",2,0,NA,NA,NA
"1306","DeMar DeRozan",3978,400827911,"2016",0,2,0,"Close",3,0,0,NA,NA
"1307","DeMar DeRozan",3978,400827911,"2016",1,24,0,"ThreePoint",4,0,0,0,0
"1308","DeMar DeRozan",3978,400827911,"2016",0,24.0831891575846,0,"ThreePoint",5,1,0,0,1
"1309","DeMar DeRozan",3978,400827911,"2016",0,13.6014705087354,0,"Midrange",6,0,1,0,1
"1310","DeMar DeRozan",3978,400827911,"2016",1,0,0,"Close",7,0,0,1,1
"1311","DeMar DeRozan",3978,400827911,"2016",0,18.3575597506858,0,"Midrange",8,1,0,0,1
"1312","DeMar DeRozan",3978,400827911,"2016",1,14.0356688476182,0,"Midrange",9,0,1,0,1
"1313","DeMar DeRozan",3978,400827911,"2016",0,23,0,"ThreePoint",10,1,0,1,2
"1314","DeMar DeRozan",3978,400827911,"2016",0,8.60232526704263,0,"Midrange",11,0,1,0,1
"1315","DeMar DeRozan",3978,400827911,"2016",0,24.1867732448956,0,"ThreePoint",12,0,0,1,1
"1316","DeMar DeRozan",3978,400827911,"2016",1,11.7046999107196,0,"Midrange",13,0,0,0,0
"1317","DeMar DeRozan",3978,400827911,"2016",1,18.0277563773199,0,"Midrange",14,1,0,0,1
"1318","DeMar DeRozan",3978,400827911,"2016",0,11.7046999107196,0,"Midrange",15,1,1,0,2
"1319","DeMar DeRozan",3978,400900284,"2017",1,3.60555127546399,0,"Close",1,NA,NA,NA,NA
"1320","DeMar DeRozan",3978,400900284,"2017",1,2.23606797749979,0,"Close",2,1,NA,NA,NA
"1321","DeMar DeRozan",3978,400900284,"2017",1,1,0,"Close",3,1,1,NA,NA
"1322","DeMar DeRozan",3978,400900284,"2017",0,6.32455532033676,1,"Close",4,1,1,1,3
"1323","DeMar DeRozan",3978,400900284,"2017",0,7.61577310586391,0,"Close",5,0,1,1,2
"1324","DeMar DeRozan",3978,400900284,"2017",0,22.0227155455452,0,"ThreePoint",6,0,0,1,1
"1325","DeMar DeRozan",3978,400900284,"2017",1,5.3851648071345,0,"Close",7,0,0,0,0
"1326","DeMar DeRozan",3978,400900284,"2017",0,27,0,"ThreePoint",8,1,0,0,1
"1327","DeMar DeRozan",3978,400900284,"2017",1,1.4142135623731,0,"Close",9,0,1,0,1
"1328","DeMar DeRozan",3978,400900284,"2017",1,7,0,"Close",10,1,0,1,2
"1329","DeMar DeRozan",3978,400900284,"2017",0,21.2132034355964,0,"Midrange",11,1,1,0,2
"1330","DeMar DeRozan",3978,400900284,"2017",1,20.0997512422418,0,"Midrange",12,0,1,1,2
"1331","DeMar DeRozan",3978,400900284,"2017",1,17.8885438199983,0,"Midrange",13,1,0,1,2
"1332","DeMar DeRozan",3978,400900284,"2017",0,18.4390889145858,0,"Midrange",14,1,1,0,2
"1333","DeMar DeRozan",3978,400900284,"2017",1,17.8885438199983,0,"Midrange",15,0,1,1,2
"1334","DeMar DeRozan",3978,400900284,"2017",0,2.23606797749979,0,"Close",16,1,0,1,2
"1335","DeMar DeRozan",3978,400974769,"2018",0,7.07106781186548,0,"Close",1,NA,NA,NA,NA
"1336","DeMar DeRozan",3978,400974769,"2018",0,1.4142135623731,0,"Close",2,0,NA,NA,NA
"1337","DeMar DeRozan",3978,400974769,"2018",0,11.7046999107196,0,"Midrange",3,0,0,NA,NA
"1338","DeMar DeRozan",3978,400974769,"2018",0,13,0,"Midrange",4,0,0,0,0
"1339","DeMar DeRozan",3978,400974769,"2018",0,3.16227766016838,0,"Close",5,0,0,0,0
"1340","DeMar DeRozan",3978,400974769,"2018",1,15.2315462117278,0,"Midrange",6,0,0,0,0
"1341","DeMar DeRozan",3978,400974769,"2018",0,19.2353840616713,0,"Midrange",7,1,0,0,1
"1342","DeMar DeRozan",3978,400974769,"2018",1,10.770329614269,0,"Midrange",8,0,1,0,1
"1343","DeMar DeRozan",3978,400974769,"2018",0,14,0,"Midrange",9,1,0,1,2
"1344","DeMar DeRozan",3978,400974904,"2018",1,14.142135623731,0,"Midrange",1,NA,NA,NA,NA
"1345","DeMar DeRozan",3978,400974904,"2018",1,10.4403065089106,0,"Midrange",2,1,NA,NA,NA
"1346","DeMar DeRozan",3978,400974904,"2018",0,4.12310562561766,0,"Close",3,1,1,NA,NA
"1347","DeMar DeRozan",3978,400974904,"2018",0,16.0312195418814,0,"Midrange",4,0,1,1,2
"1348","DeMar DeRozan",3978,400974904,"2018",0,17.4928556845359,0,"Midrange",5,0,0,1,1
"1349","DeMar DeRozan",3978,400974904,"2018",0,13.9283882771841,0,"Midrange",6,0,0,0,0
"1350","DeMar DeRozan",3978,400974904,"2018",1,16.1245154965971,0,"Midrange",7,0,0,0,0
"1351","DeMar DeRozan",3978,400974904,"2018",1,5,0,"Close",8,1,0,0,1
"1352","DeMar DeRozan",3978,400974904,"2018",1,7.61577310586391,0,"Close",9,1,1,0,2
"1353","DeMar DeRozan",3978,400974904,"2018",1,25.1793566240283,1,"ThreePoint",10,1,1,1,3
"1354","DeMar DeRozan",3978,400974904,"2018",1,26.4764045897475,1,"ThreePoint",11,1,1,1,3
"1355","DeMar DeRozan",3978,400974904,"2018",0,10.4403065089106,1,"Midrange",12,1,1,1,3
"1356","DeMar DeRozan",3978,400974904,"2018",0,10.0498756211209,0,"Midrange",13,0,1,1,2
"1357","DeMar DeRozan",3978,400974904,"2018",0,11.1803398874989,0,"Midrange",14,0,0,1,1
"1358","DeMar DeRozan",3978,400974904,"2018",1,5,0,"Close",15,0,0,0,0
"1359","DeMar DeRozan",3978,400974904,"2018",0,14.8660687473185,0,"Midrange",16,1,0,0,1
"1360","DeMar DeRozan",3978,400974904,"2018",0,13.6014705087354,0,"Midrange",17,0,1,0,1
"1361","DeMar DeRozan",3978,400974904,"2018",1,12.0830459735946,0,"Midrange",18,0,0,1,1
"1362","DeMar DeRozan",3978,400975306,"2018",1,25.6320112359526,0,"ThreePoint",1,NA,NA,NA,NA
"1363","DeMar DeRozan",3978,400975306,"2018",0,25.4950975679639,0,"ThreePoint",2,1,NA,NA,NA
"1364","DeMar DeRozan",3978,400975306,"2018",0,10,0,"Midrange",3,0,1,NA,NA
"1365","DeMar DeRozan",3978,400975306,"2018",0,10.0498756211209,0,"Midrange",4,0,0,1,1
"1366","DeMar DeRozan",3978,400975306,"2018",0,25.4558441227157,0,"ThreePoint",5,0,0,0,0
"1367","DeMar DeRozan",3978,400975306,"2018",0,21.540659228538,0,"Midrange",6,0,0,0,0
"1368","DeMar DeRozan",3978,400975306,"2018",0,4.12310562561766,0,"Close",7,0,0,0,0
"1369","DeMar DeRozan",3978,400975306,"2018",1,1,0,"Close",8,0,0,0,0
"1370","DeMar DeRozan",3978,400975306,"2018",0,7.07106781186548,0,"Close",9,1,0,0,1
"1371","DeMar DeRozan",3978,400975306,"2018",1,15.6204993518133,0,"Midrange",10,0,1,0,1
"1372","DeMar DeRozan",3978,400975306,"2018",1,26,0,"ThreePoint",11,1,0,1,2
"1373","DeMar DeRozan",3978,400975306,"2018",0,18.0277563773199,0,"Midrange",12,1,1,0,2
"1374","DeMar DeRozan",3978,400975306,"2018",1,17.4928556845359,0,"Midrange",13,0,1,1,2
"1375","DeMar DeRozan",3978,400975306,"2018",1,5.3851648071345,0,"Close",14,1,0,1,2
"1376","DeMar DeRozan",3978,400975306,"2018",1,26,0,"ThreePoint",15,1,1,0,2
"1377","DeMar DeRozan",3978,400975306,"2018",0,16.0312195418814,1,"Midrange",16,1,1,1,3
"1378","DeMar DeRozan",3978,400975306,"2018",1,3.16227766016838,0,"Close",17,0,1,1,2
"1379","DeMar DeRozan",3978,400975306,"2018",1,25.0599281722833,0,"ThreePoint",18,1,0,1,2
"1380","DeMar DeRozan",3978,400975306,"2018",0,27,0,"ThreePoint",19,1,1,0,2
"1381","DeMar DeRozan",3978,400975306,"2018",1,23.0217288664427,0,"ThreePoint",20,0,1,1,2
"1382","DeMar DeRozan",3978,401360095,"2022",0,2.82842712474619,0,"Close",1,NA,NA,NA,NA
"1383","DeMar DeRozan",3978,401360095,"2022",0,15.2315462117278,0,"Midrange",2,0,NA,NA,NA
"1384","DeMar DeRozan",3978,401360095,"2022",0,23.0867927612304,0,"ThreePoint",3,0,0,NA,NA
"1385","DeMar DeRozan",3978,401360095,"2022",0,13.0384048104053,0,"Midrange",4,0,0,0,0
"1386","DeMar DeRozan",3978,401360095,"2022",1,16.7630546142402,0,"Midrange",5,0,0,0,0
"1387","DeMar DeRozan",3978,401360095,"2022",1,8.60232526704263,0,"Midrange",6,1,0,0,1
"1388","DeMar DeRozan",3978,401360095,"2022",0,20.2484567313166,0,"Midrange",7,1,1,0,2
"1389","DeMar DeRozan",3978,401360095,"2022",0,14.422205101856,0,"Midrange",8,0,1,1,2
"1390","DeMar DeRozan",3978,401360095,"2022",0,44.5533388198909,0,"ThreePoint",9,0,0,1,1
"1391","DeMar DeRozan",3978,401360095,"2022",0,13,0,"Midrange",10,0,0,0,0
"1392","DeMar DeRozan",3978,401360095,"2022",0,26,0,"ThreePoint",11,0,0,0,0
"1393","DeMar DeRozan",3978,401360095,"2022",1,9.05538513813742,0,"Midrange",12,0,0,0,0
"1394","DeMar DeRozan",3978,401360095,"2022",1,1.4142135623731,0,"Close",13,1,0,0,1
"1395","DeMar DeRozan",3978,401360095,"2022",1,2.23606797749979,0,"Close",14,1,1,0,2
"1396","DeMar DeRozan",3978,401360095,"2022",0,4.12310562561766,1,"Close",15,1,1,1,3
"1397","DeMar DeRozan",3978,401360095,"2022",0,5,0,"Close",16,0,1,1,2
"1398","DeMar DeRozan",3978,401360095,"2022",0,9,0,"Midrange",17,0,0,1,1
"1399","DeMar DeRozan",3978,401360095,"2022",1,14.3178210632764,0,"Midrange",18,0,0,0,0
"1400","DeMar DeRozan",3978,401360095,"2022",0,23.0217288664427,0,"ThreePoint",19,1,0,0,1
"1401","Dejounte Murray",3907497,401360843,"2022",0,22.0227155455452,0,"ThreePoint",1,NA,NA,NA,NA
"1402","Dejounte Murray",3907497,401360843,"2022",0,25.6124969497314,0,"ThreePoint",2,0,NA,NA,NA
"1403","Dejounte Murray",3907497,401360843,"2022",0,15.8113883008419,0,"Midrange",3,0,0,NA,NA
"1404","Dejounte Murray",3907497,401360843,"2022",1,2,0,"Close",4,0,0,0,0
"1405","Dejounte Murray",3907497,401360843,"2022",1,1.4142135623731,0,"Close",5,1,0,0,1
"1406","Dejounte Murray",3907497,401360843,"2022",1,1,0,"Close",6,1,1,0,2
"1407","Dejounte Murray",3907497,401360843,"2022",0,1.4142135623731,1,"Close",7,1,1,1,3
"1408","Dejounte Murray",3907497,401360843,"2022",0,5.8309518948453,0,"Close",8,0,1,1,2
"1409","Dejounte Murray",3907497,401360843,"2022",1,1,0,"Close",9,0,0,1,1
"1410","Dejounte Murray",3907497,401360843,"2022",0,11.1803398874989,0,"Midrange",10,1,0,0,1
"1411","Dejounte Murray",3907497,401360843,"2022",1,14,0,"Midrange",11,0,1,0,1
"1412","Dejounte Murray",3907497,401360843,"2022",1,15.556349186104,0,"Midrange",12,1,0,1,2
"1413","Dejounte Murray",3907497,401360843,"2022",0,4.24264068711928,0,"Close",13,1,1,0,2
"1414","Dejounte Murray",3907497,401360843,"2022",0,1,0,"Close",14,0,1,1,2
"1415","Dejounte Murray",3907497,401360843,"2022",1,2,0,"Close",15,0,0,1,1
"1416","Dejounte Murray",3907497,401360843,"2022",1,26,0,"ThreePoint",16,1,0,0,1
"1417","Dejounte Murray",3907497,401360843,"2022",0,28,0,"ThreePoint",17,1,1,0,2
"1418","Dejounte Murray",3907497,401360843,"2022",1,7.21110255092798,0,"Close",18,0,1,1,2
"1419","Dejounte Murray",3907497,401360843,"2022",1,1,0,"Close",19,1,0,1,2
"1420","Dejounte Murray",3907497,401360843,"2022",0,25.6320112359526,0,"ThreePoint",20,1,1,0,2
"1421","Dennis Schroder",3032979,400900555,"2017",0,12.1655250605964,0,"Midrange",1,NA,NA,NA,NA
"1422","Dennis Schroder",3032979,400900555,"2017",1,24.8394846967484,0,"ThreePoint",2,0,NA,NA,NA
"1423","Dennis Schroder",3032979,400900555,"2017",1,17.7200451466693,0,"Midrange",3,1,0,NA,NA
"1424","Dennis Schroder",3032979,400900555,"2017",0,1,0,"Close",4,1,1,0,2
"1425","Dennis Schroder",3032979,400900555,"2017",1,24.3515913237718,0,"ThreePoint",5,0,1,1,2
"1426","Dennis Schroder",3032979,400900555,"2017",1,16.0312195418814,0,"Midrange",6,1,0,1,2
"1427","Dennis Schroder",3032979,400900555,"2017",0,2.23606797749979,0,"Close",7,1,1,0,2
"1428","Dennis Schroder",3032979,400900555,"2017",0,2,0,"Close",8,0,1,1,2
"1429","Dennis Schroder",3032979,400900555,"2017",1,3,0,"Close",9,0,0,1,1
"1430","Dennis Schroder",3032979,400900555,"2017",0,25.4950975679639,0,"ThreePoint",10,1,0,0,1
"1431","Dennis Schroder",3032979,400900555,"2017",1,18.3847763108502,0,"Midrange",11,0,1,0,1
"1432","Dennis Schroder",3032979,400900555,"2017",0,23.0867927612304,0,"ThreePoint",12,1,0,1,2
"1433","Dennis Schroder",3032979,400900555,"2017",1,24.0831891575846,0,"ThreePoint",13,0,1,0,1
"1434","Dennis Schroder",3032979,400900555,"2017",0,3.16227766016838,0,"Close",14,1,0,1,2
"1435","Dennis Smith Jr.",4065697,400975692,"2018",0,27.2946881279124,0,"ThreePoint",1,NA,NA,NA,NA
"1436","Dennis Smith Jr.",4065697,400975692,"2018",1,21.095023109729,0,"Midrange",2,0,NA,NA,NA
"1437","Dennis Smith Jr.",4065697,400975692,"2018",0,24.6981780704569,0,"ThreePoint",3,1,0,NA,NA
"1438","Dennis Smith Jr.",4065697,400975692,"2018",0,15.6524758424985,0,"Midrange",4,0,1,0,1
"1439","Dennis Smith Jr.",4065697,400975692,"2018",0,11.4017542509914,0,"Midrange",5,0,0,1,1
"1440","Dennis Smith Jr.",4065697,400975692,"2018",1,21.9317121994613,0,"Midrange",6,0,0,0,0
"1441","Dennis Smith Jr.",4065697,400975692,"2018",0,17.2626765016321,0,"Midrange",7,1,0,0,1
"1442","Dennis Smith Jr.",4065697,400975692,"2018",1,3.60555127546399,0,"Close",8,0,1,0,1
"1443","Dennis Smith Jr.",4065697,400975692,"2018",0,3.60555127546399,0,"Close",9,1,0,1,2
"1444","Dennis Smith Jr.",4065697,400975692,"2018",1,2,0,"Close",10,0,1,0,1
"1445","Dennis Smith Jr.",4065697,400975692,"2018",0,2.23606797749979,0,"Close",11,1,0,1,2
"1446","Dennis Smith Jr.",4065697,400975692,"2018",1,19.4164878389476,0,"Midrange",12,0,1,0,1
"1447","Dennis Smith Jr.",4065697,400975692,"2018",0,11.0453610171873,0,"Midrange",13,1,0,1,2
"1448","Dennis Smith Jr.",4065697,400975692,"2018",0,26.4007575648882,0,"ThreePoint",14,0,1,0,1
"1449","Dennis Smith Jr.",4065697,400975692,"2018",0,10.770329614269,0,"Midrange",15,0,0,1,1
"1450","Dennis Smith Jr.",4065697,400975692,"2018",1,0,0,"Close",16,0,0,0,0
"1451","Dennis Smith Jr.",4065697,400975692,"2018",1,1,0,"Close",17,1,0,0,1
"1452","Dennis Smith Jr.",4065697,400975692,"2018",0,1.4142135623731,0,"Close",18,1,1,0,2
"1453","Dennis Smith Jr.",4065697,400975692,"2018",1,1.4142135623731,0,"Close",19,0,1,1,2
"1454","Dennis Smith Jr.",4065697,400975692,"2018",0,2.82842712474619,0,"Close",20,1,0,1,2
"1455","Dennis Smith Jr.",4065697,400975692,"2018",0,2,0,"Close",21,0,1,0,1
"1456","Dennis Smith Jr.",4065697,400975692,"2018",1,1,0,"Close",22,0,0,1,1
"1457","Dennis Smith Jr.",4065697,400975880,"2018",1,1.4142135623731,0,"Close",1,NA,NA,NA,NA
"1458","Dennis Smith Jr.",4065697,400975880,"2018",1,0,0,"Close",2,1,NA,NA,NA
"1459","Dennis Smith Jr.",4065697,400975880,"2018",0,2.23606797749979,0,"Close",3,1,1,NA,NA
"1460","Dennis Smith Jr.",4065697,400975880,"2018",0,20.5182845286832,0,"Midrange",4,0,1,1,2
"1461","Dennis Smith Jr.",4065697,400975880,"2018",1,24.7588368062799,0,"ThreePoint",5,0,0,1,1
"1462","Dennis Smith Jr.",4065697,400975880,"2018",1,7,0,"Close",6,1,0,0,1
"1463","Dennis Smith Jr.",4065697,400975880,"2018",0,26.9258240356725,0,"ThreePoint",7,1,1,0,2
"1464","Dennis Smith Jr.",4065697,400975880,"2018",0,23.259406699226,0,"ThreePoint",8,0,1,1,2
"1465","Dennis Smith Jr.",4065697,400975880,"2018",1,3.60555127546399,0,"Close",9,0,0,1,1
"1466","Dennis Smith Jr.",4065697,400975880,"2018",0,20.6155281280883,0,"Midrange",10,1,0,0,1
"1467","Dennis Smith Jr.",4065697,400975880,"2018",0,8,0,"Close",11,0,1,0,1
"1468","Dennis Smith Jr.",4065697,400975880,"2018",1,1,0,"Close",12,0,0,1,1
"1469","Dennis Smith Jr.",4065697,400975880,"2018",0,3.60555127546399,0,"Close",13,1,0,0,1
"1470","Dennis Smith Jr.",4065697,400975880,"2018",1,1.4142135623731,0,"Close",14,0,1,0,1
"1471","Dennis Smith Jr.",4065697,400975880,"2018",1,1.4142135623731,0,"Close",15,1,0,1,2
"1472","Devin Booker",3136193,401160950,"2020",0,18.9736659610103,0,"Midrange",1,NA,NA,NA,NA
"1473","Devin Booker",3136193,401160950,"2020",1,3.60555127546399,0,"Close",2,0,NA,NA,NA
"1474","Devin Booker",3136193,401160950,"2020",1,2.23606797749979,0,"Close",3,1,0,NA,NA
"1475","Devin Booker",3136193,401160950,"2020",1,3.60555127546399,0,"Close",4,1,1,0,2
"1476","Devin Booker",3136193,401160950,"2020",0,13.3416640641263,1,"Midrange",5,1,1,1,3
"1477","Devin Booker",3136193,401160950,"2020",0,13.8924439894498,0,"Midrange",6,0,1,1,2
"1478","Devin Booker",3136193,401160950,"2020",1,5,0,"Close",7,0,0,1,1
"1479","Devin Booker",3136193,401160950,"2020",0,26.8328157299975,0,"ThreePoint",8,1,0,0,1
"1480","Devin Booker",3136193,401160950,"2020",0,25.0798724079689,0,"ThreePoint",9,0,1,0,1
"1481","Devin Booker",3136193,401160950,"2020",0,26.4196896272458,0,"ThreePoint",10,0,0,1,1
"1482","Devin Booker",3136193,401160950,"2020",1,25.4950975679639,0,"ThreePoint",11,0,0,0,0
"1483","Devin Booker",3136193,401160950,"2020",0,7.07106781186548,0,"Close",12,1,0,0,1
"1484","Devin Booker",3136193,401160950,"2020",0,21.2602916254693,0,"Midrange",13,0,1,0,1
"1485","Devin Booker",3136193,401160950,"2020",1,2.23606797749979,0,"Close",14,0,0,1,1
"1486","Devin Booker",3136193,401160950,"2020",0,4.47213595499958,0,"Close",15,1,0,0,1
"1487","Devin Booker",3136193,401160950,"2020",1,24.6981780704569,0,"ThreePoint",16,0,1,0,1
"1488","Devin Booker",3136193,401468249,"2023",0,1,0,"Close",1,NA,NA,NA,NA
"1489","Devin Booker",3136193,401468249,"2023",0,15.2315462117278,0,"Midrange",2,0,NA,NA,NA
"1490","Devin Booker",3136193,401468249,"2023",0,22.8035085019828,0,"ThreePoint",3,0,0,NA,NA
"1491","Devin Booker",3136193,401468249,"2023",1,25.4950975679639,0,"ThreePoint",4,0,0,0,0
"1492","Devin Booker",3136193,401468249,"2023",1,2.23606797749979,0,"Close",5,1,0,0,1
"1493","Devin Booker",3136193,401468249,"2023",0,24.8394846967484,0,"ThreePoint",6,1,1,0,2
"1494","Devin Booker",3136193,401468249,"2023",0,25.6124969497314,0,"ThreePoint",7,0,1,1,2
"1495","Devin Booker",3136193,401468249,"2023",1,10,0,"Midrange",8,0,0,1,1
"1496","Devin Booker",3136193,401468249,"2023",1,17,0,"Midrange",9,1,0,0,1
"1497","Devin Booker",3136193,401468249,"2023",1,2,0,"Close",10,1,1,0,2
"1498","Devin Booker",3136193,401468249,"2023",1,16.7630546142402,1,"Midrange",11,1,1,1,3
"1499","Devin Booker",3136193,401468249,"2023",1,15.2643375224737,1,"Midrange",12,1,1,1,3
"1500","Devin Booker",3136193,401468249,"2023",0,27.6586333718787,1,"ThreePoint",13,1,1,1,3
"1501","Devin Booker",3136193,401468249,"2023",1,2.23606797749979,0,"Close",14,0,1,1,2
"1502","Devin Booker",3136193,401468249,"2023",1,1,0,"Close",15,1,0,1,2
"1503","Devin Booker",3136193,401468249,"2023",1,20.591260281974,0,"Midrange",16,1,1,0,2
"1504","Devin Booker",3136193,401468249,"2023",0,18.0277563773199,1,"Midrange",17,1,1,1,3
"1505","Devin Booker",3136193,401468249,"2023",1,17.0293863659264,0,"Midrange",18,0,1,1,2
"1506","Devin Booker",3136193,401468249,"2023",1,0,0,"Close",19,1,0,1,2
"1507","Devin Booker",3136193,401468249,"2023",1,1,0,"Close",20,1,1,0,2
"1508","Devin Booker",3136193,401468249,"2023",0,2,1,"Close",21,1,1,1,3
"1509","Devin Booker",3136193,401468249,"2023",0,22,0,"Midrange",22,0,1,1,2
"1510","Devin Booker",3136193,401468249,"2023",0,26.5706605111728,0,"ThreePoint",23,0,0,1,1
"1511","Devin Booker",3136193,401468249,"2023",1,14.0356688476182,0,"Midrange",24,0,0,0,0
"1512","Devin Booker",3136193,401585117,"2024",0,25.8069758011279,0,"ThreePoint",1,NA,NA,NA,NA
"1513","Devin Booker",3136193,401585117,"2024",1,1,0,"Close",2,0,NA,NA,NA
"1514","Devin Booker",3136193,401585117,"2024",1,26.2488094968134,0,"ThreePoint",3,1,0,NA,NA
"1515","Devin Booker",3136193,401585117,"2024",1,30.4630924234556,0,"ThreePoint",4,1,1,0,2
"1516","Devin Booker",3136193,401585117,"2024",0,31.3847096529504,1,"ThreePoint",5,1,1,1,3
"1517","Devin Booker",3136193,401585117,"2024",1,13.0384048104053,0,"Midrange",6,0,1,1,2
"1518","Devin Booker",3136193,401585117,"2024",1,15.52417469626,0,"Midrange",7,1,0,1,2
"1519","Devin Booker",3136193,401585117,"2024",0,8.60232526704263,0,"Midrange",8,1,1,0,2
"1520","Devin Booker",3136193,401585117,"2024",1,10.1980390271856,0,"Midrange",9,0,1,1,2
"1521","Devin Booker",3136193,401585117,"2024",1,17.464249196573,0,"Midrange",10,1,0,1,2
"1522","Devin Booker",3136193,401585117,"2024",0,34.3656805548792,0,"ThreePoint",11,1,1,0,2
"1523","Devin Booker",3136193,401585117,"2024",1,18.6815416922694,0,"Midrange",12,0,1,1,2
"1524","Devin Booker",3136193,401585117,"2024",0,16.2788205960997,0,"Midrange",13,1,0,1,2
"1525","Devin Booker",3136193,401585117,"2024",0,25,0,"ThreePoint",14,0,1,0,1
"1526","Devin Booker",3136193,401585117,"2024",0,24.1867732448956,0,"ThreePoint",15,0,0,1,1
"1527","Devin Booker",3136193,401585117,"2024",0,3.16227766016838,0,"Close",16,0,0,0,0
"1528","Devin Booker",3136193,401585117,"2024",0,24.6981780704569,0,"ThreePoint",17,0,0,0,0
"1529","Devin Booker",3136193,401585117,"2024",1,12.0415945787923,0,"Midrange",18,0,0,0,0
"1530","Devin Booker",3136193,401585117,"2024",0,13.0384048104053,0,"Midrange",19,1,0,0,1
"1531","Devin Booker",3136193,401585131,"2024",1,10.1980390271856,0,"Midrange",1,NA,NA,NA,NA
"1532","Devin Booker",3136193,401585131,"2024",0,25,0,"ThreePoint",2,1,NA,NA,NA
"1533","Devin Booker",3136193,401585131,"2024",1,13,0,"Midrange",3,0,1,NA,NA
"1534","Devin Booker",3136193,401585131,"2024",0,11.4017542509914,0,"Midrange",4,1,0,1,2
"1535","Devin Booker",3136193,401585131,"2024",1,23.0867927612304,0,"ThreePoint",5,0,1,0,1
"1536","Devin Booker",3136193,401585131,"2024",0,10.6301458127346,0,"Midrange",6,1,0,1,2
"1537","Devin Booker",3136193,401585131,"2024",0,26.6270539113887,0,"ThreePoint",7,0,1,0,1
"1538","Devin Booker",3136193,401585131,"2024",0,8,0,"Close",8,0,0,1,1
"1539","Devin Booker",3136193,401585131,"2024",1,13.0384048104053,0,"Midrange",9,0,0,0,0
"1540","Devin Booker",3136193,401585131,"2024",1,27.2029410174709,0,"ThreePoint",10,1,0,0,1
"1541","Devin Booker",3136193,401585131,"2024",1,12.6491106406735,0,"Midrange",11,1,1,0,2
"1542","Devin Booker",3136193,401585131,"2024",1,13,1,"Midrange",12,1,1,1,3
"1543","Devin Booker",3136193,401585131,"2024",1,1,1,"Close",13,1,1,1,3
"1544","Devin Booker",3136193,401585131,"2024",0,1.4142135623731,1,"Close",14,1,1,1,3
"1545","Devin Booker",3136193,401585131,"2024",0,28.0178514522438,0,"ThreePoint",15,0,1,1,2
"1546","Devin Booker",3136193,401585131,"2024",1,1.4142135623731,0,"Close",16,0,0,1,1
"1547","Devin Booker",3136193,401585131,"2024",0,26.6270539113887,0,"ThreePoint",17,1,0,0,1
"1548","Devin Booker",3136193,401585697,"2024",1,7.07106781186548,0,"Close",1,NA,NA,NA,NA
"1549","Devin Booker",3136193,401585697,"2024",0,3.16227766016838,0,"Close",2,1,NA,NA,NA
"1550","Devin Booker",3136193,401585697,"2024",0,23.0867927612304,0,"ThreePoint",3,0,1,NA,NA
"1551","Devin Booker",3136193,401585697,"2024",0,5.3851648071345,0,"Close",4,0,0,1,1
"1552","Devin Booker",3136193,401585697,"2024",1,14.142135623731,0,"Midrange",5,0,0,0,0
"1553","Devin Booker",3136193,401585697,"2024",1,2.23606797749979,0,"Close",6,1,0,0,1
"1554","Devin Booker",3136193,401585697,"2024",1,2.23606797749979,0,"Close",7,1,1,0,2
"1555","Devin Booker",3136193,401585697,"2024",0,25.6124969497314,1,"ThreePoint",8,1,1,1,3
"1556","Devin Booker",3136193,401585697,"2024",0,4.12310562561766,0,"Close",9,0,1,1,2
"1557","Dirk Nowitzki",609,400828499,"2016",0,14,0,"Midrange",1,NA,NA,NA,NA
"1558","Dirk Nowitzki",609,400828499,"2016",0,27.0739727413618,0,"ThreePoint",2,0,NA,NA,NA
"1559","Dirk Nowitzki",609,400828499,"2016",0,10.0498756211209,0,"Midrange",3,0,0,NA,NA
"1560","Dirk Nowitzki",609,400828499,"2016",0,18.0277563773199,0,"Midrange",4,0,0,0,0
"1561","Dirk Nowitzki",609,400828499,"2016",0,13.0384048104053,0,"Midrange",5,0,0,0,0
"1562","Dirk Nowitzki",609,400828499,"2016",0,25.4950975679639,0,"ThreePoint",6,0,0,0,0
"1563","Dirk Nowitzki",609,400828499,"2016",0,25.5538646783613,0,"ThreePoint",7,0,0,0,0
"1564","Dirk Nowitzki",609,400828499,"2016",1,14.3178210632764,0,"Midrange",8,0,0,0,0
"1565","Dirk Nowitzki",609,400828499,"2016",1,15.2643375224737,0,"Midrange",9,1,0,0,1
"1566","Dirk Nowitzki",609,400828499,"2016",0,3.60555127546399,0,"Close",10,1,1,0,2
"1567","Domantas Sabonis",3155942,401267240,"2021",1,3.16227766016838,0,"Close",1,NA,NA,NA,NA
"1568","Domantas Sabonis",3155942,401267240,"2021",1,28.0178514522438,0,"ThreePoint",2,1,NA,NA,NA
"1569","Domantas Sabonis",3155942,401267240,"2021",0,1.4142135623731,0,"Close",3,1,1,NA,NA
"1570","Domantas Sabonis",3155942,401267240,"2021",0,5.09901951359278,0,"Close",4,0,1,1,2
"1571","Domantas Sabonis",3155942,401267240,"2021",1,0,0,"Close",5,0,0,1,1
"1572","Domantas Sabonis",3155942,401267240,"2021",0,6.08276253029822,0,"Close",6,1,0,0,1
"1573","Domantas Sabonis",3155942,401267240,"2021",1,2.23606797749979,0,"Close",7,0,1,0,1
"1574","Domantas Sabonis",3155942,401267240,"2021",0,3,0,"Close",8,1,0,1,2
"1575","Donovan Mitchell",3908809,400975867,"2018",1,3.16227766016838,0,"Close",1,NA,NA,NA,NA
"1576","Donovan Mitchell",3908809,400975867,"2018",0,20.2237484161567,0,"Midrange",2,1,NA,NA,NA
"1577","Donovan Mitchell",3908809,400975867,"2018",1,22.3606797749979,0,"ThreePoint",3,0,1,NA,NA
"1578","Donovan Mitchell",3908809,400975867,"2018",0,25.298221281347,0,"ThreePoint",4,1,0,1,2
"1579","Donovan Mitchell",3908809,400975867,"2018",0,26.9258240356725,0,"ThreePoint",5,0,1,0,1
"1580","Donovan Mitchell",3908809,400975867,"2018",0,11.6619037896906,0,"Midrange",6,0,0,1,1
"1581","Donovan Mitchell",3908809,400975867,"2018",0,19.8494332412792,0,"Midrange",7,0,0,0,0
"1582","Donovan Mitchell",3908809,400975867,"2018",0,10.0498756211209,0,"Midrange",8,0,0,0,0
"1583","Donovan Mitchell",3908809,400975867,"2018",1,29.0688837074973,0,"ThreePoint",9,0,0,0,0
"1584","Donovan Mitchell",3908809,400975867,"2018",1,25.5538646783613,0,"ThreePoint",10,1,0,0,1
"1585","Donovan Mitchell",3908809,400975867,"2018",1,10.0498756211209,0,"Midrange",11,1,1,0,2
"1586","Donovan Mitchell",3908809,400975867,"2018",0,10.6301458127346,1,"Midrange",12,1,1,1,3
"1587","Donovan Mitchell",3908809,400975867,"2018",0,25.6124969497314,0,"ThreePoint",13,0,1,1,2
"1588","Donovan Mitchell",3908809,400975867,"2018",0,27.6586333718787,0,"ThreePoint",14,0,0,1,1
"1589","Donovan Mitchell",3908809,400975867,"2018",0,17.2046505340853,0,"Midrange",15,0,0,0,0
"1590","Donovan Mitchell",3908809,400975867,"2018",1,2.82842712474619,0,"Close",16,0,0,0,0
"1591","Donovan Mitchell",3908809,400975867,"2018",0,21.4009345590327,0,"Midrange",17,1,0,0,1
"1592","Donovan Mitchell",3908809,400975867,"2018",1,1.4142135623731,0,"Close",18,0,1,0,1
"1593","Donovan Mitchell",3908809,400975867,"2018",0,12,0,"Midrange",19,1,0,1,2
"1594","Donovan Mitchell",3908809,400975867,"2018",0,31.3847096529504,0,"ThreePoint",20,0,1,0,1
"1595","Donovan Mitchell",3908809,401071724,"2019",0,4.47213595499958,0,"Close",1,NA,NA,NA,NA
"1596","Donovan Mitchell",3908809,401071724,"2019",0,29.5465734053883,0,"ThreePoint",2,0,NA,NA,NA
"1597","Donovan Mitchell",3908809,401071724,"2019",0,4.47213595499958,0,"Close",3,0,0,NA,NA
"1598","Donovan Mitchell",3908809,401071724,"2019",0,17,0,"Midrange",4,0,0,0,0
"1599","Donovan Mitchell",3908809,401071724,"2019",0,27.1661554144122,0,"ThreePoint",5,0,0,0,0
"1600","Donovan Mitchell",3908809,401071724,"2019",1,8.06225774829855,0,"Midrange",6,0,0,0,0
"1601","Donovan Mitchell",3908809,401071724,"2019",0,19.2353840616713,0,"Midrange",7,1,0,0,1
"1602","Donovan Mitchell",3908809,401071724,"2019",1,1.4142135623731,0,"Close",8,0,1,0,1
"1603","Donovan Mitchell",3908809,401071724,"2019",1,26.6833281282527,0,"ThreePoint",9,1,0,1,2
"1604","Donovan Mitchell",3908809,401071724,"2019",1,23.0867927612304,0,"ThreePoint",10,1,1,0,2
"1605","Donovan Mitchell",3908809,401071724,"2019",1,1.4142135623731,1,"Close",11,1,1,1,3
"1606","Donovan Mitchell",3908809,401071724,"2019",1,0,1,"Close",12,1,1,1,3
"1607","Donovan Mitchell",3908809,401071724,"2019",0,15.2970585407784,1,"Midrange",13,1,1,1,3
"1608","Donovan Mitchell",3908809,401071724,"2019",0,26.8328157299975,0,"ThreePoint",14,0,1,1,2
"1609","Donovan Mitchell",3908809,401071724,"2019",1,2.23606797749979,0,"Close",15,0,0,1,1
"1610","Donovan Mitchell",3908809,401071724,"2019",0,18.8679622641132,0,"Midrange",16,1,0,0,1
"1611","Donovan Mitchell",3908809,401071724,"2019",1,27.2946881279124,0,"ThreePoint",17,0,1,0,1
"1612","Donovan Mitchell",3908809,401071724,"2019",0,25.9422435421457,0,"ThreePoint",18,1,0,1,2
"1613","Donovan Mitchell",3908809,401468758,"2023",0,25,0,"ThreePoint",1,NA,NA,NA,NA
"1614","Donovan Mitchell",3908809,401468758,"2023",1,19.6977156035922,0,"Midrange",2,0,NA,NA,NA
"1615","Donovan Mitchell",3908809,401468758,"2023",1,24.6981780704569,0,"ThreePoint",3,1,0,NA,NA
"1616","Donovan Mitchell",3908809,401468758,"2023",1,4.47213595499958,0,"Close",4,1,1,0,2
"1617","Donovan Mitchell",3908809,401468758,"2023",0,25.8069758011279,1,"ThreePoint",5,1,1,1,3
"1618","Donovan Mitchell",3908809,401468758,"2023",1,15.2643375224737,0,"Midrange",6,0,1,1,2
"1619","Donovan Mitchell",3908809,401468758,"2023",0,24.7588368062799,0,"ThreePoint",7,1,0,1,2
"1620","Donovan Mitchell",3908809,401468758,"2023",1,19.6468827043885,0,"Midrange",8,0,1,0,1
"1621","Donovan Mitchell",3908809,401468758,"2023",1,26.5706605111728,0,"ThreePoint",9,1,0,1,2
"1622","Donovan Mitchell",3908809,401468758,"2023",0,26,0,"ThreePoint",10,1,1,0,2
"1623","Donovan Mitchell",3908809,401468758,"2023",1,3,0,"Close",11,0,1,1,2
"1624","Donovan Mitchell",3908809,401468758,"2023",0,28.4253408071038,0,"ThreePoint",12,1,0,1,2
"1625","Donovan Mitchell",3908809,401616474,"2024",1,9.8488578017961,0,"Midrange",1,NA,NA,NA,NA
"1626","Donovan Mitchell",3908809,401616474,"2024",0,25.7099202643649,0,"ThreePoint",2,1,NA,NA,NA
"1627","Donovan Mitchell",3908809,401616474,"2024",0,14.0356688476182,0,"Midrange",3,0,1,NA,NA
"1628","Donovan Mitchell",3908809,401616474,"2024",0,2.82842712474619,0,"Close",4,0,0,1,1
"1629","Donovan Mitchell",3908809,401616474,"2024",0,26.0768096208106,0,"ThreePoint",5,0,0,0,0
"1630","Donovan Mitchell",3908809,401616474,"2024",1,3,0,"Close",6,0,0,0,0
"1631","Donovan Mitchell",3908809,401616474,"2024",1,2.23606797749979,0,"Close",7,1,0,0,1
"1632","Donovan Mitchell",3908809,401616474,"2024",0,26.0768096208106,0,"ThreePoint",8,1,1,0,2
"1633","Donovan Mitchell",3908809,401616474,"2024",1,21.9317121994613,0,"Midrange",9,0,1,1,2
"1634","Donovan Mitchell",3908809,401616474,"2024",1,26.9258240356725,0,"ThreePoint",10,1,0,1,2
"1635","Donovan Mitchell",3908809,401616474,"2024",1,27.0185121722126,0,"ThreePoint",11,1,1,0,2
"1636","Donovan Mitchell",3908809,401616474,"2024",1,29.1547594742265,1,"ThreePoint",12,1,1,1,3
"1637","Donovan Mitchell",3908809,401616474,"2024",1,4.12310562561766,1,"Close",13,1,1,1,3
"1638","Donovan Mitchell",3908809,401616474,"2024",0,10.770329614269,1,"Midrange",14,1,1,1,3
"1639","Donovan Mitchell",3908809,401616474,"2024",0,28.8444102037119,0,"ThreePoint",15,0,1,1,2
"1640","Donovan Mitchell",3908809,401616474,"2024",0,26.4007575648882,0,"ThreePoint",16,0,0,1,1
"1641","Donovan Mitchell",3908809,401616474,"2024",1,4,0,"Close",17,0,0,0,0
"1642","Dwight Howard",2384,400975118,"2018",1,8.06225774829855,0,"Midrange",1,NA,NA,NA,NA
"1643","Dwight Howard",2384,400975118,"2018",1,5.3851648071345,0,"Close",2,1,NA,NA,NA
"1644","Dwight Howard",2384,400975118,"2018",0,3.16227766016838,0,"Close",3,1,1,NA,NA
"1645","Dwight Howard",2384,400975118,"2018",0,7.07106781186548,0,"Close",4,0,1,1,2
"1646","Dwight Howard",2384,400975118,"2018",1,2,0,"Close",5,0,0,1,1
"1647","Dwight Howard",2384,400975118,"2018",1,20.2237484161567,0,"Midrange",6,1,0,0,1
"1648","Dwight Howard",2384,400975118,"2018",0,3.60555127546399,0,"Close",7,1,1,0,2
"1649","Dwight Howard",2384,400975118,"2018",1,5,0,"Close",8,0,1,1,2
"1650","Dwight Howard",2384,400975118,"2018",0,3.60555127546399,0,"Close",9,1,0,1,2
"1651","Dwight Howard",2384,400975118,"2018",1,0,0,"Close",10,0,1,0,1
"1652","Dwight Howard",2384,400975118,"2018",0,1.4142135623731,0,"Close",11,1,0,1,2
"1653","Dwight Howard",2384,400975118,"2018",0,8.06225774829855,0,"Midrange",12,0,1,0,1
"1654","Dwight Howard",2384,400975118,"2018",1,8.60232526704263,0,"Midrange",13,0,0,1,1
"1655","Dwight Howard",2384,400975118,"2018",1,2,0,"Close",14,1,0,0,1
"1656","Dwight Howard",2384,400975118,"2018",0,20.0249843945008,0,"Midrange",15,1,1,0,2
"1657","Dwight Howard",2384,400975118,"2018",0,17.8044938147649,0,"Midrange",16,0,1,1,2
"1658","Dwight Howard",2384,400975118,"2018",1,6.08276253029822,0,"Close",17,0,0,1,1
"1659","Dwight Howard",2384,400975118,"2018",1,20.2484567313166,0,"Midrange",18,1,0,0,1
"1660","Dwight Howard",2384,400975118,"2018",0,2.82842712474619,0,"Close",19,1,1,0,2
"1661","Dwight Howard",2384,400975118,"2018",0,2.23606797749979,0,"Close",20,0,1,1,2
"1662","Dwight Howard",2384,400975118,"2018",0,2,0,"Close",21,0,0,1,1
"1663","Dwight Howard",2384,400975118,"2018",1,1,0,"Close",22,0,0,0,0
"1664","Dwight Howard",2384,400975118,"2018",0,5.8309518948453,0,"Close",23,1,0,0,1
"1665","Eric Bledsoe",4238,400975386,"2018",0,18.4390889145858,0,"Midrange",1,NA,NA,NA,NA
"1666","Eric Bledsoe",4238,400975386,"2018",0,24.5967477524977,0,"ThreePoint",2,0,NA,NA,NA
"1667","Eric Bledsoe",4238,400975386,"2018",0,22.0907220343745,0,"ThreePoint",3,0,0,NA,NA
"1668","Eric Bledsoe",4238,400975386,"2018",1,4,0,"Close",4,0,0,0,0
"1669","Eric Bledsoe",4238,400975386,"2018",1,25.8069758011279,0,"ThreePoint",5,1,0,0,1
"1670","Eric Bledsoe",4238,400975386,"2018",1,28.3019433961698,0,"ThreePoint",6,1,1,0,2
"1671","Eric Bledsoe",4238,400975386,"2018",0,1.4142135623731,1,"Close",7,1,1,1,3
"1672","Eric Bledsoe",4238,400975386,"2018",0,1,0,"Close",8,0,1,1,2
"1673","Eric Bledsoe",4238,400975386,"2018",0,3.60555127546399,0,"Close",9,0,0,1,1
"1674","Eric Bledsoe",4238,400975386,"2018",1,18.7882942280559,0,"Midrange",10,0,0,0,0
"1675","Eric Bledsoe",4238,400975386,"2018",1,26.1725046566048,0,"ThreePoint",11,1,0,0,1
"1676","Eric Bledsoe",4238,400975386,"2018",0,1.4142135623731,0,"Close",12,1,1,0,2
"1677","Eric Bledsoe",4238,400975386,"2018",1,16.1245154965971,0,"Midrange",13,0,1,1,2
"1678","Eric Bledsoe",4238,400975386,"2018",1,0,0,"Close",14,1,0,1,2
"1679","Eric Bledsoe",4238,400975386,"2018",1,3.16227766016838,0,"Close",15,1,1,0,2
"1680","Eric Gordon",3431,400975354,"2018",1,27.459060435492,0,"ThreePoint",1,NA,NA,NA,NA
"1681","Eric Gordon",3431,400975354,"2018",0,3.16227766016838,0,"Close",2,1,NA,NA,NA
"1682","Eric Gordon",3431,400975354,"2018",0,28.0178514522438,0,"ThreePoint",3,0,1,NA,NA
"1683","Eric Gordon",3431,400975354,"2018",1,22.8035085019828,0,"ThreePoint",4,0,0,1,1
"1684","Eric Gordon",3431,400975354,"2018",0,25.8069758011279,0,"ThreePoint",5,1,0,0,1
"1685","Eric Gordon",3431,400975354,"2018",1,3.16227766016838,0,"Close",6,0,1,0,1
"1686","Eric Gordon",3431,400975354,"2018",0,3.60555127546399,0,"Close",7,1,0,1,2
"1687","Eric Gordon",3431,400975354,"2018",0,27.8567765543682,0,"ThreePoint",8,0,1,0,1
"1688","Eric Gordon",3431,400975354,"2018",1,26.2488094968134,0,"ThreePoint",9,0,0,1,1
"1689","Eric Gordon",3431,400975354,"2018",1,27.0185121722126,0,"ThreePoint",10,1,0,0,1
"1690","Eric Gordon",3431,400975354,"2018",1,2.82842712474619,0,"Close",11,1,1,0,2
"1691","Eric Gordon",3431,400975354,"2018",0,26.9258240356725,1,"ThreePoint",12,1,1,1,3
"1692","Eric Gordon",3431,400975354,"2018",1,28.6006992921502,0,"ThreePoint",13,0,1,1,2
"1693","Eric Gordon",3431,400975354,"2018",1,2.82842712474619,0,"Close",14,1,0,1,2
"1694","Eric Gordon",3431,400975354,"2018",0,30.0166620396073,0,"ThreePoint",15,1,1,0,2
"1695","Eric Gordon",3431,400975354,"2018",1,24.5153013442625,0,"ThreePoint",16,0,1,1,2
"1696","Eric Gordon",3431,400975354,"2018",1,4.24264068711928,0,"Close",17,1,0,1,2
"1697","Eric Gordon",3431,400975354,"2018",0,17.0293863659264,0,"Midrange",18,1,1,0,2
"1698","Eric Gordon",3431,400975354,"2018",1,0,0,"Close",19,0,1,1,2
"1699","Eric Gordon",3431,400975354,"2018",0,29.4108823397055,0,"ThreePoint",20,1,0,1,2
"1700","Eric Gordon",3431,400975354,"2018",0,29.0688837074973,0,"ThreePoint",21,0,1,0,1
"1701","Eric Gordon",3431,400975354,"2018",0,4.47213595499958,0,"Close",22,0,0,1,1
"1702","Eric Gordon",3431,400975354,"2018",0,4.24264068711928,0,"Close",23,0,0,0,0
"1703","Evan Fournier",6588,401160950,"2020",1,2.23606797749979,0,"Close",1,NA,NA,NA,NA
"1704","Evan Fournier",6588,401160950,"2020",0,22.0907220343745,0,"ThreePoint",2,1,NA,NA,NA
"1705","Evan Fournier",6588,401160950,"2020",0,26.0768096208106,0,"ThreePoint",3,0,1,NA,NA
"1706","Evan Fournier",6588,401160950,"2020",0,25.6124969497314,0,"ThreePoint",4,0,0,1,1
"1707","Evan Fournier",6588,401160950,"2020",0,26.2488094968134,0,"ThreePoint",5,0,0,0,0
"1708","Evan Fournier",6588,401160950,"2020",1,14.0356688476182,0,"Midrange",6,0,0,0,0
"1709","Evan Fournier",6588,401160950,"2020",0,4.12310562561766,0,"Close",7,1,0,0,1
"1710","Evan Fournier",6588,401160950,"2020",1,2.82842712474619,0,"Close",8,0,1,0,1
"1711","Evan Fournier",6588,401160950,"2020",1,9.48683298050514,0,"Midrange",9,1,0,1,2
"1712","Evan Fournier",6588,401160950,"2020",1,24.0416305603426,0,"ThreePoint",10,1,1,0,2
"1713","Evan Fournier",6588,401160950,"2020",0,20.8086520466848,1,"Midrange",11,1,1,1,3
"1714","Evan Fournier",6588,401160950,"2020",1,22.0907220343745,0,"ThreePoint",12,0,1,1,2
"1715","Evan Fournier",6588,401160950,"2020",1,14,0,"Midrange",13,1,0,1,2
"1716","Evan Fournier",6588,401160950,"2020",1,2.23606797749979,0,"Close",14,1,1,0,2
"1717","Evan Fournier",6588,401160950,"2020",1,25.4950975679639,1,"ThreePoint",15,1,1,1,3
"1718","Evan Fournier",6588,401161199,"2020",1,26.6270539113887,0,"ThreePoint",1,NA,NA,NA,NA
"1719","Evan Fournier",6588,401161199,"2020",0,23.0867927612304,0,"ThreePoint",2,1,NA,NA,NA
"1720","Evan Fournier",6588,401161199,"2020",1,26.2488094968134,0,"ThreePoint",3,0,1,NA,NA
"1721","Evan Fournier",6588,401161199,"2020",1,18.6010752377383,0,"Midrange",4,1,0,1,2
"1722","Evan Fournier",6588,401161199,"2020",1,23,0,"ThreePoint",5,1,1,0,2
"1723","Evan Fournier",6588,401161199,"2020",1,8.06225774829855,1,"Midrange",6,1,1,1,3
"1724","Evan Fournier",6588,401161199,"2020",0,22.0227155455452,1,"ThreePoint",7,1,1,1,3
"1725","Evan Fournier",6588,401161199,"2020",1,5,0,"Close",8,0,1,1,2
"1726","Evan Fournier",6588,401161199,"2020",1,28.4604989415154,0,"ThreePoint",9,1,0,1,2
"1727","Evan Fournier",6588,401161199,"2020",0,27.2029410174709,0,"ThreePoint",10,1,1,0,2
"1728","Franz Wagner",4566434,401468634,"2023",1,2.23606797749979,0,"Close",1,NA,NA,NA,NA
"1729","Franz Wagner",4566434,401468634,"2023",1,1,0,"Close",2,1,NA,NA,NA
"1730","Franz Wagner",4566434,401468634,"2023",0,4.47213595499958,0,"Close",3,1,1,NA,NA
"1731","Franz Wagner",4566434,401468634,"2023",1,2.82842712474619,0,"Close",4,0,1,1,2
"1732","Franz Wagner",4566434,401468634,"2023",0,5,0,"Close",5,1,0,1,2
"1733","Franz Wagner",4566434,401468634,"2023",0,3.60555127546399,0,"Close",6,0,1,0,1
"1734","Franz Wagner",4566434,401468634,"2023",0,3.60555127546399,0,"Close",7,0,0,1,1
"1735","Franz Wagner",4566434,401468634,"2023",1,1.4142135623731,0,"Close",8,0,0,0,0
"1736","Franz Wagner",4566434,401468634,"2023",0,4.12310562561766,0,"Close",9,1,0,0,1
"1737","Franz Wagner",4566434,401468634,"2023",1,27.2029410174709,0,"ThreePoint",10,0,1,0,1
"1738","Franz Wagner",4566434,401468634,"2023",0,39.560080889705,0,"ThreePoint",11,1,0,1,2
"1739","Franz Wagner",4566434,401468634,"2023",0,3.16227766016838,0,"Close",12,0,1,0,1
"1740","Franz Wagner",4566434,401468634,"2023",1,13.4536240470737,0,"Midrange",13,0,0,1,1
"1741","Franz Wagner",4566434,401468634,"2023",0,17.2626765016321,0,"Midrange",14,1,0,0,1
"1742","Franz Wagner",4566434,401468634,"2023",1,27.3130005674953,0,"ThreePoint",15,0,1,0,1
"1743","Franz Wagner",4566434,401584876,"2024",1,2,0,"Close",1,NA,NA,NA,NA
"1744","Franz Wagner",4566434,401584876,"2024",1,2,0,"Close",2,1,NA,NA,NA
"1745","Franz Wagner",4566434,401584876,"2024",1,27.7848879788996,0,"ThreePoint",3,1,1,NA,NA
"1746","Franz Wagner",4566434,401584876,"2024",1,2.82842712474619,1,"Close",4,1,1,1,3
"1747","Franz Wagner",4566434,401584876,"2024",1,2,1,"Close",5,1,1,1,3
"1748","Franz Wagner",4566434,401584876,"2024",1,2.23606797749979,1,"Close",6,1,1,1,3
"1749","Franz Wagner",4566434,401584876,"2024",1,1,1,"Close",7,1,1,1,3
"1750","Franz Wagner",4566434,401584876,"2024",1,3.60555127546399,1,"Close",8,1,1,1,3
"1751","Franz Wagner",4566434,401584876,"2024",1,1,1,"Close",9,1,1,1,3
"1752","Franz Wagner",4566434,401584876,"2024",0,9.8488578017961,1,"Midrange",10,1,1,1,3
"1753","Franz Wagner",4566434,401584876,"2024",0,10.1980390271856,0,"Midrange",11,0,1,1,2
"1754","Franz Wagner",4566434,401584876,"2024",0,25.4558441227157,0,"ThreePoint",12,0,0,1,1
"1755","Franz Wagner",4566434,401584876,"2024",0,7.28010988928052,0,"Close",13,0,0,0,0
"1756","Franz Wagner",4566434,401584876,"2024",1,6.40312423743285,0,"Close",14,0,0,0,0
"1757","Franz Wagner",4566434,401584876,"2024",1,26.4007575648882,0,"ThreePoint",15,1,0,0,1
"1758","Franz Wagner",4566434,401584910,"2024",0,18.8679622641132,0,"Midrange",1,NA,NA,NA,NA
"1759","Franz Wagner",4566434,401584910,"2024",1,4.24264068711928,0,"Close",2,0,NA,NA,NA
"1760","Franz Wagner",4566434,401584910,"2024",1,23.0217288664427,0,"ThreePoint",3,1,0,NA,NA
"1761","Franz Wagner",4566434,401584910,"2024",0,4.47213595499958,0,"Close",4,1,1,0,2
"1762","Franz Wagner",4566434,401584910,"2024",0,3.60555127546399,0,"Close",5,0,1,1,2
"1763","Franz Wagner",4566434,401584910,"2024",0,1,0,"Close",6,0,0,1,1
"1764","Franz Wagner",4566434,401584910,"2024",1,3.60555127546399,0,"Close",7,0,0,0,0
"1765","Franz Wagner",4566434,401584910,"2024",0,3.60555127546399,0,"Close",8,1,0,0,1
"1766","Franz Wagner",4566434,401584910,"2024",0,2.23606797749979,0,"Close",9,0,1,0,1
"1767","Franz Wagner",4566434,401584910,"2024",1,17,0,"Midrange",10,0,0,1,1
"1768","Franz Wagner",4566434,401584910,"2024",1,27.1661554144122,0,"ThreePoint",11,1,0,0,1
"1769","Franz Wagner",4566434,401584910,"2024",0,5.8309518948453,0,"Close",12,1,1,0,2
"1770","Franz Wagner",4566434,401584910,"2024",1,4.24264068711928,0,"Close",13,0,1,1,2
"1771","Franz Wagner",4566434,401584910,"2024",0,5,0,"Close",14,1,0,1,2
"1772","Franz Wagner",4566434,401584910,"2024",0,50.8035431835222,0,"ThreePoint",15,0,1,0,1
"1773","Franz Wagner",4566434,401584910,"2024",0,3.60555127546399,0,"Close",16,0,0,1,1
"1774","Fred VanVleet",2991230,401267452,"2021",0,2.82842712474619,0,"Close",1,NA,NA,NA,NA
"1775","Fred VanVleet",2991230,401267452,"2021",1,23.3452350598575,0,"ThreePoint",2,0,NA,NA,NA
"1776","Fred VanVleet",2991230,401267452,"2021",0,26.6833281282527,0,"ThreePoint",3,1,0,NA,NA
"1777","Fred VanVleet",2991230,401267452,"2021",1,4.47213595499958,0,"Close",4,0,1,0,1
"1778","Fred VanVleet",2991230,401267452,"2021",0,4.24264068711928,0,"Close",5,1,0,1,2
"1779","Fred VanVleet",2991230,401267452,"2021",0,2.23606797749979,0,"Close",6,0,1,0,1
"1780","Fred VanVleet",2991230,401267452,"2021",0,2,0,"Close",7,0,0,1,1
"1781","Fred VanVleet",2991230,401267452,"2021",0,26.6270539113887,0,"ThreePoint",8,0,0,0,0
"1782","Fred VanVleet",2991230,401267452,"2021",1,2,0,"Close",9,0,0,0,0
"1783","Fred VanVleet",2991230,401267452,"2021",1,26.1725046566048,0,"ThreePoint",10,1,0,0,1
"1784","Fred VanVleet",2991230,401267452,"2021",0,11.1803398874989,0,"Midrange",11,1,1,0,2
"1785","Fred VanVleet",2991230,401267452,"2021",1,14.142135623731,0,"Midrange",12,0,1,1,2
"1786","Fred VanVleet",2991230,401267452,"2021",0,23.0867927612304,0,"ThreePoint",13,1,0,1,2
"1787","Fred VanVleet",2991230,401267452,"2021",1,7.81024967590665,0,"Close",14,0,1,0,1
"1788","Fred VanVleet",2991230,401267452,"2021",0,27.8926513619627,0,"ThreePoint",15,1,0,1,2
"1789","Fred VanVleet",2991230,401267452,"2021",1,27.0185121722126,0,"ThreePoint",16,0,1,0,1
"1790","Gary Harris",2999547,400975489,"2018",0,25.2388589282479,0,"ThreePoint",1,NA,NA,NA,NA
"1791","Gary Harris",2999547,400975489,"2018",0,24.6981780704569,0,"ThreePoint",2,0,NA,NA,NA
"1792","Gary Harris",2999547,400975489,"2018",1,1.4142135623731,0,"Close",3,0,0,NA,NA
"1793","Gary Harris",2999547,400975489,"2018",0,3.60555127546399,0,"Close",4,1,0,0,1
"1794","Gary Harris",2999547,400975489,"2018",0,16.1554944214035,0,"Midrange",5,0,1,0,1
"1795","Gary Harris",2999547,400975489,"2018",0,22.3606797749979,0,"ThreePoint",6,0,0,1,1
"1796","Gary Harris",2999547,400975489,"2018",0,3,0,"Close",7,0,0,0,0
"1797","Gary Harris",2999547,400975489,"2018",1,24.5967477524977,0,"ThreePoint",8,0,0,0,0
"1798","Gary Harris",2999547,400975489,"2018",1,2,0,"Close",9,1,0,0,1
"1799","Gary Harris",2999547,400975489,"2018",0,24.0416305603426,0,"ThreePoint",10,1,1,0,2
"1800","Gary Harris",2999547,400975489,"2018",0,21.9544984001001,0,"Midrange",11,0,1,1,2
"1801","Gary Harris",2999547,400975489,"2018",1,2.23606797749979,0,"Close",12,0,0,1,1
"1802","Gary Harris",2999547,400975489,"2018",1,13.3416640641263,0,"Midrange",13,1,0,0,1
"1803","Gary Harris",2999547,400975489,"2018",0,24.1660919471891,0,"ThreePoint",14,1,1,0,2
"1804","Gary Harris",2999547,400975489,"2018",0,22.3606797749979,0,"ThreePoint",15,0,1,1,2
"1805","Gary Harris",2999547,400975489,"2018",1,17,0,"Midrange",16,0,0,1,1
"1806","Giannis Antetokounmpo",3032977,400974443,"2018",1,0,0,"Close",1,NA,NA,NA,NA
"1807","Giannis Antetokounmpo",3032977,400974443,"2018",1,8.06225774829855,0,"Midrange",2,1,NA,NA,NA
"1808","Giannis Antetokounmpo",3032977,400974443,"2018",0,20.5182845286832,0,"Midrange",3,1,1,NA,NA
"1809","Giannis Antetokounmpo",3032977,400974443,"2018",1,1,0,"Close",4,0,1,1,2
"1810","Giannis Antetokounmpo",3032977,400974443,"2018",0,2,0,"Close",5,1,0,1,2
"1811","Giannis Antetokounmpo",3032977,400974443,"2018",1,1.4142135623731,0,"Close",6,0,1,0,1
"1812","Giannis Antetokounmpo",3032977,400974443,"2018",0,10,0,"Midrange",7,1,0,1,2
"1813","Giannis Antetokounmpo",3032977,400974443,"2018",0,26.4196896272458,0,"ThreePoint",8,0,1,0,1
"1814","Giannis Antetokounmpo",3032977,400974443,"2018",1,1.4142135623731,0,"Close",9,0,0,1,1
"1815","Giannis Antetokounmpo",3032977,400974443,"2018",0,18.0277563773199,0,"Midrange",10,1,0,0,1
"1816","Giannis Antetokounmpo",3032977,400974443,"2018",1,3.16227766016838,0,"Close",11,0,1,0,1
"1817","Giannis Antetokounmpo",3032977,400974443,"2018",1,1.4142135623731,0,"Close",12,1,0,1,2
"1818","Giannis Antetokounmpo",3032977,400974443,"2018",1,2,0,"Close",13,1,1,0,2
"1819","Giannis Antetokounmpo",3032977,400974443,"2018",1,2,1,"Close",14,1,1,1,3
"1820","Giannis Antetokounmpo",3032977,400974443,"2018",0,3.60555127546399,1,"Close",15,1,1,1,3
"1821","Giannis Antetokounmpo",3032977,400974443,"2018",1,0,0,"Close",16,0,1,1,2
"1822","Giannis Antetokounmpo",3032977,400974443,"2018",1,1,0,"Close",17,1,0,1,2
"1823","Giannis Antetokounmpo",3032977,400974443,"2018",1,1.4142135623731,0,"Close",18,1,1,0,2
"1824","Giannis Antetokounmpo",3032977,400974443,"2018",0,2,1,"Close",19,1,1,1,3
"1825","Giannis Antetokounmpo",3032977,400974443,"2018",1,2,0,"Close",20,0,1,1,2
"1826","Giannis Antetokounmpo",3032977,400974443,"2018",1,2.23606797749979,0,"Close",21,1,0,1,2
"1827","Giannis Antetokounmpo",3032977,400974443,"2018",1,3.16227766016838,0,"Close",22,1,1,0,2
"1828","Giannis Antetokounmpo",3032977,400975386,"2018",1,5.8309518948453,0,"Close",1,NA,NA,NA,NA
"1829","Giannis Antetokounmpo",3032977,400975386,"2018",0,21.9317121994613,0,"Midrange",2,1,NA,NA,NA
"1830","Giannis Antetokounmpo",3032977,400975386,"2018",0,7.07106781186548,0,"Close",3,0,1,NA,NA
"1831","Giannis Antetokounmpo",3032977,400975386,"2018",1,0,0,"Close",4,0,0,1,1
"1832","Giannis Antetokounmpo",3032977,400975386,"2018",0,21.4709105535839,0,"Midrange",5,1,0,0,1
"1833","Giannis Antetokounmpo",3032977,400975386,"2018",0,9.21954445729289,0,"Midrange",6,0,1,0,1
"1834","Giannis Antetokounmpo",3032977,400975386,"2018",1,0,0,"Close",7,0,0,1,1
"1835","Giannis Antetokounmpo",3032977,400975386,"2018",0,4,0,"Close",8,1,0,0,1
"1836","Giannis Antetokounmpo",3032977,400975386,"2018",0,5.3851648071345,0,"Close",9,0,1,0,1
"1837","Giannis Antetokounmpo",3032977,400975386,"2018",0,0,0,"Close",10,0,0,1,1
"1838","Giannis Antetokounmpo",3032977,400975386,"2018",0,18.7882942280559,0,"Midrange",11,0,0,0,0
"1839","Giannis Antetokounmpo",3032977,400975386,"2018",0,6.70820393249937,0,"Close",12,0,0,0,0
"1840","Giannis Antetokounmpo",3032977,400975386,"2018",0,4.47213595499958,0,"Close",13,0,0,0,0
"1841","Giannis Antetokounmpo",3032977,400975386,"2018",1,1.4142135623731,0,"Close",14,0,0,0,0
"1842","Giannis Antetokounmpo",3032977,400975386,"2018",1,5.3851648071345,0,"Close",15,1,0,0,1
"1843","Giannis Antetokounmpo",3032977,400975386,"2018",1,15.6524758424985,0,"Midrange",16,1,1,0,2
"1844","Giannis Antetokounmpo",3032977,400975386,"2018",0,23.0867927612304,1,"ThreePoint",17,1,1,1,3
"1845","Giannis Antetokounmpo",3032977,400975386,"2018",0,4.24264068711928,0,"Close",18,0,1,1,2
"1846","Giannis Antetokounmpo",3032977,400975386,"2018",1,0,0,"Close",19,0,0,1,1
"1847","Giannis Antetokounmpo",3032977,400975386,"2018",1,21.9544984001001,0,"Midrange",20,1,0,0,1
"1848","Giannis Antetokounmpo",3032977,400975386,"2018",0,3.60555127546399,0,"Close",21,1,1,0,2
"1849","Giannis Antetokounmpo",3032977,400975386,"2018",1,6.40312423743285,0,"Close",22,0,1,1,2
"1850","Giannis Antetokounmpo",3032977,400975386,"2018",0,22.0227155455452,0,"ThreePoint",23,1,0,1,2
"1851","Giannis Antetokounmpo",3032977,401071154,"2019",1,1.4142135623731,0,"Close",1,NA,NA,NA,NA
"1852","Giannis Antetokounmpo",3032977,401071154,"2019",0,3.16227766016838,0,"Close",2,1,NA,NA,NA
"1853","Giannis Antetokounmpo",3032977,401071154,"2019",1,0,0,"Close",3,0,1,NA,NA
"1854","Giannis Antetokounmpo",3032977,401071154,"2019",0,4.47213595499958,0,"Close",4,1,0,1,2
"1855","Giannis Antetokounmpo",3032977,401071154,"2019",1,2.23606797749979,0,"Close",5,0,1,0,1
"1856","Giannis Antetokounmpo",3032977,401071154,"2019",1,26.4007575648882,0,"ThreePoint",6,1,0,1,2
"1857","Giannis Antetokounmpo",3032977,401071154,"2019",1,3,0,"Close",7,1,1,0,2
"1858","Giannis Antetokounmpo",3032977,401071154,"2019",1,1.4142135623731,1,"Close",8,1,1,1,3
"1859","Giannis Antetokounmpo",3032977,401071154,"2019",1,4.47213595499958,1,"Close",9,1,1,1,3
"1860","Giannis Antetokounmpo",3032977,401071154,"2019",0,5.65685424949238,1,"Close",10,1,1,1,3
"1861","Giannis Antetokounmpo",3032977,401071154,"2019",0,26.0768096208106,0,"ThreePoint",11,0,1,1,2
"1862","Giannis Antetokounmpo",3032977,401071154,"2019",1,2.82842712474619,0,"Close",12,0,0,1,1
"1863","Giannis Antetokounmpo",3032977,401071154,"2019",0,27.2946881279124,0,"ThreePoint",13,1,0,0,1
"1864","Giannis Antetokounmpo",3032977,401584799,"2024",0,4.24264068711928,0,"Close",1,NA,NA,NA,NA
"1865","Giannis Antetokounmpo",3032977,401584799,"2024",1,2.82842712474619,0,"Close",2,0,NA,NA,NA
"1866","Giannis Antetokounmpo",3032977,401584799,"2024",0,6.08276253029822,0,"Close",3,1,0,NA,NA
"1867","Giannis Antetokounmpo",3032977,401584799,"2024",1,3,0,"Close",4,0,1,0,1
"1868","Giannis Antetokounmpo",3032977,401584799,"2024",1,18.4390889145858,0,"Midrange",5,1,0,1,2
"1869","Giannis Antetokounmpo",3032977,401584799,"2024",1,1.4142135623731,0,"Close",6,1,1,0,2
"1870","Giannis Antetokounmpo",3032977,401584799,"2024",1,4.47213595499958,1,"Close",7,1,1,1,3
"1871","Giannis Antetokounmpo",3032977,401584799,"2024",1,17.0293863659264,1,"Midrange",8,1,1,1,3
"1872","Giannis Antetokounmpo",3032977,401584799,"2024",1,15.2970585407784,1,"Midrange",9,1,1,1,3
"1873","Giannis Antetokounmpo",3032977,401584799,"2024",1,2.23606797749979,1,"Close",10,1,1,1,3
"1874","Giannis Antetokounmpo",3032977,401584799,"2024",1,2,1,"Close",11,1,1,1,3
"1875","Giannis Antetokounmpo",3032977,401584799,"2024",0,27,1,"ThreePoint",12,1,1,1,3
"1876","Giannis Antetokounmpo",3032977,401584799,"2024",1,2,0,"Close",13,0,1,1,2
"1877","Giannis Antetokounmpo",3032977,401584799,"2024",1,2.82842712474619,0,"Close",14,1,0,1,2
"1878","Giannis Antetokounmpo",3032977,401584799,"2024",1,0,0,"Close",15,1,1,0,2
"1879","Giannis Antetokounmpo",3032977,401584799,"2024",0,3.60555127546399,1,"Close",16,1,1,1,3
"1880","Giannis Antetokounmpo",3032977,401584799,"2024",1,2.23606797749979,0,"Close",17,0,1,1,2
"1881","Giannis Antetokounmpo",3032977,401584799,"2024",1,1,0,"Close",18,1,0,1,2
"1882","Giannis Antetokounmpo",3032977,401584799,"2024",1,3.16227766016838,0,"Close",19,1,1,0,2
"1883","Giannis Antetokounmpo",3032977,401584799,"2024",1,3.60555127546399,1,"Close",20,1,1,1,3
"1884","Giannis Antetokounmpo",3032977,401584799,"2024",1,3.16227766016838,1,"Close",21,1,1,1,3
"1885","Giannis Antetokounmpo",3032977,401584799,"2024",1,2.82842712474619,1,"Close",22,1,1,1,3
"1886","Giannis Antetokounmpo",3032977,401584799,"2024",1,6.08276253029822,1,"Close",23,1,1,1,3
"1887","Giannis Antetokounmpo",3032977,401584799,"2024",0,18.3847763108502,1,"Midrange",24,1,1,1,3
"1888","Giannis Antetokounmpo",3032977,401584799,"2024",0,6.70820393249937,0,"Close",25,0,1,1,2
"1889","Giannis Antetokounmpo",3032977,401584833,"2024",1,2.82842712474619,0,"Close",1,NA,NA,NA,NA
"1890","Giannis Antetokounmpo",3032977,401584833,"2024",0,20.0249843945008,0,"Midrange",2,1,NA,NA,NA
"1891","Giannis Antetokounmpo",3032977,401584833,"2024",1,2,0,"Close",3,0,1,NA,NA
"1892","Giannis Antetokounmpo",3032977,401584833,"2024",0,25,0,"ThreePoint",4,1,0,1,2
"1893","Giannis Antetokounmpo",3032977,401584833,"2024",1,1.4142135623731,0,"Close",5,0,1,0,1
"1894","Giannis Antetokounmpo",3032977,401584833,"2024",1,2.82842712474619,0,"Close",6,1,0,1,2
"1895","Giannis Antetokounmpo",3032977,401584833,"2024",1,1.4142135623731,0,"Close",7,1,1,0,2
"1896","Giannis Antetokounmpo",3032977,401584833,"2024",1,1,1,"Close",8,1,1,1,3
"1897","Giannis Antetokounmpo",3032977,401584833,"2024",0,8.24621125123532,1,"Midrange",9,1,1,1,3
"1898","Giannis Antetokounmpo",3032977,401584833,"2024",1,1,0,"Close",10,0,1,1,2
"1899","Giannis Antetokounmpo",3032977,401584833,"2024",1,3,0,"Close",11,1,0,1,2
"1900","Giannis Antetokounmpo",3032977,401584833,"2024",1,2.23606797749979,0,"Close",12,1,1,0,2
"1901","Giannis Antetokounmpo",3032977,401584833,"2024",0,18.2482875908947,1,"Midrange",13,1,1,1,3
"1902","Giannis Antetokounmpo",3032977,401584833,"2024",0,9.21954445729289,0,"Midrange",14,0,1,1,2
"1903","Giannis Antetokounmpo",3032977,401584833,"2024",1,2.23606797749979,0,"Close",15,0,0,1,1
"1904","Giannis Antetokounmpo",3032977,401584833,"2024",0,25.8069758011279,0,"ThreePoint",16,1,0,0,1
"1905","Giannis Antetokounmpo",3032977,401584833,"2024",0,19.6468827043885,0,"Midrange",17,0,1,0,1
"1906","Giannis Antetokounmpo",3032977,401584833,"2024",0,9.05538513813742,0,"Midrange",18,0,0,1,1
"1907","Giannis Antetokounmpo",3032977,401584833,"2024",1,2,0,"Close",19,0,0,0,0
"1908","Giannis Antetokounmpo",3032977,401584833,"2024",1,13.1529464379659,0,"Midrange",20,1,0,0,1
"1909","Giannis Antetokounmpo",3032977,401584833,"2024",1,3.16227766016838,0,"Close",21,1,1,0,2
"1910","Giannis Antetokounmpo",3032977,401584833,"2024",1,8.94427190999916,1,"Midrange",22,1,1,1,3
"1911","Giannis Antetokounmpo",3032977,401584833,"2024",1,2.23606797749979,1,"Close",23,1,1,1,3
"1912","Giannis Antetokounmpo",3032977,401584833,"2024",1,31.7804971641414,1,"ThreePoint",24,1,1,1,3
"1913","Giannis Antetokounmpo",3032977,401584833,"2024",1,1,1,"Close",25,1,1,1,3
"1914","Giannis Antetokounmpo",3032977,401584833,"2024",1,14.8660687473185,1,"Midrange",26,1,1,1,3
"1915","Giannis Antetokounmpo",3032977,401607494,"2024",1,1.4142135623731,0,"Close",1,NA,NA,NA,NA
"1916","Giannis Antetokounmpo",3032977,401607494,"2024",1,3.16227766016838,0,"Close",2,1,NA,NA,NA
"1917","Giannis Antetokounmpo",3032977,401607494,"2024",1,2,0,"Close",3,1,1,NA,NA
"1918","Giannis Antetokounmpo",3032977,401607494,"2024",0,13.1529464379659,1,"Midrange",4,1,1,1,3
"1919","Giannis Antetokounmpo",3032977,401607494,"2024",1,1.4142135623731,0,"Close",5,0,1,1,2
"1920","Giannis Antetokounmpo",3032977,401607494,"2024",1,2.82842712474619,0,"Close",6,1,0,1,2
"1921","Giannis Antetokounmpo",3032977,401607494,"2024",1,1.4142135623731,0,"Close",7,1,1,0,2
"1922","Giannis Antetokounmpo",3032977,401607494,"2024",1,1.4142135623731,1,"Close",8,1,1,1,3
"1923","Giannis Antetokounmpo",3032977,401607494,"2024",0,10.4403065089106,1,"Midrange",9,1,1,1,3
"1924","Giannis Antetokounmpo",3032977,401607494,"2024",0,2.82842712474619,0,"Close",10,0,1,1,2
"1925","Giannis Antetokounmpo",3032977,401607494,"2024",1,6.70820393249937,0,"Close",11,0,0,1,1
"1926","Giannis Antetokounmpo",3032977,401607494,"2024",1,3.16227766016838,0,"Close",12,1,0,0,1
"1927","Giannis Antetokounmpo",3032977,401607494,"2024",0,4.12310562561766,0,"Close",13,1,1,0,2
"1928","Giannis Antetokounmpo",3032977,401607494,"2024",0,2.82842712474619,0,"Close",14,0,1,1,2
"1929","Giannis Antetokounmpo",3032977,401607494,"2024",1,2,0,"Close",15,0,0,1,1
"1930","Giannis Antetokounmpo",3032977,401607494,"2024",0,40.0124980474851,0,"ThreePoint",16,1,0,0,1
"1931","Giannis Antetokounmpo",3032977,401607494,"2024",1,6,0,"Close",17,0,1,0,1
"1932","Giannis Antetokounmpo",3032977,401607494,"2024",1,1.4142135623731,0,"Close",18,1,0,1,2
"1933","Giannis Antetokounmpo",3032977,401607494,"2024",1,4.47213595499958,0,"Close",19,1,1,0,2
"1934","Goran Dragic",3423,400975750,"2018",1,1,0,"Close",1,NA,NA,NA,NA
"1935","Goran Dragic",3423,400975750,"2018",0,25.2388589282479,0,"ThreePoint",2,1,NA,NA,NA
"1936","Goran Dragic",3423,400975750,"2018",1,5,0,"Close",3,0,1,NA,NA
"1937","Goran Dragic",3423,400975750,"2018",1,16.0312195418814,0,"Midrange",4,1,0,1,2
"1938","Goran Dragic",3423,400975750,"2018",1,8.54400374531753,0,"Midrange",5,1,1,0,2
"1939","Goran Dragic",3423,400975750,"2018",0,25.5538646783613,1,"ThreePoint",6,1,1,1,3
"1940","Goran Dragic",3423,400975750,"2018",0,6.08276253029822,0,"Close",7,0,1,1,2
"1941","Goran Dragic",3423,400975750,"2018",1,15.6524758424985,0,"Midrange",8,0,0,1,1
"1942","Goran Dragic",3423,400975750,"2018",1,1,0,"Close",9,1,0,0,1
"1943","Goran Dragic",3423,400975750,"2018",1,5,0,"Close",10,1,1,0,2
"1944","Goran Dragic",3423,400975750,"2018",1,14.560219778561,1,"Midrange",11,1,1,1,3
"1945","Goran Dragic",3423,400975750,"2018",0,25.3179778023443,1,"ThreePoint",12,1,1,1,3
"1946","Goran Dragic",3423,400975750,"2018",1,14.142135623731,0,"Midrange",13,0,1,1,2
"1947","Goran Dragic",3423,400975750,"2018",1,14.0356688476182,0,"Midrange",14,1,0,1,2
"1948","Goran Dragic",3423,400975750,"2018",0,11.7046999107196,0,"Midrange",15,1,1,0,2
"1949","Goran Dragic",3423,400975750,"2018",0,2,0,"Close",16,0,1,1,2
"1950","Goran Dragic",3423,400975750,"2018",0,1.4142135623731,0,"Close",17,0,0,1,1
"1951","Harrison Barnes",6578,400899512,"2017",0,17,0,"Midrange",1,NA,NA,NA,NA
"1952","Harrison Barnes",6578,400899512,"2017",0,25.0798724079689,0,"ThreePoint",2,0,NA,NA,NA
"1953","Harrison Barnes",6578,400899512,"2017",1,18.6010752377383,0,"Midrange",3,0,0,NA,NA
"1954","Harrison Barnes",6578,400899512,"2017",1,20.6155281280883,0,"Midrange",4,1,0,0,1
"1955","Harrison Barnes",6578,400899512,"2017",1,16.2788205960997,0,"Midrange",5,1,1,0,2
"1956","Harrison Barnes",6578,400899512,"2017",0,20.0997512422418,1,"Midrange",6,1,1,1,3
"1957","Harrison Barnes",6578,400899512,"2017",0,3.60555127546399,0,"Close",7,0,1,1,2
"1958","Harrison Barnes",6578,400899512,"2017",0,24.0208242989286,0,"ThreePoint",8,0,0,1,1
"1959","Harrison Barnes",6578,400899512,"2017",0,24,0,"ThreePoint",9,0,0,0,0
"1960","Harrison Barnes",6578,400899512,"2017",1,17.464249196573,0,"Midrange",10,0,0,0,0
"1961","Harrison Barnes",6578,400899512,"2017",1,13.0384048104053,0,"Midrange",11,1,0,0,1
"1962","Harrison Barnes",6578,400899512,"2017",1,10,0,"Midrange",12,1,1,0,2
"1963","Harrison Barnes",6578,400899512,"2017",0,18.1107702762748,1,"Midrange",13,1,1,1,3
"1964","Harrison Barnes",6578,400899670,"2017",1,16.9705627484771,0,"Midrange",1,NA,NA,NA,NA
"1965","Harrison Barnes",6578,400899670,"2017",1,9.21954445729289,0,"Midrange",2,1,NA,NA,NA
"1966","Harrison Barnes",6578,400899670,"2017",0,15.2315462117278,0,"Midrange",3,1,1,NA,NA
"1967","Harrison Barnes",6578,400899670,"2017",1,0,0,"Close",4,0,1,1,2
"1968","Harrison Barnes",6578,400899670,"2017",1,2.82842712474619,0,"Close",5,1,0,1,2
"1969","Harrison Barnes",6578,400899670,"2017",0,24.3310501211929,0,"ThreePoint",6,1,1,0,2
"1970","Harrison Barnes",6578,400899670,"2017",1,15.1327459504216,0,"Midrange",7,0,1,1,2
"1971","Harrison Barnes",6578,400899670,"2017",1,24.4131112314674,0,"ThreePoint",8,1,0,1,2
"1972","Harrison Barnes",6578,400899670,"2017",0,25.4950975679639,0,"ThreePoint",9,1,1,0,2
"1973","Harrison Barnes",6578,400899670,"2017",1,0,0,"Close",10,0,1,1,2
"1974","Harrison Barnes",6578,400899670,"2017",0,15.0332963783729,0,"Midrange",11,1,0,1,2
"1975","Harrison Barnes",6578,400899670,"2017",1,0,0,"Close",12,0,1,0,1
"1976","Harrison Barnes",6578,400899670,"2017",0,14.3178210632764,0,"Midrange",13,1,0,1,2
"1977","Harrison Barnes",6578,400899670,"2017",0,22.4722050542442,0,"ThreePoint",14,0,1,0,1
"1978","Harrison Barnes",6578,400899670,"2017",0,7.07106781186548,0,"Close",15,0,0,1,1
"1979","Harrison Barnes",6578,400899670,"2017",1,3,0,"Close",16,0,0,0,0
"1980","Harrison Barnes",6578,400899670,"2017",1,25.0798724079689,0,"ThreePoint",17,1,0,0,1
"1981","Harrison Barnes",6578,400899670,"2017",0,7.07106781186548,0,"Close",18,1,1,0,2
"1982","Harrison Barnes",6578,400899670,"2017",0,21.6333076527839,0,"Midrange",19,0,1,1,2
"1983","Harrison Barnes",6578,400975692,"2018",0,1.4142135623731,0,"Close",1,NA,NA,NA,NA
"1984","Harrison Barnes",6578,400975692,"2018",0,5,0,"Close",2,0,NA,NA,NA
"1985","Harrison Barnes",6578,400975692,"2018",0,18.4390889145858,0,"Midrange",3,0,0,NA,NA
"1986","Harrison Barnes",6578,400975692,"2018",0,5.09901951359278,0,"Close",4,0,0,0,0
"1987","Harrison Barnes",6578,400975692,"2018",0,2.23606797749979,0,"Close",5,0,0,0,0
"1988","Harrison Barnes",6578,400975692,"2018",1,16.0312195418814,0,"Midrange",6,0,0,0,0
"1989","Harrison Barnes",6578,400975692,"2018",0,4,0,"Close",7,1,0,0,1
"1990","Harrison Barnes",6578,400975692,"2018",1,10.1980390271856,0,"Midrange",8,0,1,0,1
"1991","Harrison Barnes",6578,400975692,"2018",1,20.6155281280883,0,"Midrange",9,1,0,1,2
"1992","Harrison Barnes",6578,400975692,"2018",1,24.7588368062799,0,"ThreePoint",10,1,1,0,2
"1993","Harrison Barnes",6578,400975692,"2018",0,24.0416305603426,1,"ThreePoint",11,1,1,1,3
"1994","Harrison Barnes",6578,400975692,"2018",0,25.0798724079689,0,"ThreePoint",12,0,1,1,2
"1995","Harrison Barnes",6578,400975692,"2018",1,19.0262975904404,0,"Midrange",13,0,0,1,1
"1996","Harrison Barnes",6578,400975692,"2018",0,19,0,"Midrange",14,1,0,0,1
"1997","Harrison Barnes",6578,400975692,"2018",1,2,0,"Close",15,0,1,0,1
"1998","Harrison Barnes",6578,400975692,"2018",0,13,0,"Midrange",16,1,0,1,2
"1999","Harrison Barnes",6578,400975880,"2018",0,19.2353840616713,0,"Midrange",1,NA,NA,NA,NA
"2000","Harrison Barnes",6578,400975880,"2018",0,7,0,"Close",2,0,NA,NA,NA
"2001","Harrison Barnes",6578,400975880,"2018",0,2.82842712474619,0,"Close",3,0,0,NA,NA
"2002","Harrison Barnes",6578,400975880,"2018",1,1,0,"Close",4,0,0,0,0
"2003","Harrison Barnes",6578,400975880,"2018",1,3.16227766016838,0,"Close",5,1,0,0,1
"2004","Harrison Barnes",6578,400975880,"2018",1,12.0830459735946,0,"Midrange",6,1,1,0,2
"2005","Harrison Barnes",6578,400975880,"2018",0,2.23606797749979,1,"Close",7,1,1,1,3
"2006","Harrison Barnes",6578,400975880,"2018",0,7.28010988928052,0,"Close",8,0,1,1,2
"2007","Harrison Barnes",6578,400975880,"2018",1,26.9258240356725,0,"ThreePoint",9,0,0,1,1
"2008","Harrison Barnes",6578,400975880,"2018",1,17.2626765016321,0,"Midrange",10,1,0,0,1
"2009","Harrison Barnes",6578,400975880,"2018",1,23.0867927612304,0,"ThreePoint",11,1,1,0,2
"2010","Harrison Barnes",6578,400975880,"2018",0,14.8660687473185,1,"Midrange",12,1,1,1,3
"2011","Harrison Barnes",6578,400975880,"2018",0,16.4924225024706,0,"Midrange",13,0,1,1,2
"2012","Harrison Barnes",6578,400975880,"2018",0,25.6124969497314,0,"ThreePoint",14,0,0,1,1
"2013","Harrison Barnes",6578,400975880,"2018",0,3.16227766016838,0,"Close",15,0,0,0,0
"2014","Harrison Barnes",6578,400975880,"2018",1,1.4142135623731,0,"Close",16,0,0,0,0
"2015","Harrison Barnes",6578,400975880,"2018",1,1,0,"Close",17,1,0,0,1
"2016","Harrison Barnes",6578,400975880,"2018",0,18.9736659610103,0,"Midrange",18,1,1,0,2
"2017","Harrison Barnes",6578,401071630,"2019",0,6.70820393249937,0,"Close",1,NA,NA,NA,NA
"2018","Harrison Barnes",6578,401071630,"2019",0,3.60555127546399,0,"Close",2,0,NA,NA,NA
"2019","Harrison Barnes",6578,401071630,"2019",1,23.1948270094864,0,"ThreePoint",3,0,0,NA,NA
"2020","Harrison Barnes",6578,401071630,"2019",1,26.4007575648882,0,"ThreePoint",4,1,0,0,1
"2021","Harrison Barnes",6578,401071630,"2019",0,19.723082923316,0,"Midrange",5,1,1,0,2
"2022","Harrison Barnes",6578,401071630,"2019",0,23.1948270094864,0,"ThreePoint",6,0,1,1,2
"2023","Harrison Barnes",6578,401071630,"2019",1,1,0,"Close",7,0,0,1,1
"2024","Harrison Barnes",6578,401071630,"2019",0,26.6270539113887,0,"ThreePoint",8,1,0,0,1
"2025","Harrison Barnes",6578,401071630,"2019",1,2.23606797749979,0,"Close",9,0,1,0,1
"2026","Harrison Barnes",6578,401071630,"2019",0,28.7923600977759,0,"ThreePoint",10,1,0,1,2
"2027","Harrison Barnes",6578,401071630,"2019",1,22.2036033111745,0,"ThreePoint",11,0,1,0,1
"2028","Harrison Barnes",6578,401071630,"2019",1,1.4142135623731,0,"Close",12,1,0,1,2
"2029","Harrison Barnes",6578,401071630,"2019",1,2.23606797749979,0,"Close",13,1,1,0,2
"2030","Isaiah Thomas",6472,400827911,"2016",1,2,0,"Close",1,NA,NA,NA,NA
"2031","Isaiah Thomas",6472,400827911,"2016",0,18.3847763108502,0,"Midrange",2,1,NA,NA,NA
"2032","Isaiah Thomas",6472,400827911,"2016",1,8.94427190999916,0,"Midrange",3,0,1,NA,NA
"2033","Isaiah Thomas",6472,400827911,"2016",0,17.7200451466693,0,"Midrange",4,1,0,1,2
"2034","Isaiah Thomas",6472,400827911,"2016",1,25.8069758011279,0,"ThreePoint",5,0,1,0,1
"2035","Isaiah Thomas",6472,400827911,"2016",0,6.32455532033676,0,"Close",6,1,0,1,2
"2036","Isaiah Thomas",6472,400827911,"2016",0,24.0831891575846,0,"ThreePoint",7,0,1,0,1
"2037","Isaiah Thomas",6472,400827911,"2016",1,0,0,"Close",8,0,0,1,1
"2038","Isaiah Thomas",6472,400827911,"2016",0,4.12310562561766,0,"Close",9,1,0,0,1
"2039","Isaiah Thomas",6472,400827911,"2016",0,18.3575597506858,0,"Midrange",10,0,1,0,1
"2040","Isaiah Thomas",6472,400827911,"2016",0,1,0,"Close",11,0,0,1,1
"2041","Isaiah Thomas",6472,400827911,"2016",0,28.3019433961698,0,"ThreePoint",12,0,0,0,0
"2042","Isaiah Thomas",6472,400827911,"2016",1,1,0,"Close",13,0,0,0,0
"2043","Isaiah Thomas",6472,400827911,"2016",1,1,0,"Close",14,1,0,0,1
"2044","Isaiah Thomas",6472,400827911,"2016",0,23.5372045918796,0,"ThreePoint",15,1,1,0,2
"2045","Isaiah Thomas",6472,400827911,"2016",1,1,0,"Close",16,0,1,1,2
"2046","Isaiah Thomas",6472,400900555,"2017",1,23,0,"ThreePoint",1,NA,NA,NA,NA
"2047","Isaiah Thomas",6472,400900555,"2017",1,1,0,"Close",2,1,NA,NA,NA
"2048","Isaiah Thomas",6472,400900555,"2017",0,11.0453610171873,0,"Midrange",3,1,1,NA,NA
"2049","Isaiah Thomas",6472,400900555,"2017",0,0,0,"Close",4,0,1,1,2
"2050","Isaiah Thomas",6472,400900555,"2017",1,9.21954445729289,0,"Midrange",5,0,0,1,1
"2051","Isaiah Thomas",6472,400900555,"2017",1,16.7630546142402,0,"Midrange",6,1,0,0,1
"2052","Isaiah Thomas",6472,400900555,"2017",0,1,0,"Close",7,1,1,0,2
"2053","Isaiah Thomas",6472,400900555,"2017",0,24.1867732448956,0,"ThreePoint",8,0,1,1,2
"2054","Isaiah Thomas",6472,400900555,"2017",1,24.738633753706,0,"ThreePoint",9,0,0,1,1
"2055","Isaiah Thomas",6472,400900555,"2017",1,25.4950975679639,0,"ThreePoint",10,1,0,0,1
"2056","Isaiah Thomas",6472,400900555,"2017",0,8.54400374531753,0,"Midrange",11,1,1,0,2
"2057","Isaiah Thomas",6472,400900555,"2017",1,1,0,"Close",12,0,1,1,2
"2058","Isaiah Thomas",6472,400900555,"2017",0,24.6981780704569,0,"ThreePoint",13,1,0,1,2
"2059","Isaiah Thomas",6472,400900555,"2017",0,2,0,"Close",14,0,1,0,1
"2060","Isaiah Thomas",6472,400900555,"2017",0,1,0,"Close",15,0,0,1,1
"2061","Isaiah Thomas",6472,400900555,"2017",0,24.5153013442625,0,"ThreePoint",16,0,0,0,0
"2062","Isaiah Thomas",6472,400900555,"2017",0,1.4142135623731,0,"Close",17,0,0,0,0
"2063","Isaiah Thomas",6472,400900555,"2017",1,0,0,"Close",18,0,0,0,0
"2064","Isaiah Thomas",6472,400900555,"2017",1,24.0208242989286,0,"ThreePoint",19,1,0,0,1
"2065","Isaiah Thomas",6472,400900555,"2017",0,24.1867732448956,0,"ThreePoint",20,1,1,0,2
"2066","Isaiah Thomas",6472,400900555,"2017",1,1.4142135623731,0,"Close",21,0,1,1,2
"2067","Jalen Brunson",3934672,401360224,"2022",0,10,0,"Midrange",1,NA,NA,NA,NA
"2068","Jalen Brunson",3934672,401360224,"2022",0,25.7099202643649,0,"ThreePoint",2,0,NA,NA,NA
"2069","Jalen Brunson",3934672,401360224,"2022",0,16.1245154965971,0,"Midrange",3,0,0,NA,NA
"2070","Jalen Brunson",3934672,401360224,"2022",0,5.3851648071345,0,"Close",4,0,0,0,0
"2071","Jalen Brunson",3934672,401360224,"2022",0,26.9258240356725,0,"ThreePoint",5,0,0,0,0
"2072","Jalen Brunson",3934672,401360224,"2022",0,4.47213595499958,0,"Close",6,0,0,0,0
"2073","Jalen Brunson",3934672,401360224,"2022",1,1.4142135623731,0,"Close",7,0,0,0,0
"2074","Jalen Brunson",3934672,401360224,"2022",0,25,0,"ThreePoint",8,1,0,0,1
"2075","Jalen Brunson",3934672,401360224,"2022",1,14,0,"Midrange",9,0,1,0,1
"2076","Jalen Brunson",3934672,401360224,"2022",1,26.8700576850888,0,"ThreePoint",10,1,0,1,2
"2077","Jalen Brunson",3934672,401360224,"2022",1,5,0,"Close",11,1,1,0,2
"2078","Jalen Brunson",3934672,401360224,"2022",1,12.0415945787923,1,"Midrange",12,1,1,1,3
"2079","Jalen Brunson",3934672,401360224,"2022",0,12.2065556157337,1,"Midrange",13,1,1,1,3
"2080","Jalen Brunson",3934672,401360224,"2022",1,3.16227766016838,0,"Close",14,0,1,1,2
"2081","Jalen Brunson",3934672,401360953,"2022",0,19.4164878389476,0,"Midrange",1,NA,NA,NA,NA
"2082","Jalen Brunson",3934672,401360953,"2022",0,25.0798724079689,0,"ThreePoint",2,0,NA,NA,NA
"2083","Jalen Brunson",3934672,401360953,"2022",1,2.23606797749979,0,"Close",3,0,0,NA,NA
"2084","Jalen Brunson",3934672,401360953,"2022",1,2,0,"Close",4,1,0,0,1
"2085","Jalen Brunson",3934672,401360953,"2022",0,2.23606797749979,0,"Close",5,1,1,0,2
"2086","Jalen Brunson",3934672,401360953,"2022",0,10,0,"Midrange",6,0,1,1,2
"2087","Jalen Brunson",3934672,401360953,"2022",1,18.6815416922694,0,"Midrange",7,0,0,1,1
"2088","Jalen Brunson",3934672,401360953,"2022",0,17.8044938147649,0,"Midrange",8,1,0,0,1
"2089","Jalen Brunson",3934672,401360953,"2022",0,25.0798724079689,0,"ThreePoint",9,0,1,0,1
"2090","Jalen Brunson",3934672,401360953,"2022",0,2.82842712474619,0,"Close",10,0,0,1,1
"2091","Jalen Brunson",3934672,401360953,"2022",0,3.60555127546399,0,"Close",11,0,0,0,0
"2092","Jalen Brunson",3934672,401360953,"2022",0,24.4131112314674,0,"ThreePoint",12,0,0,0,0
"2093","Jalen Brunson",3934672,401468347,"2023",0,11.4017542509914,0,"Midrange",1,NA,NA,NA,NA
"2094","Jalen Brunson",3934672,401468347,"2023",1,7.61577310586391,0,"Close",2,0,NA,NA,NA
"2095","Jalen Brunson",3934672,401468347,"2023",1,1,0,"Close",3,1,0,NA,NA
"2096","Jalen Brunson",3934672,401468347,"2023",1,8.24621125123532,0,"Midrange",4,1,1,0,2
"2097","Jalen Brunson",3934672,401468347,"2023",1,9.89949493661167,1,"Midrange",5,1,1,1,3
"2098","Jalen Brunson",3934672,401468347,"2023",1,5.09901951359278,1,"Close",6,1,1,1,3
"2099","Jalen Brunson",3934672,401468347,"2023",0,6.08276253029822,1,"Close",7,1,1,1,3
"2100","Jalen Brunson",3934672,401468347,"2023",0,28.1602556806574,0,"ThreePoint",8,0,1,1,2
"2101","Jalen Brunson",3934672,401468347,"2023",0,25.9615099714943,0,"ThreePoint",9,0,0,1,1
"2102","Jalen Brunson",3934672,401704785,"2025",1,25.6320112359526,0,"ThreePoint",1,NA,NA,NA,NA
"2103","Jalen Brunson",3934672,401704785,"2025",0,25.8069758011279,0,"ThreePoint",2,1,NA,NA,NA
"2104","Jalen Brunson",3934672,401704785,"2025",0,25.2388589282479,0,"ThreePoint",3,0,1,NA,NA
"2105","Jalen Brunson",3934672,401704785,"2025",1,5.09901951359278,0,"Close",4,0,0,1,1
"2106","Jalen Brunson",3934672,401704785,"2025",1,26,0,"ThreePoint",5,1,0,0,1
"2107","Jalen Brunson",3934672,401704785,"2025",1,18.1107702762748,0,"Midrange",6,1,1,0,2
"2108","Jalen Brunson",3934672,401704785,"2025",0,12.0830459735946,1,"Midrange",7,1,1,1,3
"2109","Jalen Brunson",3934672,401704785,"2025",0,26.0192236625154,0,"ThreePoint",8,0,1,1,2
"2110","Jalen Brunson",3934672,401704785,"2025",1,10,0,"Midrange",9,0,0,1,1
"2111","Jalen Brunson",3934672,401704785,"2025",0,25.4558441227157,0,"ThreePoint",10,1,0,0,1
"2112","Jalen Brunson",3934672,401704785,"2025",1,26.0768096208106,0,"ThreePoint",11,0,1,0,1
"2113","Jalen Brunson",3934672,401704785,"2025",0,24.6981780704569,0,"ThreePoint",12,1,0,1,2
"2114","Jalen Brunson",3934672,401704785,"2025",1,8.54400374531753,0,"Midrange",13,0,1,0,1
"2115","Jalen Brunson",3934672,401704785,"2025",0,24.4131112314674,0,"ThreePoint",14,1,0,1,2
"2116","Jalen Brunson",3934672,401704785,"2025",0,8.24621125123532,0,"Midrange",15,0,1,0,1
"2117","Jalen Brunson",3934672,401704785,"2025",0,7.28010988928052,0,"Close",16,0,0,1,1
"2118","Jalen Brunson",3934672,401704785,"2025",0,3.60555127546399,0,"Close",17,0,0,0,0
"2119","Jalen Brunson",3934672,401704785,"2025",1,20.6155281280883,0,"Midrange",18,0,0,0,0
"2120","Jalen Brunson",3934672,401704785,"2025",1,1.4142135623731,0,"Close",19,1,0,0,1
"2121","Jalen Brunson",3934672,401704785,"2025",0,15.8113883008419,0,"Midrange",20,1,1,0,2
"2122","Jalen Brunson",3934672,401705268,"2025",0,19.0262975904404,0,"Midrange",1,NA,NA,NA,NA
"2123","Jalen Brunson",3934672,401705268,"2025",0,18.2482875908947,0,"Midrange",2,0,NA,NA,NA
"2124","Jalen Brunson",3934672,401705268,"2025",1,5,0,"Close",3,0,0,NA,NA
"2125","Jalen Brunson",3934672,401705268,"2025",0,13.0384048104053,0,"Midrange",4,1,0,0,1
"2126","Jalen Brunson",3934672,401705268,"2025",1,2.82842712474619,0,"Close",5,0,1,0,1
"2127","Jalen Brunson",3934672,401705268,"2025",0,4.24264068711928,0,"Close",6,1,0,1,2
"2128","Jalen Brunson",3934672,401705268,"2025",0,23.3452350598575,0,"ThreePoint",7,0,1,0,1
"2129","Jalen Brunson",3934672,401705268,"2025",0,6.70820393249937,0,"Close",8,0,0,1,1
"2130","Jalen Brunson",3934672,401705268,"2025",1,8.48528137423857,0,"Midrange",9,0,0,0,0
"2131","Jalen Brunson",3934672,401705268,"2025",0,25,0,"ThreePoint",10,1,0,0,1
"2132","Jalen Brunson",3934672,401705268,"2025",1,1.4142135623731,0,"Close",11,0,1,0,1
"2133","Jalen Brunson",3934672,401705268,"2025",0,3.60555127546399,0,"Close",12,1,0,1,2
"2134","Jalen Brunson",3934672,401705268,"2025",1,6.32455532033676,0,"Close",13,0,1,0,1
"2135","Jalen Brunson",3934672,401705268,"2025",1,8,0,"Close",14,1,0,1,2
"2136","Jalen Brunson",3934672,401705268,"2025",1,1,0,"Close",15,1,1,0,2
"2137","Jalen Brunson",3934672,401705268,"2025",0,25.4950975679639,1,"ThreePoint",16,1,1,1,3
"2138","Jalen Brunson",3934672,401705268,"2025",0,2.23606797749979,0,"Close",17,0,1,1,2
"2139","Jalen Brunson",3934672,401705268,"2025",1,2,0,"Close",18,0,0,1,1
"2140","Jalen Brunson",3934672,401705268,"2025",0,13,0,"Midrange",19,1,0,0,1
"2141","Jalen Brunson",3934672,401705268,"2025",0,9.4339811320566,0,"Midrange",20,0,1,0,1
"2142","Jalen Brunson",3934672,401705268,"2025",1,1,0,"Close",21,0,0,1,1
"2143","Jalen Brunson",3934672,401705268,"2025",0,5,0,"Close",22,1,0,0,1
"2144","Jalen Brunson",3934672,401705268,"2025",1,5.09901951359278,0,"Close",23,0,1,0,1
"2145","Jalen Brunson",3934672,401705268,"2025",1,9.21954445729289,0,"Midrange",24,1,0,1,2
"2146","Jalen Brunson",3934672,401705268,"2025",1,1,0,"Close",25,1,1,0,2
"2147","Jalen Brunson",3934672,401705268,"2025",1,1.4142135623731,1,"Close",26,1,1,1,3
"2148","Jalen Brunson",3934672,401705268,"2025",1,26.4196896272458,1,"ThreePoint",27,1,1,1,3
"2149","Jalen Green",4437244,401468249,"2023",0,14.8660687473185,0,"Midrange",1,NA,NA,NA,NA
"2150","Jalen Green",4437244,401468249,"2023",0,19.2353840616713,0,"Midrange",2,0,NA,NA,NA
"2151","Jalen Green",4437244,401468249,"2023",1,26.1725046566048,0,"ThreePoint",3,0,0,NA,NA
"2152","Jalen Green",4437244,401468249,"2023",1,1,0,"Close",4,1,0,0,1
"2153","Jalen Green",4437244,401468249,"2023",1,3.60555127546399,0,"Close",5,1,1,0,2
"2154","Jalen Green",4437244,401468249,"2023",0,11.1803398874989,1,"Midrange",6,1,1,1,3
"2155","Jalen Green",4437244,401468249,"2023",0,3,0,"Close",7,0,1,1,2
"2156","Jalen Green",4437244,401468249,"2023",0,0,0,"Close",8,0,0,1,1
"2157","Jalen Green",4437244,401468249,"2023",1,23,0,"ThreePoint",9,0,0,0,0
"2158","Jalen Green",4437244,401468249,"2023",0,26.0768096208106,0,"ThreePoint",10,1,0,0,1
"2159","Jalen Green",4437244,401468249,"2023",0,23.0867927612304,0,"ThreePoint",11,0,1,0,1
"2160","Jalen Green",4437244,401468249,"2023",0,26.8328157299975,0,"ThreePoint",12,0,0,1,1
"2161","Jalen Green",4437244,401468249,"2023",0,26.0768096208106,0,"ThreePoint",13,0,0,0,0
"2162","Jalen Green",4437244,401468249,"2023",0,10.0498756211209,0,"Midrange",14,0,0,0,0
"2163","Jalen Green",4437244,401468249,"2023",0,1,0,"Close",15,0,0,0,0
"2164","Jalen Green",4437244,401468249,"2023",1,2,0,"Close",16,0,0,0,0
"2165","Jalen Green",4437244,401468249,"2023",0,2,0,"Close",17,1,0,0,1
"2166","Jalen Green",4437244,401468249,"2023",0,28.0178514522438,0,"ThreePoint",18,0,1,0,1
"2167","Jalen Green",4437244,401705268,"2025",1,2.23606797749979,0,"Close",1,NA,NA,NA,NA
"2168","Jalen Green",4437244,401705268,"2025",0,26.0192236625154,0,"ThreePoint",2,1,NA,NA,NA
"2169","Jalen Green",4437244,401705268,"2025",1,26.6270539113887,0,"ThreePoint",3,0,1,NA,NA
"2170","Jalen Green",4437244,401705268,"2025",0,23.0217288664427,0,"ThreePoint",4,1,0,1,2
"2171","Jalen Green",4437244,401705268,"2025",0,25.4558441227157,0,"ThreePoint",5,0,1,0,1
"2172","Jalen Green",4437244,401705268,"2025",0,24.8394846967484,0,"ThreePoint",6,0,0,1,1
"2173","Jalen Green",4437244,401705268,"2025",1,2,0,"Close",7,0,0,0,0
"2174","Jalen Green",4437244,401705268,"2025",1,1,0,"Close",8,1,0,0,1
"2175","Jalen Green",4437244,401705268,"2025",0,3.60555127546399,0,"Close",9,1,1,0,2
"2176","Jalen Green",4437244,401705268,"2025",1,0,0,"Close",10,0,1,1,2
"2177","Jalen Green",4437244,401705268,"2025",0,17.1172427686237,0,"Midrange",11,1,0,1,2
"2178","Jalen Green",4437244,401705268,"2025",1,2.82842712474619,0,"Close",12,0,1,0,1
"2179","Jalen Green",4437244,401705268,"2025",0,11.1803398874989,0,"Midrange",13,1,0,1,2
"2180","Jalen Green",4437244,401705268,"2025",0,7.07106781186548,0,"Close",14,0,1,0,1
"2181","Jalen Green",4437244,401705268,"2025",1,1.4142135623731,0,"Close",15,0,0,1,1
"2182","Jalen Green",4437244,401705268,"2025",0,38.0525951808809,0,"ThreePoint",16,1,0,0,1
"2183","Jalen Green",4437244,401705268,"2025",1,2.23606797749979,0,"Close",17,0,1,0,1
"2184","Jalen Green",4437244,401705268,"2025",0,27.7308492477241,0,"ThreePoint",18,1,0,1,2
"2185","Jalen Green",4437244,401705268,"2025",0,5.8309518948453,0,"Close",19,0,1,0,1
"2186","Jalen Green",4437244,401705268,"2025",1,17.2626765016321,0,"Midrange",20,0,0,1,1
"2187","Jalen Green",4437244,401705268,"2025",0,5.09901951359278,0,"Close",21,1,0,0,1
"2188","Jalen Green",4437244,401705268,"2025",0,25.8069758011279,0,"ThreePoint",22,0,1,0,1
"2189","Jalen Williams",4593803,401705386,"2025",0,28.6530975637888,0,"ThreePoint",1,NA,NA,NA,NA
"2190","Jalen Williams",4593803,401705386,"2025",1,7.28010988928052,0,"Close",2,0,NA,NA,NA
"2191","Jalen Williams",4593803,401705386,"2025",1,6.32455532033676,0,"Close",3,1,0,NA,NA
"2192","Jalen Williams",4593803,401705386,"2025",0,10.1980390271856,0,"Midrange",4,1,1,0,2
"2193","Jalen Williams",4593803,401705386,"2025",0,12.2065556157337,0,"Midrange",5,0,1,1,2
"2194","Jalen Williams",4593803,401705386,"2025",0,7.28010988928052,0,"Close",6,0,0,1,1
"2195","Jalen Williams",4593803,401705386,"2025",1,6,0,"Close",7,0,0,0,0
"2196","Jalen Williams",4593803,401705386,"2025",1,41,0,"ThreePoint",8,1,0,0,1
"2197","Jalen Williams",4593803,401705386,"2025",0,25,0,"ThreePoint",9,1,1,0,2
"2198","Jalen Williams",4593803,401705386,"2025",0,14.2126704035519,0,"Midrange",10,0,1,1,2
"2199","Jalen Williams",4593803,401705386,"2025",0,7.21110255092798,0,"Close",11,0,0,1,1
"2200","Jalen Williams",4593803,401705386,"2025",1,28.3196045170126,0,"ThreePoint",12,0,0,0,0
"2201","Jalen Williams",4593803,401705386,"2025",1,23.5372045918796,0,"ThreePoint",13,1,0,0,1
"2202","Jalen Williams",4593803,401705386,"2025",0,7.81024967590665,0,"Close",14,1,1,0,2
"2203","Jamal Murray",3936299,400975489,"2018",0,25,0,"ThreePoint",1,NA,NA,NA,NA
"2204","Jamal Murray",3936299,400975489,"2018",0,24.0831891575846,0,"ThreePoint",2,0,NA,NA,NA
"2205","Jamal Murray",3936299,400975489,"2018",0,22.0227155455452,0,"ThreePoint",3,0,0,NA,NA
"2206","Jamal Murray",3936299,400975489,"2018",0,4.12310562561766,0,"Close",4,0,0,0,0
"2207","Jamal Murray",3936299,400975489,"2018",0,24.7588368062799,0,"ThreePoint",5,0,0,0,0
"2208","Jamal Murray",3936299,400975489,"2018",1,25.0798724079689,0,"ThreePoint",6,0,0,0,0
"2209","Jamal Murray",3936299,400975489,"2018",1,2.23606797749979,0,"Close",7,1,0,0,1
"2210","Jamal Murray",3936299,400975489,"2018",0,25.4950975679639,0,"ThreePoint",8,1,1,0,2
"2211","Jamal Murray",3936299,400975489,"2018",1,2.82842712474619,0,"Close",9,0,1,1,2
"2212","Jamal Murray",3936299,400975489,"2018",1,8.60232526704263,0,"Midrange",10,1,0,1,2
"2213","Jamal Murray",3936299,400975489,"2018",1,2.82842712474619,0,"Close",11,1,1,0,2
"2214","Jamal Murray",3936299,401070732,"2019",0,26.0192236625154,0,"ThreePoint",1,NA,NA,NA,NA
"2215","Jamal Murray",3936299,401070732,"2019",1,25.6124969497314,0,"ThreePoint",2,0,NA,NA,NA
"2216","Jamal Murray",3936299,401070732,"2019",0,25.6124969497314,0,"ThreePoint",3,1,0,NA,NA
"2217","Jamal Murray",3936299,401070732,"2019",1,1.4142135623731,0,"Close",4,0,1,0,1
"2218","Jamal Murray",3936299,401070732,"2019",1,13.3416640641263,0,"Midrange",5,1,0,1,2
"2219","Jamal Murray",3936299,401070732,"2019",1,24.5967477524977,0,"ThreePoint",6,1,1,0,2
"2220","Jamal Murray",3936299,401070732,"2019",1,24.7588368062799,1,"ThreePoint",7,1,1,1,3
"2221","Jamal Murray",3936299,401070732,"2019",1,2.82842712474619,1,"Close",8,1,1,1,3
"2222","Jamal Murray",3936299,401070732,"2019",0,12.369316876853,1,"Midrange",9,1,1,1,3
"2223","Jamal Murray",3936299,401070732,"2019",0,25.2388589282479,0,"ThreePoint",10,0,1,1,2
"2224","Jamal Murray",3936299,401071061,"2019",0,16,0,"Midrange",1,NA,NA,NA,NA
"2225","Jamal Murray",3936299,401071061,"2019",1,11.7046999107196,0,"Midrange",2,0,NA,NA,NA
"2226","Jamal Murray",3936299,401071061,"2019",0,24.6981780704569,0,"ThreePoint",3,1,0,NA,NA
"2227","Jamal Murray",3936299,401071061,"2019",1,19.723082923316,0,"Midrange",4,0,1,0,1
"2228","Jamal Murray",3936299,401071061,"2019",0,16.1245154965971,0,"Midrange",5,1,0,1,2
"2229","Jamal Murray",3936299,401071061,"2019",0,12.6491106406735,0,"Midrange",6,0,1,0,1
"2230","Jamal Murray",3936299,401071061,"2019",0,15.6524758424985,0,"Midrange",7,0,0,1,1
"2231","Jamal Murray",3936299,401071061,"2019",0,18.3847763108502,0,"Midrange",8,0,0,0,0
"2232","Jamal Murray",3936299,401071061,"2019",0,16.1245154965971,0,"Midrange",9,0,0,0,0
"2233","Jamal Murray",3936299,401468644,"2023",1,2,0,"Close",1,NA,NA,NA,NA
"2234","Jamal Murray",3936299,401468644,"2023",1,16.4924225024706,0,"Midrange",2,1,NA,NA,NA
"2235","Jamal Murray",3936299,401468644,"2023",0,80.7527089328897,0,"ThreePoint",3,1,1,NA,NA
"2236","Jamal Murray",3936299,401468644,"2023",0,24.6981780704569,0,"ThreePoint",4,0,1,1,2
"2237","Jamal Murray",3936299,401468644,"2023",1,3,0,"Close",5,0,0,1,1
"2238","Jamal Murray",3936299,401468644,"2023",0,13.4536240470737,0,"Midrange",6,1,0,0,1
"2239","Jamal Murray",3936299,401468644,"2023",0,13.3416640641263,0,"Midrange",7,0,1,0,1
"2240","Jamal Murray",3936299,401468644,"2023",0,15.8113883008419,0,"Midrange",8,0,0,1,1
"2241","Jamal Murray",3936299,401468644,"2023",1,2,0,"Close",9,0,0,0,0
"2242","Jamal Murray",3936299,401468644,"2023",1,26.2488094968134,0,"ThreePoint",10,1,0,0,1
"2243","Jamal Murray",3936299,401468644,"2023",1,11.1803398874989,0,"Midrange",11,1,1,0,2
"2244","Jamal Murray",3936299,401468644,"2023",1,2,1,"Close",12,1,1,1,3
"2245","Jamal Murray",3936299,401468644,"2023",1,25.6124969497314,1,"ThreePoint",13,1,1,1,3
"2246","Jamal Murray",3936299,401468644,"2023",1,25.8069758011279,1,"ThreePoint",14,1,1,1,3
"2247","Jamal Murray",3936299,401468644,"2023",0,7.21110255092798,1,"Close",15,1,1,1,3
"2248","Jamal Murray",3936299,401468644,"2023",0,9.4339811320566,0,"Midrange",16,0,1,1,2
"2249","Jamal Murray",3936299,401468644,"2023",0,3.60555127546399,0,"Close",17,0,0,1,1
"2250","Jamal Murray",3936299,401704760,"2025",1,26.1725046566048,0,"ThreePoint",1,NA,NA,NA,NA
"2251","Jamal Murray",3936299,401704760,"2025",0,25.0599281722833,0,"ThreePoint",2,1,NA,NA,NA
"2252","Jamal Murray",3936299,401704760,"2025",0,22.0907220343745,0,"ThreePoint",3,0,1,NA,NA
"2253","Jamal Murray",3936299,401704760,"2025",1,8.06225774829855,0,"Midrange",4,0,0,1,1
"2254","Jamal Murray",3936299,401704760,"2025",0,27.6586333718787,0,"ThreePoint",5,1,0,0,1
"2255","Jamal Murray",3936299,401704760,"2025",1,22.3606797749979,0,"ThreePoint",6,0,1,0,1
"2256","Jamal Murray",3936299,401704760,"2025",0,24.0416305603426,0,"ThreePoint",7,1,0,1,2
"2257","Jamal Murray",3936299,401704760,"2025",1,26.9258240356725,0,"ThreePoint",8,0,1,0,1
"2258","Jamal Murray",3936299,401704760,"2025",1,15.1327459504216,0,"Midrange",9,1,0,1,2
"2259","Jamal Murray",3936299,401704760,"2025",0,26.1725046566048,0,"ThreePoint",10,1,1,0,2
"2260","Jamal Murray",3936299,401704760,"2025",1,25.3179778023443,0,"ThreePoint",11,0,1,1,2
"2261","Jamal Murray",3936299,401704760,"2025",0,12,0,"Midrange",12,1,0,1,2
"2262","Jamal Murray",3936299,401704760,"2025",0,13.6014705087354,0,"Midrange",13,0,1,0,1
"2263","Jamal Murray",3936299,401704760,"2025",0,25.4950975679639,0,"ThreePoint",14,0,0,1,1
"2264","Jamal Murray",3936299,401704760,"2025",1,13.8924439894498,0,"Midrange",15,0,0,0,0
"2265","Jamal Murray",3936299,401704760,"2025",1,18.0277563773199,0,"Midrange",16,1,0,0,1
"2266","Jamal Murray",3936299,401704760,"2025",1,19.2353840616713,0,"Midrange",17,1,1,0,2
"2267","James Harden",3992,400828288,"2016",0,23.0217288664427,0,"ThreePoint",1,NA,NA,NA,NA
"2268","James Harden",3992,400828288,"2016",0,23.1948270094864,0,"ThreePoint",2,0,NA,NA,NA
"2269","James Harden",3992,400828288,"2016",1,7.07106781186548,0,"Close",3,0,0,NA,NA
"2270","James Harden",3992,400828288,"2016",0,24.0208242989286,0,"ThreePoint",4,1,0,0,1
"2271","James Harden",3992,400828288,"2016",1,2,0,"Close",5,0,1,0,1
"2272","James Harden",3992,400828288,"2016",0,1,0,"Close",6,1,0,1,2
"2273","James Harden",3992,400828288,"2016",0,10,0,"Midrange",7,0,1,0,1
"2274","James Harden",3992,400828288,"2016",1,1,0,"Close",8,0,0,1,1
"2275","James Harden",3992,400828288,"2016",0,25.5538646783613,0,"ThreePoint",9,1,0,0,1
"2276","James Harden",3992,400828288,"2016",1,2.23606797749979,0,"Close",10,0,1,0,1
"2277","James Harden",3992,400828288,"2016",0,4,0,"Close",11,1,0,1,2
"2278","James Harden",3992,400828288,"2016",0,25.4950975679639,0,"ThreePoint",12,0,1,0,1
"2279","James Harden",3992,400828288,"2016",0,13.8924439894498,0,"Midrange",13,0,0,1,1
"2280","James Harden",3992,401071241,"2019",0,8,0,"Close",1,NA,NA,NA,NA
"2281","James Harden",3992,401071241,"2019",0,27.5862284482674,0,"ThreePoint",2,0,NA,NA,NA
"2282","James Harden",3992,401071241,"2019",1,27.5862284482674,0,"ThreePoint",3,0,0,NA,NA
"2283","James Harden",3992,401071241,"2019",0,9.8488578017961,0,"Midrange",4,1,0,0,1
"2284","James Harden",3992,401071241,"2019",0,26.6270539113887,0,"ThreePoint",5,0,1,0,1
"2285","James Harden",3992,401071241,"2019",0,23.0867927612304,0,"ThreePoint",6,0,0,1,1
"2286","James Harden",3992,401071241,"2019",1,26.4007575648882,0,"ThreePoint",7,0,0,0,0
"2287","James Harden",3992,401071241,"2019",0,25.4558441227157,0,"ThreePoint",8,1,0,0,1
"2288","James Harden",3992,401071241,"2019",1,8,0,"Close",9,0,1,0,1
"2289","James Harden",3992,401071241,"2019",0,27.6586333718787,0,"ThreePoint",10,1,0,1,2
"2290","James Harden",3992,401071241,"2019",0,5.3851648071345,0,"Close",11,0,1,0,1
"2291","James Harden",3992,401071241,"2019",0,30.4630924234556,0,"ThreePoint",12,0,0,1,1
"2292","James Harden",3992,401071241,"2019",1,27.8028775489157,0,"ThreePoint",13,0,0,0,0
"2293","James Harden",3992,401071241,"2019",0,25.9422435421457,0,"ThreePoint",14,1,0,0,1
"2294","James Harden",3992,401071241,"2019",1,27.5136329843952,0,"ThreePoint",15,0,1,0,1
"2295","James Harden",3992,401071241,"2019",0,26.9258240356725,0,"ThreePoint",16,1,0,1,2
"2296","James Harden",3992,401071241,"2019",0,12.2065556157337,0,"Midrange",17,0,1,0,1
"2297","James Harden",3992,401071241,"2019",1,13.0384048104053,0,"Midrange",18,0,0,1,1
"2298","James Harden",3992,401071241,"2019",0,27.2029410174709,0,"ThreePoint",19,1,0,0,1
"2299","James Harden",3992,401071241,"2019",1,26.1725046566048,0,"ThreePoint",20,0,1,0,1
"2300","James Harden",3992,401071241,"2019",1,29.4108823397055,0,"ThreePoint",21,1,0,1,2
"2301","James Harden",3992,401071241,"2019",0,18.4390889145858,0,"Midrange",22,1,1,0,2
"2302","James Harden",3992,401071241,"2019",1,19.8494332412792,0,"Midrange",23,0,1,1,2
"2303","James Harden",3992,401071241,"2019",0,28.0178514522438,0,"ThreePoint",24,1,0,1,2
"2304","James Harden",3992,401071241,"2019",1,28.3019433961698,0,"ThreePoint",25,0,1,0,1
"2305","James Harden",3992,401071241,"2019",0,10.4403065089106,0,"Midrange",26,1,0,1,2
"2306","James Harden",3992,401071241,"2019",0,27.0185121722126,0,"ThreePoint",27,0,1,0,1
"2307","James Harden",3992,401071241,"2019",1,25.5538646783613,0,"ThreePoint",28,0,0,1,1
"2308","James Harden",3992,401071241,"2019",1,29.5296461204668,0,"ThreePoint",29,1,0,0,1
"2309","James Harden",3992,401071241,"2019",0,28.3196045170126,0,"ThreePoint",30,1,1,0,2
"2310","James Harden",3992,401071241,"2019",0,31.3049516849971,0,"ThreePoint",31,0,1,1,2
"2311","James Harden",3992,401071241,"2019",1,28.8444102037119,0,"ThreePoint",32,0,0,1,1
"2312","James Harden",3992,401360196,"2022",0,26.9072480941474,0,"ThreePoint",1,NA,NA,NA,NA
"2313","James Harden",3992,401360196,"2022",1,26.1725046566048,0,"ThreePoint",2,0,NA,NA,NA
"2314","James Harden",3992,401360196,"2022",0,5,0,"Close",3,1,0,NA,NA
"2315","James Harden",3992,401360196,"2022",1,4.24264068711928,0,"Close",4,0,1,0,1
"2316","James Harden",3992,401360196,"2022",0,29.0688837074973,0,"ThreePoint",5,1,0,1,2
"2317","James Harden",3992,401360196,"2022",0,26.2488094968134,0,"ThreePoint",6,0,1,0,1
"2318","James Harden",3992,401360196,"2022",1,26.2488094968134,0,"ThreePoint",7,0,0,1,1
"2319","James Harden",3992,401360196,"2022",0,24.8394846967484,0,"ThreePoint",8,1,0,0,1
"2320","James Harden",3992,401360196,"2022",0,3.16227766016838,0,"Close",9,0,1,0,1
"2321","James Harden",3992,401360196,"2022",0,26.2488094968134,0,"ThreePoint",10,0,0,1,1
"2322","James Harden",3992,401360196,"2022",0,26.4007575648882,0,"ThreePoint",11,0,0,0,0
"2323","James Harden",3992,401360196,"2022",0,5.8309518948453,0,"Close",12,0,0,0,0
"2324","James Harden",3992,401360196,"2022",1,27.459060435492,0,"ThreePoint",13,0,0,0,0
"2325","James Harden",3992,401360196,"2022",0,26.0768096208106,0,"ThreePoint",14,1,0,0,1
"2326","James Harden",3992,401360196,"2022",0,27.7848879788996,0,"ThreePoint",15,0,1,0,1
"2327","James Harden",3992,401360196,"2022",0,25.4950975679639,0,"ThreePoint",16,0,0,1,1
"2328","Jaren Jackson Jr.",4277961,401584114,"2024",0,9.8488578017961,0,"Midrange",1,NA,NA,NA,NA
"2329","Jaren Jackson Jr.",4277961,401584114,"2024",0,29.2745623366089,0,"ThreePoint",2,0,NA,NA,NA
"2330","Jaren Jackson Jr.",4277961,401584114,"2024",0,5.8309518948453,0,"Close",3,0,0,NA,NA
"2331","Jaren Jackson Jr.",4277961,401584114,"2024",0,6.08276253029822,0,"Close",4,0,0,0,0
"2332","Jaren Jackson Jr.",4277961,401584114,"2024",0,16.7630546142402,0,"Midrange",5,0,0,0,0
"2333","Jaren Jackson Jr.",4277961,401584114,"2024",0,3.60555127546399,0,"Close",6,0,0,0,0
"2334","Jaren Jackson Jr.",4277961,401584114,"2024",0,3,0,"Close",7,0,0,0,0
"2335","Jaren Jackson Jr.",4277961,401584114,"2024",1,28.3196045170126,0,"ThreePoint",8,0,0,0,0
"2336","Jaren Jackson Jr.",4277961,401584114,"2024",1,2.23606797749979,0,"Close",9,1,0,0,1
"2337","Jaren Jackson Jr.",4277961,401584114,"2024",0,25.4950975679639,0,"ThreePoint",10,1,1,0,2
"2338","Jaren Jackson Jr.",4277961,401584114,"2024",0,3.60555127546399,0,"Close",11,0,1,1,2
"2339","Jaren Jackson Jr.",4277961,401584114,"2024",0,4,0,"Close",12,0,0,1,1
"2340","Jaren Jackson Jr.",4277961,401584114,"2024",1,25.0599281722833,0,"ThreePoint",13,0,0,0,0
"2341","Jaren Jackson Jr.",4277961,401584114,"2024",0,3,0,"Close",14,1,0,0,1
"2342","Jaren Jackson Jr.",4277961,401584114,"2024",0,22.2036033111745,0,"ThreePoint",15,0,1,0,1
"2343","Jaren Jackson Jr.",4277961,401584114,"2024",0,27.5136329843952,0,"ThreePoint",16,0,0,1,1
"2344","Jaren Jackson Jr.",4277961,401585131,"2024",0,0,0,"Close",1,NA,NA,NA,NA
"2345","Jaren Jackson Jr.",4277961,401585131,"2024",0,1,0,"Close",2,0,NA,NA,NA
"2346","Jaren Jackson Jr.",4277961,401585131,"2024",1,9.05538513813742,0,"Midrange",3,0,0,NA,NA
"2347","Jaren Jackson Jr.",4277961,401585131,"2024",0,4.12310562561766,0,"Close",4,1,0,0,1
"2348","Jaren Jackson Jr.",4277961,401585131,"2024",1,3.60555127546399,0,"Close",5,0,1,0,1
"2349","Jaren Jackson Jr.",4277961,401585131,"2024",1,27.6586333718787,0,"ThreePoint",6,1,0,1,2
"2350","Jaren Jackson Jr.",4277961,401585131,"2024",1,5,0,"Close",7,1,1,0,2
"2351","Jaren Jackson Jr.",4277961,401585131,"2024",1,1.4142135623731,1,"Close",8,1,1,1,3
"2352","Jaren Jackson Jr.",4277961,401585131,"2024",1,27.2029410174709,1,"ThreePoint",9,1,1,1,3
"2353","Jaren Jackson Jr.",4277961,401585131,"2024",1,2.23606797749979,1,"Close",10,1,1,1,3
"2354","Jaren Jackson Jr.",4277961,401585131,"2024",0,26.8700576850888,1,"ThreePoint",11,1,1,1,3
"2355","Jaren Jackson Jr.",4277961,401585131,"2024",1,1,0,"Close",12,0,1,1,2
"2356","Jaren Jackson Jr.",4277961,401585131,"2024",1,27.7848879788996,0,"ThreePoint",13,1,0,1,2
"2357","Jaren Jackson Jr.",4277961,401585131,"2024",0,29.0688837074973,0,"ThreePoint",14,1,1,0,2
"2358","Jaren Jackson Jr.",4277961,401585131,"2024",0,5,0,"Close",15,0,1,1,2
"2359","Jaren Jackson Jr.",4277961,401585131,"2024",1,0,0,"Close",16,0,0,1,1
"2360","Jaren Jackson Jr.",4277961,401585131,"2024",0,27.2946881279124,0,"ThreePoint",17,1,0,0,1
"2361","Jaren Jackson Jr.",4277961,401585131,"2024",0,24.0831891575846,0,"ThreePoint",18,0,1,0,1
"2362","Jaren Jackson Jr.",4277961,401585131,"2024",1,2.23606797749979,0,"Close",19,0,0,1,1
"2363","Jaren Jackson Jr.",4277961,401585131,"2024",0,27.5862284482674,0,"ThreePoint",20,1,0,0,1
"2364","Jaylen Brown",3917376,401267611,"2021",1,2.82842712474619,0,"Close",1,NA,NA,NA,NA
"2365","Jaylen Brown",3917376,401267611,"2021",1,28.2311884269862,0,"ThreePoint",2,1,NA,NA,NA
"2366","Jaylen Brown",3917376,401267611,"2021",1,3.60555127546399,0,"Close",3,1,1,NA,NA
"2367","Jaylen Brown",3917376,401267611,"2021",0,12.1655250605964,1,"Midrange",4,1,1,1,3
"2368","Jaylen Brown",3917376,401267611,"2021",0,5.3851648071345,0,"Close",5,0,1,1,2
"2369","Jaylen Brown",3917376,401267611,"2021",1,26.8328157299975,0,"ThreePoint",6,0,0,1,1
"2370","Jaylen Brown",3917376,401267611,"2021",1,24.0208242989286,0,"ThreePoint",7,1,0,0,1
"2371","Jaylen Brown",3917376,401267611,"2021",1,25.4950975679639,0,"ThreePoint",8,1,1,0,2
"2372","Jaylen Brown",3917376,401267611,"2021",0,27.2946881279124,1,"ThreePoint",9,1,1,1,3
"2373","Jaylen Brown",3917376,401267611,"2021",0,15.8113883008419,0,"Midrange",10,0,1,1,2
"2374","Jaylen Brown",3917376,401267611,"2021",0,25.1793566240283,0,"ThreePoint",11,0,0,1,1
"2375","Jaylen Brown",3917376,401267611,"2021",0,25.6124969497314,0,"ThreePoint",12,0,0,0,0
"2376","Jaylen Brown",3917376,401360694,"2022",1,25.9615099714943,0,"ThreePoint",1,NA,NA,NA,NA
"2377","Jaylen Brown",3917376,401360694,"2022",1,2,0,"Close",2,1,NA,NA,NA
"2378","Jaylen Brown",3917376,401360694,"2022",1,26.4764045897475,0,"ThreePoint",3,1,1,NA,NA
"2379","Jaylen Brown",3917376,401360694,"2022",0,15,1,"Midrange",4,1,1,1,3
"2380","Jaylen Brown",3917376,401360694,"2022",1,2.82842712474619,0,"Close",5,0,1,1,2
"2381","Jaylen Brown",3917376,401360694,"2022",0,25.2388589282479,0,"ThreePoint",6,1,0,1,2
"2382","Jaylen Brown",3917376,401360694,"2022",0,15.2643375224737,0,"Midrange",7,0,1,0,1
"2383","Jaylen Brown",3917376,401360694,"2022",1,2,0,"Close",8,0,0,1,1
"2384","Jaylen Brown",3917376,401360694,"2022",0,18.0277563773199,0,"Midrange",9,1,0,0,1
"2385","Jaylen Brown",3917376,401360694,"2022",1,4.47213595499958,0,"Close",10,0,1,0,1
"2386","Jaylen Brown",3917376,401360694,"2022",1,2.23606797749979,0,"Close",11,1,0,1,2
"2387","Jaylen Brown",3917376,401360694,"2022",0,25.1793566240283,0,"ThreePoint",12,1,1,0,2
"2388","Jaylen Brown",3917376,401360694,"2022",0,3,0,"Close",13,0,1,1,2
"2389","Jaylen Brown",3917376,401360694,"2022",1,24.8394846967484,0,"ThreePoint",14,0,0,1,1
"2390","Jaylen Brown",3917376,401360694,"2022",1,4.47213595499958,0,"Close",15,1,0,0,1
"2391","Jaylen Brown",3917376,401360694,"2022",0,16.0312195418814,0,"Midrange",16,1,1,0,2
"2392","Jaylen Brown",3917376,401360694,"2022",1,19.8494332412792,0,"Midrange",17,0,1,1,2
"2393","Jaylen Brown",3917376,401360694,"2022",1,2,0,"Close",18,1,0,1,2
"2394","Jaylen Brown",3917376,401360694,"2022",1,2.23606797749979,0,"Close",19,1,1,0,2
"2395","Jaylen Brown",3917376,401360694,"2022",0,40.3112887414927,1,"ThreePoint",20,1,1,1,3
"2396","Jaylen Brown",3917376,401360694,"2022",0,5.8309518948453,0,"Close",21,0,1,1,2
"2397","Jaylen Brown",3917376,401585031,"2024",1,17.2046505340853,0,"Midrange",1,NA,NA,NA,NA
"2398","Jaylen Brown",3917376,401585031,"2024",1,18.3847763108502,0,"Midrange",2,1,NA,NA,NA
"2399","Jaylen Brown",3917376,401585031,"2024",1,26.9258240356725,0,"ThreePoint",3,1,1,NA,NA
"2400","Jaylen Brown",3917376,401585031,"2024",0,2.23606797749979,1,"Close",4,1,1,1,3
"2401","Jaylen Brown",3917376,401585031,"2024",0,17.0293863659264,0,"Midrange",5,0,1,1,2
"2402","Jaylen Brown",3917376,401585031,"2024",1,12.369316876853,0,"Midrange",6,0,0,1,1
"2403","Jaylen Brown",3917376,401585031,"2024",0,1.4142135623731,0,"Close",7,1,0,0,1
"2404","Jaylen Brown",3917376,401585031,"2024",0,16.6433169770932,0,"Midrange",8,0,1,0,1
"2405","Jaylen Brown",3917376,401585031,"2024",0,27.5862284482674,0,"ThreePoint",9,0,0,1,1
"2406","Jaylen Brown",3917376,401585031,"2024",0,27.459060435492,0,"ThreePoint",10,0,0,0,0
"2407","Jaylen Brown",3917376,401585031,"2024",1,3.16227766016838,0,"Close",11,0,0,0,0
"2408","Jaylen Brown",3917376,401585031,"2024",0,25.8069758011279,0,"ThreePoint",12,1,0,0,1
"2409","Jaylen Brown",3917376,401585031,"2024",0,4.47213595499958,0,"Close",13,0,1,0,1
"2410","Jaylen Brown",3917376,401585031,"2024",0,0,0,"Close",14,0,0,1,1
"2411","Jaylen Brown",3917376,401585031,"2024",1,0,0,"Close",15,0,0,0,0
"2412","Jaylen Brown",3917376,401585031,"2024",0,26.0768096208106,0,"ThreePoint",16,1,0,0,1
"2413","Jaylen Brown",3917376,401585031,"2024",1,0,0,"Close",17,0,1,0,1
"2414","Jaylen Brown",3917376,401585312,"2024",1,2.23606797749979,0,"Close",1,NA,NA,NA,NA
"2415","Jaylen Brown",3917376,401585312,"2024",0,25.8069758011279,0,"ThreePoint",2,1,NA,NA,NA
"2416","Jaylen Brown",3917376,401585312,"2024",0,7.07106781186548,0,"Close",3,0,1,NA,NA
"2417","Jaylen Brown",3917376,401585312,"2024",1,1,0,"Close",4,0,0,1,1
"2418","Jaylen Brown",3917376,401585312,"2024",1,1.4142135623731,0,"Close",5,1,0,0,1
"2419","Jaylen Brown",3917376,401585312,"2024",0,24.0416305603426,0,"ThreePoint",6,1,1,0,2
"2420","Jaylen Brown",3917376,401585312,"2024",0,9.21954445729289,0,"Midrange",7,0,1,1,2
"2421","Jaylen Brown",3917376,401585312,"2024",1,18.3847763108502,0,"Midrange",8,0,0,1,1
"2422","Jaylen Brown",3917376,401585312,"2024",0,6.40312423743285,0,"Close",9,1,0,0,1
"2423","Jaylen Brown",3917376,401585312,"2024",0,13,0,"Midrange",10,0,1,0,1
"2424","Jaylen Brown",3917376,401585312,"2024",0,26.4007575648882,0,"ThreePoint",11,0,0,1,1
"2425","Jaylen Brown",3917376,401585312,"2024",0,2,0,"Close",12,0,0,0,0
"2426","Jaylen Brown",3917376,401705294,"2025",0,18.3847763108502,0,"Midrange",1,NA,NA,NA,NA
"2427","Jaylen Brown",3917376,401705294,"2025",1,23.5372045918796,0,"ThreePoint",2,0,NA,NA,NA
"2428","Jaylen Brown",3917376,401705294,"2025",1,16.4012194668567,0,"Midrange",3,1,0,NA,NA
"2429","Jaylen Brown",3917376,401705294,"2025",0,11.1803398874989,0,"Midrange",4,1,1,0,2
"2430","Jaylen Brown",3917376,401705294,"2025",0,9.21954445729289,0,"Midrange",5,0,1,1,2
"2431","Jaylen Brown",3917376,401705294,"2025",1,25.9422435421457,0,"ThreePoint",6,0,0,1,1
"2432","Jaylen Brown",3917376,401705294,"2025",0,7.28010988928052,0,"Close",7,1,0,0,1
"2433","Jaylen Brown",3917376,401705294,"2025",1,1,0,"Close",8,0,1,0,1
"2434","Jaylen Brown",3917376,401705294,"2025",1,16.4924225024706,0,"Midrange",9,1,0,1,2
"2435","Jaylen Brown",3917376,401705294,"2025",1,26.9258240356725,0,"ThreePoint",10,1,1,0,2
"2436","Jaylen Brown",3917376,401705294,"2025",0,4.12310562561766,1,"Close",11,1,1,1,3
"2437","Jaylen Brown",3917376,401705294,"2025",1,15.0332963783729,0,"Midrange",12,0,1,1,2
"2438","Jaylen Brown",3917376,401705294,"2025",1,15.52417469626,0,"Midrange",13,1,0,1,2
"2439","Jaylen Brown",3917376,401705294,"2025",0,25.6320112359526,0,"ThreePoint",14,1,1,0,2
"2440","Jaylen Brown",3917376,401705294,"2025",0,15.8113883008419,0,"Midrange",15,0,1,1,2
"2441","Jaylen Brown",3917376,401705294,"2025",1,11.4017542509914,0,"Midrange",16,0,0,1,1
"2442","Jayson Tatum",4065648,401071154,"2019",1,14.0356688476182,0,"Midrange",1,NA,NA,NA,NA
"2443","Jayson Tatum",4065648,401071154,"2019",1,26.6270539113887,0,"ThreePoint",2,1,NA,NA,NA
"2444","Jayson Tatum",4065648,401071154,"2019",0,24.0208242989286,0,"ThreePoint",3,1,1,NA,NA
"2445","Jayson Tatum",4065648,401071154,"2019",0,19.2093727122985,0,"Midrange",4,0,1,1,2
"2446","Jayson Tatum",4065648,401071154,"2019",0,19.2353840616713,0,"Midrange",5,0,0,1,1
"2447","Jayson Tatum",4065648,401071154,"2019",0,13,0,"Midrange",6,0,0,0,0
"2448","Jayson Tatum",4065648,401071154,"2019",1,26.4007575648882,0,"ThreePoint",7,0,0,0,0
"2449","Jayson Tatum",4065648,401071154,"2019",0,4.12310562561766,0,"Close",8,1,0,0,1
"2450","Jayson Tatum",4065648,401071154,"2019",0,27.2029410174709,0,"ThreePoint",9,0,1,0,1
"2451","Jayson Tatum",4065648,401071154,"2019",1,24.738633753706,0,"ThreePoint",10,0,0,1,1
"2452","Jayson Tatum",4065648,401071154,"2019",1,17,0,"Midrange",11,1,0,0,1
"2453","Jayson Tatum",4065648,401071154,"2019",0,2.82842712474619,0,"Close",12,1,1,0,2
"2454","Jayson Tatum",4065648,401071154,"2019",0,26.0192236625154,0,"ThreePoint",13,0,1,1,2
"2455","Jayson Tatum",4065648,401071154,"2019",0,1.4142135623731,0,"Close",14,0,0,1,1
"2456","Jayson Tatum",4065648,401071154,"2019",0,24.8394846967484,0,"ThreePoint",15,0,0,0,0
"2457","Jayson Tatum",4065648,401267611,"2021",1,5.65685424949238,0,"Close",1,NA,NA,NA,NA
"2458","Jayson Tatum",4065648,401267611,"2021",0,5.8309518948453,0,"Close",2,1,NA,NA,NA
"2459","Jayson Tatum",4065648,401267611,"2021",0,8.06225774829855,0,"Midrange",3,0,1,NA,NA
"2460","Jayson Tatum",4065648,401267611,"2021",0,27.7848879788996,0,"ThreePoint",4,0,0,1,1
"2461","Jayson Tatum",4065648,401267611,"2021",0,26.1725046566048,0,"ThreePoint",5,0,0,0,0
"2462","Jayson Tatum",4065648,401267611,"2021",1,3.60555127546399,0,"Close",6,0,0,0,0
"2463","Jayson Tatum",4065648,401267611,"2021",1,27.3130005674953,0,"ThreePoint",7,1,0,0,1
"2464","Jayson Tatum",4065648,401267611,"2021",1,26.8700576850888,0,"ThreePoint",8,1,1,0,2
"2465","Jayson Tatum",4065648,401267611,"2021",1,6.08276253029822,1,"Close",9,1,1,1,3
"2466","Jayson Tatum",4065648,401267611,"2021",0,26.2488094968134,1,"ThreePoint",10,1,1,1,3
"2467","Jayson Tatum",4065648,401267611,"2021",1,14.2126704035519,0,"Midrange",11,0,1,1,2
"2468","Jayson Tatum",4065648,401267611,"2021",0,28.2311884269862,0,"ThreePoint",12,1,0,1,2
"2469","Jayson Tatum",4065648,401267611,"2021",1,30.2324329156619,0,"ThreePoint",13,0,1,0,1
"2470","Jayson Tatum",4065648,401267611,"2021",0,25.4950975679639,0,"ThreePoint",14,1,0,1,2
"2471","Jayson Tatum",4065648,401267611,"2021",1,7.81024967590665,0,"Close",15,0,1,0,1
"2472","Jayson Tatum",4065648,401267611,"2021",0,5.3851648071345,0,"Close",16,1,0,1,2
"2473","Jayson Tatum",4065648,401267611,"2021",1,0,0,"Close",17,0,1,0,1
"2474","Jayson Tatum",4065648,401267611,"2021",0,5,0,"Close",18,1,0,1,2
"2475","Jayson Tatum",4065648,401267611,"2021",1,10.4403065089106,0,"Midrange",19,0,1,0,1
"2476","Jayson Tatum",4065648,401267611,"2021",0,4,0,"Close",20,1,0,1,2
"2477","Jayson Tatum",4065648,401267611,"2021",0,8.60232526704263,0,"Midrange",21,0,1,0,1
"2478","Jayson Tatum",4065648,401360694,"2022",0,26.8328157299975,0,"ThreePoint",1,NA,NA,NA,NA
"2479","Jayson Tatum",4065648,401360694,"2022",1,10.4403065089106,0,"Midrange",2,0,NA,NA,NA
"2480","Jayson Tatum",4065648,401360694,"2022",1,26.0768096208106,0,"ThreePoint",3,1,0,NA,NA
"2481","Jayson Tatum",4065648,401360694,"2022",0,29.1547594742265,0,"ThreePoint",4,1,1,0,2
"2482","Jayson Tatum",4065648,401360694,"2022",0,26.8328157299975,0,"ThreePoint",5,0,1,1,2
"2483","Jayson Tatum",4065648,401360694,"2022",1,1,0,"Close",6,0,0,1,1
"2484","Jayson Tatum",4065648,401360694,"2022",1,14.560219778561,0,"Midrange",7,1,0,0,1
"2485","Jayson Tatum",4065648,401360694,"2022",0,16.1245154965971,0,"Midrange",8,1,1,0,2
"2486","Jayson Tatum",4065648,401360694,"2022",0,10.0498756211209,0,"Midrange",9,0,1,1,2
"2487","Jayson Tatum",4065648,401360694,"2022",1,25.7099202643649,0,"ThreePoint",10,0,0,1,1
"2488","Jayson Tatum",4065648,401360694,"2022",0,19.723082923316,0,"Midrange",11,1,0,0,1
"2489","Jayson Tatum",4065648,401360694,"2022",1,0,0,"Close",12,0,1,0,1
"2490","Jayson Tatum",4065648,401360694,"2022",1,7.81024967590665,0,"Close",13,1,0,1,2
"2491","Jayson Tatum",4065648,401360694,"2022",0,26.0768096208106,0,"ThreePoint",14,1,1,0,2
"2492","Jayson Tatum",4065648,401360694,"2022",0,20.0249843945008,0,"Midrange",15,0,1,1,2
"2493","Jayson Tatum",4065648,401585031,"2024",1,2.82842712474619,0,"Close",1,NA,NA,NA,NA
"2494","Jayson Tatum",4065648,401585031,"2024",1,26.8328157299975,0,"ThreePoint",2,1,NA,NA,NA
"2495","Jayson Tatum",4065648,401585031,"2024",0,26.9072480941474,0,"ThreePoint",3,1,1,NA,NA
"2496","Jayson Tatum",4065648,401585031,"2024",0,26.8328157299975,0,"ThreePoint",4,0,1,1,2
"2497","Jayson Tatum",4065648,401585031,"2024",0,11.3137084989848,0,"Midrange",5,0,0,1,1
"2498","Jayson Tatum",4065648,401585031,"2024",0,23.3238075793812,0,"ThreePoint",6,0,0,0,0
"2499","Jayson Tatum",4065648,401585031,"2024",0,4.12310562561766,0,"Close",7,0,0,0,0
"2500","Jayson Tatum",4065648,401585031,"2024",1,2.23606797749979,0,"Close",8,0,0,0,0
"2501","Jayson Tatum",4065648,401585031,"2024",0,5.09901951359278,0,"Close",9,1,0,0,1
"2502","Jayson Tatum",4065648,401585031,"2024",0,26.9258240356725,0,"ThreePoint",10,0,1,0,1
"2503","Jayson Tatum",4065648,401585031,"2024",0,28.4429253066558,0,"ThreePoint",11,0,0,1,1
"2504","Jayson Tatum",4065648,401585031,"2024",1,13.1529464379659,0,"Midrange",12,0,0,0,0
"2505","Jayson Tatum",4065648,401585031,"2024",1,3,0,"Close",13,1,0,0,1
"2506","Jayson Tatum",4065648,401585031,"2024",1,4.12310562561766,0,"Close",14,1,1,0,2
"2507","Jayson Tatum",4065648,401585031,"2024",0,25.6320112359526,1,"ThreePoint",15,1,1,1,3
"2508","Jayson Tatum",4065648,401585312,"2024",0,26.2488094968134,0,"ThreePoint",1,NA,NA,NA,NA
"2509","Jayson Tatum",4065648,401585312,"2024",0,6.08276253029822,0,"Close",2,0,NA,NA,NA
"2510","Jayson Tatum",4065648,401585312,"2024",1,25.0599281722833,0,"ThreePoint",3,0,0,NA,NA
"2511","Jayson Tatum",4065648,401585312,"2024",0,29.5465734053883,0,"ThreePoint",4,1,0,0,1
"2512","Jayson Tatum",4065648,401585312,"2024",0,8.06225774829855,0,"Midrange",5,0,1,0,1
"2513","Jayson Tatum",4065648,401585312,"2024",1,28.0178514522438,0,"ThreePoint",6,0,0,1,1
"2514","Jayson Tatum",4065648,401585312,"2024",1,26.5706605111728,0,"ThreePoint",7,1,0,0,1
"2515","Jayson Tatum",4065648,401585312,"2024",0,5.8309518948453,0,"Close",8,1,1,0,2
"2516","Jayson Tatum",4065648,401585312,"2024",0,23.7697286480094,0,"ThreePoint",9,0,1,1,2
"2517","Jayson Tatum",4065648,401585312,"2024",1,7.81024967590665,0,"Close",10,0,0,1,1
"2518","Jayson Tatum",4065648,401585312,"2024",0,11.4017542509914,0,"Midrange",11,1,0,0,1
"2519","Jayson Tatum",4065648,401585312,"2024",1,27.7308492477241,0,"ThreePoint",12,0,1,0,1
"2520","Jayson Tatum",4065648,401585312,"2024",0,24.6981780704569,0,"ThreePoint",13,1,0,1,2
"2521","Jayson Tatum",4065648,401585312,"2024",1,2.23606797749979,0,"Close",14,0,1,0,1
"2522","Jayson Tatum",4065648,401585312,"2024",1,26.9072480941474,0,"ThreePoint",15,1,0,1,2
"2523","Jayson Tatum",4065648,401585312,"2024",0,26.8328157299975,0,"ThreePoint",16,1,1,0,2
"2524","Jayson Tatum",4065648,401585312,"2024",0,0,0,"Close",17,0,1,1,2
"2525","Jayson Tatum",4065648,401585312,"2024",0,0,0,"Close",18,0,0,1,1
"2526","Jayson Tatum",4065648,401585312,"2024",1,5.8309518948453,0,"Close",19,0,0,0,0
"2527","Jayson Tatum",4065648,401585312,"2024",0,7.81024967590665,0,"Close",20,1,0,0,1
"2528","Jayson Tatum",4065648,401585312,"2024",0,5,0,"Close",21,0,1,0,1
"2529","Jayson Tatum",4065648,401705294,"2025",0,3.60555127546399,0,"Close",1,NA,NA,NA,NA
"2530","Jayson Tatum",4065648,401705294,"2025",0,1.4142135623731,0,"Close",2,0,NA,NA,NA
"2531","Jayson Tatum",4065648,401705294,"2025",1,4,0,"Close",3,0,0,NA,NA
"2532","Jayson Tatum",4065648,401705294,"2025",0,5,0,"Close",4,1,0,0,1
"2533","Jayson Tatum",4065648,401705294,"2025",0,4.47213595499958,0,"Close",5,0,1,0,1
"2534","Jayson Tatum",4065648,401705294,"2025",1,1.4142135623731,0,"Close",6,0,0,1,1
"2535","Jayson Tatum",4065648,401705294,"2025",0,17.8885438199983,0,"Midrange",7,1,0,0,1
"2536","Jayson Tatum",4065648,401705294,"2025",1,26.4007575648882,0,"ThreePoint",8,0,1,0,1
"2537","Jayson Tatum",4065648,401705294,"2025",1,27.2946881279124,0,"ThreePoint",9,1,0,1,2
"2538","Jayson Tatum",4065648,401705294,"2025",0,27.2946881279124,0,"ThreePoint",10,1,1,0,2
"2539","Jayson Tatum",4065648,401705294,"2025",0,26.1725046566048,0,"ThreePoint",11,0,1,1,2
"2540","Jayson Tatum",4065648,401705294,"2025",1,26.1725046566048,0,"ThreePoint",12,0,0,1,1
"2541","Jeff Teague",4015,400828507,"2016",1,1.4142135623731,0,"Close",1,NA,NA,NA,NA
"2542","Jeff Teague",4015,400828507,"2016",0,6.08276253029822,0,"Close",2,1,NA,NA,NA
"2543","Jeff Teague",4015,400828507,"2016",1,22.0227155455452,0,"ThreePoint",3,0,1,NA,NA
"2544","Jeff Teague",4015,400828507,"2016",0,15.0332963783729,0,"Midrange",4,1,0,1,2
"2545","Jeff Teague",4015,400828507,"2016",0,2.23606797749979,0,"Close",5,0,1,0,1
"2546","Jeff Teague",4015,400828507,"2016",0,11.0453610171873,0,"Midrange",6,0,0,1,1
"2547","Jeff Teague",4015,400828507,"2016",1,1.4142135623731,0,"Close",7,0,0,0,0
"2548","Jeff Teague",4015,400828507,"2016",1,24.0831891575846,0,"ThreePoint",8,1,0,0,1
"2549","Jimmy Butler",6430,400975152,"2018",0,8.54400374531753,0,"Midrange",1,NA,NA,NA,NA
"2550","Jimmy Butler",6430,400975152,"2018",1,1,0,"Close",2,0,NA,NA,NA
"2551","Jimmy Butler",6430,400975152,"2018",1,0,0,"Close",3,1,0,NA,NA
"2552","Jimmy Butler",6430,400975152,"2018",0,15.1327459504216,0,"Midrange",4,1,1,0,2
"2553","Jimmy Butler",6430,400975152,"2018",1,1,0,"Close",5,0,1,1,2
"2554","Jimmy Butler",6430,400975152,"2018",0,26.1725046566048,0,"ThreePoint",6,1,0,1,2
"2555","Jimmy Butler",6430,400975152,"2018",0,20.5182845286832,0,"Midrange",7,0,1,0,1
"2556","Jimmy Butler",6430,400975152,"2018",1,0,0,"Close",8,0,0,1,1
"2557","Jimmy Butler",6430,400975152,"2018",1,10.0498756211209,0,"Midrange",9,1,0,0,1
"2558","Jimmy Butler",6430,400975152,"2018",0,13.8924439894498,0,"Midrange",10,1,1,0,2
"2559","Jimmy Butler",6430,400975152,"2018",1,18.2482875908947,0,"Midrange",11,0,1,1,2
"2560","Jimmy Butler",6430,400975152,"2018",1,11.7046999107196,0,"Midrange",12,1,0,1,2
"2561","Jimmy Butler",6430,400975152,"2018",0,14.560219778561,0,"Midrange",13,1,1,0,2
"2562","Jimmy Butler",6430,400975152,"2018",0,25.4950975679639,0,"ThreePoint",14,0,1,1,2
"2563","Jimmy Butler",6430,400975152,"2018",1,2.23606797749979,0,"Close",15,0,0,1,1
"2564","Jimmy Butler",6430,400975152,"2018",0,26.1725046566048,0,"ThreePoint",16,1,0,0,1
"2565","Jimmy Butler",6430,400975152,"2018",0,16.4012194668567,0,"Midrange",17,0,1,0,1
"2566","Jimmy Butler",6430,400975152,"2018",1,0,0,"Close",18,0,0,1,1
"2567","Jimmy Butler",6430,400975152,"2018",1,3.60555127546399,0,"Close",19,1,0,0,1
"2568","Jimmy Butler",6430,400975152,"2018",1,17.8885438199983,0,"Midrange",20,1,1,0,2
"2569","Jimmy Butler",6430,400975152,"2018",0,16.5529453572468,1,"Midrange",21,1,1,1,3
"2570","Jimmy Butler",6430,400975152,"2018",0,12.1655250605964,0,"Midrange",22,0,1,1,2
"2571","Jimmy Butler",6430,400975152,"2018",0,25.8069758011279,0,"ThreePoint",23,0,0,1,1
"2572","Jimmy Butler",6430,400975152,"2018",0,1.4142135623731,0,"Close",24,0,0,0,0
"2573","Jimmy Butler",6430,400975152,"2018",1,1,0,"Close",25,0,0,0,0
"2574","Jimmy Butler",6430,400975152,"2018",0,15.2315462117278,0,"Midrange",26,1,0,0,1
"2575","Jimmy Butler",6430,400975152,"2018",0,13.1529464379659,0,"Midrange",27,0,1,0,1
"2576","Jimmy Butler",6430,400975152,"2018",0,25,0,"ThreePoint",28,0,0,1,1
"2577","Jimmy Butler",6430,400975152,"2018",1,25.2388589282479,0,"ThreePoint",29,0,0,0,0
"2578","Jimmy Butler",6430,400975152,"2018",1,25.8069758011279,0,"ThreePoint",30,1,0,0,1
"2579","Jimmy Butler",6430,400975152,"2018",1,26.9258240356725,0,"ThreePoint",31,1,1,0,2
"2580","Jimmy Butler",6430,400975152,"2018",0,25.4950975679639,1,"ThreePoint",32,1,1,1,3
"2581","Jimmy Butler",6430,400975152,"2018",0,19.7989898732233,0,"Midrange",33,0,1,1,2
"2582","Joel Embiid",3059318,400975152,"2018",1,0,0,"Close",1,NA,NA,NA,NA
"2583","Joel Embiid",3059318,400975152,"2018",1,11.4017542509914,0,"Midrange",2,1,NA,NA,NA
"2584","Joel Embiid",3059318,400975152,"2018",1,1.4142135623731,0,"Close",3,1,1,NA,NA
"2585","Joel Embiid",3059318,400975152,"2018",0,7.21110255092798,1,"Close",4,1,1,1,3
"2586","Joel Embiid",3059318,400975152,"2018",1,1.4142135623731,0,"Close",5,0,1,1,2
"2587","Joel Embiid",3059318,400975152,"2018",0,14.8660687473185,0,"Midrange",6,1,0,1,2
"2588","Joel Embiid",3059318,400975152,"2018",1,0,0,"Close",7,0,1,0,1
"2589","Joel Embiid",3059318,400975152,"2018",0,8.24621125123532,0,"Midrange",8,1,0,1,2
"2590","Joel Embiid",3059318,400975152,"2018",0,0,0,"Close",9,0,1,0,1
"2591","Joel Embiid",3059318,400975152,"2018",0,10.770329614269,0,"Midrange",10,0,0,1,1
"2592","Joel Embiid",3059318,400975152,"2018",0,2.82842712474619,0,"Close",11,0,0,0,0
"2593","Joel Embiid",3059318,400975152,"2018",0,16.1245154965971,0,"Midrange",12,0,0,0,0
"2594","Joel Embiid",3059318,400975152,"2018",1,2,0,"Close",13,0,0,0,0
"2595","Joel Embiid",3059318,400975152,"2018",1,18.4390889145858,0,"Midrange",14,1,0,0,1
"2596","Joel Embiid",3059318,400975152,"2018",0,9.89949493661167,0,"Midrange",15,1,1,0,2
"2597","Joel Embiid",3059318,400975152,"2018",1,25.3179778023443,0,"ThreePoint",16,0,1,1,2
"2598","Joel Embiid",3059318,401307752,"2021",1,10.295630140987,0,"Midrange",1,NA,NA,NA,NA
"2599","Joel Embiid",3059318,401307752,"2021",0,18.0277563773199,0,"Midrange",2,1,NA,NA,NA
"2600","Joel Embiid",3059318,401307752,"2021",1,1,0,"Close",3,0,1,NA,NA
"2601","Joel Embiid",3059318,401307752,"2021",0,13.4164078649987,0,"Midrange",4,1,0,1,2
"2602","Joel Embiid",3059318,401307752,"2021",0,19.0262975904404,0,"Midrange",5,0,1,0,1
"2603","Joel Embiid",3059318,401307752,"2021",1,0,0,"Close",6,0,0,1,1
"2604","Joel Embiid",3059318,401307752,"2021",0,8.54400374531753,0,"Midrange",7,1,0,0,1
"2605","Joel Embiid",3059318,401307752,"2021",1,1,0,"Close",8,0,1,0,1
"2606","Joel Embiid",3059318,401307752,"2021",1,9.05538513813742,0,"Midrange",9,1,0,1,2
"2607","Joel Embiid",3059318,401307752,"2021",0,15.6524758424985,0,"Midrange",10,1,1,0,2
"2608","Joel Embiid",3059318,401307752,"2021",1,27.2946881279124,0,"ThreePoint",11,0,1,1,2
"2609","Joel Embiid",3059318,401307752,"2021",0,19.0262975904404,0,"Midrange",12,1,0,1,2
"2610","Joel Embiid",3059318,401307752,"2021",0,27.8567765543682,0,"ThreePoint",13,0,1,0,1
"2611","Joel Embiid",3059318,401307752,"2021",0,8.06225774829855,0,"Midrange",14,0,0,1,1
"2612","Joel Embiid",3059318,401307860,"2021",1,2.23606797749979,0,"Close",1,NA,NA,NA,NA
"2613","Joel Embiid",3059318,401307860,"2021",0,11.7046999107196,0,"Midrange",2,1,NA,NA,NA
"2614","Joel Embiid",3059318,401307860,"2021",0,15,0,"Midrange",3,0,1,NA,NA
"2615","Joel Embiid",3059318,401307860,"2021",1,5,0,"Close",4,0,0,1,1
"2616","Joel Embiid",3059318,401307860,"2021",0,13.4164078649987,0,"Midrange",5,1,0,0,1
"2617","Joel Embiid",3059318,401307860,"2021",0,23,0,"ThreePoint",6,0,1,0,1
"2618","Joel Embiid",3059318,401307860,"2021",0,31.3209195267317,0,"ThreePoint",7,0,0,1,1
"2619","Joel Embiid",3059318,401307860,"2021",0,14,0,"Midrange",8,0,0,0,0
"2620","Joel Embiid",3059318,401307860,"2021",1,1.4142135623731,0,"Close",9,0,0,0,0
"2621","Joel Embiid",3059318,401468801,"2023",1,25.3179778023443,0,"ThreePoint",1,NA,NA,NA,NA
"2622","Joel Embiid",3059318,401468801,"2023",1,12.369316876853,0,"Midrange",2,1,NA,NA,NA
"2623","Joel Embiid",3059318,401468801,"2023",1,5,0,"Close",3,1,1,NA,NA
"2624","Joel Embiid",3059318,401468801,"2023",0,3.16227766016838,1,"Close",4,1,1,1,3
"2625","Joel Embiid",3059318,401468801,"2023",1,3.16227766016838,0,"Close",5,0,1,1,2
"2626","Joel Embiid",3059318,401468801,"2023",0,2,0,"Close",6,1,0,1,2
"2627","Joel Embiid",3059318,401468801,"2023",1,8.60232526704263,0,"Midrange",7,0,1,0,1
"2628","Joel Embiid",3059318,401468801,"2023",0,8.94427190999916,0,"Midrange",8,1,0,1,2
"2629","Joel Embiid",3059318,401468801,"2023",1,25,0,"ThreePoint",9,0,1,0,1
"2630","Joel Embiid",3059318,401468801,"2023",0,11.0453610171873,0,"Midrange",10,1,0,1,2
"2631","Joel Embiid",3059318,401468801,"2023",1,15.6524758424985,0,"Midrange",11,0,1,0,1
"2632","Joel Embiid",3059318,401468801,"2023",0,25.4950975679639,0,"ThreePoint",12,1,0,1,2
"2633","Joel Embiid",3059318,401468801,"2023",1,14.3178210632764,0,"Midrange",13,0,1,0,1
"2634","Joel Embiid",3059318,401468801,"2023",0,16.5529453572468,0,"Midrange",14,1,0,1,2
"2635","Joel Embiid",3059318,401468801,"2023",0,16.1245154965971,0,"Midrange",15,0,1,0,1
"2636","Joel Embiid",3059318,401468801,"2023",0,4.47213595499958,0,"Close",16,0,0,1,1
"2637","Joel Embiid",3059318,401468801,"2023",0,18.3847763108502,0,"Midrange",17,0,0,0,0
"2638","Joel Embiid",3059318,401468801,"2023",1,12.8062484748657,0,"Midrange",18,0,0,0,0
"2639","Jordan Clarkson",2528426,401468718,"2023",1,10.295630140987,0,"Midrange",1,NA,NA,NA,NA
"2640","Jordan Clarkson",2528426,401468718,"2023",1,25.298221281347,0,"ThreePoint",2,1,NA,NA,NA
"2641","Jordan Clarkson",2528426,401468718,"2023",0,13.1529464379659,0,"Midrange",3,1,1,NA,NA
"2642","Jordan Clarkson",2528426,401468718,"2023",0,26.1725046566048,0,"ThreePoint",4,0,1,1,2
"2643","Jordan Clarkson",2528426,401468718,"2023",0,8.24621125123532,0,"Midrange",5,0,0,1,1
"2644","Jordan Clarkson",2528426,401468718,"2023",1,28.0178514522438,0,"ThreePoint",6,0,0,0,0
"2645","Jordan Clarkson",2528426,401468718,"2023",0,26.2488094968134,0,"ThreePoint",7,1,0,0,1
"2646","Jordan Clarkson",2528426,401468718,"2023",1,24.4131112314674,0,"ThreePoint",8,0,1,0,1
"2647","Jordan Clarkson",2528426,401468718,"2023",0,22,0,"Midrange",9,1,0,1,2
"2648","Jordan Clarkson",2528426,401468718,"2023",0,5.09901951359278,0,"Close",10,0,1,0,1
"2649","Jordan Clarkson",2528426,401468718,"2023",1,24.6981780704569,0,"ThreePoint",11,0,0,1,1
"2650","Jordan Clarkson",2528426,401468718,"2023",0,27.2029410174709,0,"ThreePoint",12,1,0,0,1
"2651","Jordan Clarkson",2528426,401468718,"2023",1,6.08276253029822,0,"Close",13,0,1,0,1
"2652","Jordan Clarkson",2528426,401468718,"2023",1,0,0,"Close",14,1,0,1,2
"2653","Jordan Clarkson",2528426,401468718,"2023",1,27.459060435492,0,"ThreePoint",15,1,1,0,2
"2654","Jordan Clarkson",2528426,401468718,"2023",1,8.06225774829855,1,"Midrange",16,1,1,1,3
"2655","Jordan Clarkson",2528426,401468718,"2023",0,26.0768096208106,1,"ThreePoint",17,1,1,1,3
"2656","Jordan Clarkson",2528426,401468801,"2023",0,26.2488094968134,0,"ThreePoint",1,NA,NA,NA,NA
"2657","Jordan Clarkson",2528426,401468801,"2023",0,25.9422435421457,0,"ThreePoint",2,0,NA,NA,NA
"2658","Jordan Clarkson",2528426,401468801,"2023",1,15.8113883008419,0,"Midrange",3,0,0,NA,NA
"2659","Jordan Clarkson",2528426,401468801,"2023",0,12.0830459735946,0,"Midrange",4,1,0,0,1
"2660","Jordan Clarkson",2528426,401468801,"2023",1,0,0,"Close",5,0,1,0,1
"2661","Jordan Clarkson",2528426,401468801,"2023",1,14,0,"Midrange",6,1,0,1,2
"2662","Jordan Clarkson",2528426,401468801,"2023",1,17,0,"Midrange",7,1,1,0,2
"2663","Jordan Clarkson",2528426,401468801,"2023",0,25.5538646783613,1,"ThreePoint",8,1,1,1,3
"2664","Jordan Clarkson",2528426,401468801,"2023",0,7.61577310586391,0,"Close",9,0,1,1,2
"2665","Jordan Clarkson",2528426,401468801,"2023",1,0,0,"Close",10,0,0,1,1
"2666","Jordan Clarkson",2528426,401468801,"2023",0,26.4764045897475,0,"ThreePoint",11,1,0,0,1
"2667","Jordan Clarkson",2528426,401468801,"2023",1,5.3851648071345,0,"Close",12,0,1,0,1
"2668","Jordan Clarkson",2528426,401468801,"2023",1,12.1655250605964,0,"Midrange",13,1,0,1,2
"2669","Jordan Clarkson",2528426,401468801,"2023",0,26.6833281282527,0,"ThreePoint",14,1,1,0,2
"2670","Jordan Clarkson",2528426,401468801,"2023",1,15,0,"Midrange",15,0,1,1,2
"2671","Jordan Clarkson",2528426,401468801,"2023",0,56.302753041037,0,"ThreePoint",16,1,0,1,2
"2672","Jordan Clarkson",2528426,401468801,"2023",0,26.3058928759318,0,"ThreePoint",17,0,1,0,1
"2673","Jordan Clarkson",2528426,401468801,"2023",0,14,0,"Midrange",18,0,0,1,1
"2674","Jordan Clarkson",2528426,401468801,"2023",1,6.40312423743285,0,"Close",19,0,0,0,0
"2675","Jordan Clarkson",2528426,401468801,"2023",1,10,0,"Midrange",20,1,0,0,1
"2676","Jordan Clarkson",2528426,401468801,"2023",1,10.0498756211209,0,"Midrange",21,1,1,0,2
"2677","Jordan Clarkson",2528426,401468801,"2023",1,3.16227766016838,1,"Close",22,1,1,1,3
"2678","Jordan Clarkson",2528426,401468801,"2023",1,26.4007575648882,1,"ThreePoint",23,1,1,1,3
"2679","Jordan Clarkson",2528426,401468801,"2023",1,25.6320112359526,1,"ThreePoint",24,1,1,1,3
"2680","Jordan Clarkson",2528426,401468801,"2023",0,26.3058928759318,1,"ThreePoint",25,1,1,1,3
"2681","Jordan Clarkson",2528426,401468801,"2023",1,25.0798724079689,0,"ThreePoint",26,0,1,1,2
"2682","Jordan Clarkson",2528426,401468801,"2023",0,11.4017542509914,0,"Midrange",27,1,0,1,2
"2683","Jordan Clarkson",2528426,401468801,"2023",1,9.48683298050514,0,"Midrange",28,0,1,0,1
"2684","Jordan Clarkson",2528426,401468801,"2023",0,25.2388589282479,0,"ThreePoint",29,1,0,1,2
"2685","Jordan Poole",4277956,401468514,"2023",0,3.16227766016838,0,"Close",1,NA,NA,NA,NA
"2686","Jordan Poole",4277956,401468514,"2023",1,5,0,"Close",2,0,NA,NA,NA
"2687","Jordan Poole",4277956,401468514,"2023",0,10.1980390271856,0,"Midrange",3,1,0,NA,NA
"2688","Jordan Poole",4277956,401468514,"2023",0,4.24264068711928,0,"Close",4,0,1,0,1
"2689","Jordan Poole",4277956,401468514,"2023",0,26.9072480941474,0,"ThreePoint",5,0,0,1,1
"2690","Jordan Poole",4277956,401468514,"2023",1,27.7308492477241,0,"ThreePoint",6,0,0,0,0
"2691","Jordan Poole",4277956,401468514,"2023",0,32,0,"ThreePoint",7,1,0,0,1
"2692","Jordan Poole",4277956,401468514,"2023",1,5,0,"Close",8,0,1,0,1
"2693","Jordan Poole",4277956,401468514,"2023",1,3.60555127546399,0,"Close",9,1,0,1,2
"2694","Jordan Poole",4277956,401468514,"2023",0,27.5136329843952,0,"ThreePoint",10,1,1,0,2
"2695","Jordan Poole",4277956,401468514,"2023",0,27.0739727413618,0,"ThreePoint",11,0,1,1,2
"2696","Jordan Poole",4277956,401468514,"2023",1,3.60555127546399,0,"Close",12,0,0,1,1
"2697","Jordan Poole",4277956,401468514,"2023",0,22.0227155455452,0,"ThreePoint",13,1,0,0,1
"2698","Jordan Poole",4277956,401468514,"2023",1,26.6270539113887,0,"ThreePoint",14,0,1,0,1
"2699","Jordan Poole",4277956,401468514,"2023",1,4.24264068711928,0,"Close",15,1,0,1,2
"2700","Jordan Poole",4277956,401468514,"2023",1,19.1049731745428,0,"Midrange",16,1,1,0,2
"2701","Jordan Poole",4277956,401468514,"2023",0,15.2643375224737,1,"Midrange",17,1,1,1,3
"2702","Jordan Poole",4277956,401468514,"2023",1,6.40312423743285,0,"Close",18,0,1,1,2
"2703","Jordan Poole",4277956,401468514,"2023",0,9.21954445729289,0,"Midrange",19,1,0,1,2
"2704","Jordan Poole",4277956,401468514,"2023",0,25.0798724079689,0,"ThreePoint",20,0,1,0,1
"2705","Jordan Poole",4277956,401468514,"2023",1,2.82842712474619,0,"Close",21,0,0,1,1
"2706","Jordan Poole",4277956,401468805,"2023",1,1,0,"Close",1,NA,NA,NA,NA
"2707","Jordan Poole",4277956,401468805,"2023",0,26.8700576850888,0,"ThreePoint",2,1,NA,NA,NA
"2708","Jordan Poole",4277956,401468805,"2023",1,1.4142135623731,0,"Close",3,0,1,NA,NA
"2709","Jordan Poole",4277956,401468805,"2023",0,26.0768096208106,0,"ThreePoint",4,1,0,1,2
"2710","Jordan Poole",4277956,401468805,"2023",1,17.6918060129541,0,"Midrange",5,0,1,0,1
"2711","Jordan Poole",4277956,401468805,"2023",1,29.5296461204668,0,"ThreePoint",6,1,0,1,2
"2712","Jordan Poole",4277956,401468805,"2023",0,24.4131112314674,0,"ThreePoint",7,1,1,0,2
"2713","Jordan Poole",4277956,401468805,"2023",1,1,0,"Close",8,0,1,1,2
"2714","Jordan Poole",4277956,401469290,"2023",0,11.1803398874989,0,"Midrange",1,NA,NA,NA,NA
"2715","Jordan Poole",4277956,401469290,"2023",1,3.60555127546399,0,"Close",2,0,NA,NA,NA
"2716","Jordan Poole",4277956,401469290,"2023",0,26.6833281282527,0,"ThreePoint",3,1,0,NA,NA
"2717","Jordan Poole",4277956,401469290,"2023",1,5.8309518948453,0,"Close",4,0,1,0,1
"2718","Jordan Poole",4277956,401469290,"2023",0,26.4007575648882,0,"ThreePoint",5,1,0,1,2
"2719","Jordan Poole",4277956,401469290,"2023",0,12.2065556157337,0,"Midrange",6,0,1,0,1
"2720","Jordan Poole",4277956,401469290,"2023",0,27.2946881279124,0,"ThreePoint",7,0,0,1,1
"2721","Jordan Poole",4277956,401469290,"2023",1,3.16227766016838,0,"Close",8,0,0,0,0
"2722","Jordan Poole",4277956,401469290,"2023",1,19.2353840616713,0,"Midrange",9,1,0,0,1
"2723","Jordan Poole",4277956,401469290,"2023",1,2.82842712474619,0,"Close",10,1,1,0,2
"2724","Jordan Poole",4277956,401469290,"2023",1,4.47213595499958,1,"Close",11,1,1,1,3
"2725","Jordan Poole",4277956,401469290,"2023",0,17.8044938147649,1,"Midrange",12,1,1,1,3
"2726","Jordan Poole",4277956,401469290,"2023",1,27.0185121722126,0,"ThreePoint",13,0,1,1,2
"2727","Jordan Poole",4277956,401469290,"2023",0,26.4007575648882,0,"ThreePoint",14,1,0,1,2
"2728","Jordan Poole",4277956,401469290,"2023",1,24.0416305603426,0,"ThreePoint",15,0,1,0,1
"2729","Jordan Poole",4277956,401705240,"2025",1,9.21954445729289,0,"Midrange",1,NA,NA,NA,NA
"2730","Jordan Poole",4277956,401705240,"2025",0,27.3130005674953,0,"ThreePoint",2,1,NA,NA,NA
"2731","Jordan Poole",4277956,401705240,"2025",0,29.0688837074973,0,"ThreePoint",3,0,1,NA,NA
"2732","Jordan Poole",4277956,401705240,"2025",1,28.6006992921502,0,"ThreePoint",4,0,0,1,1
"2733","Jordan Poole",4277956,401705240,"2025",0,27.6586333718787,0,"ThreePoint",5,1,0,0,1
"2734","Jordan Poole",4277956,401705240,"2025",0,2,0,"Close",6,0,1,0,1
"2735","Jordan Poole",4277956,401705240,"2025",0,25.9422435421457,0,"ThreePoint",7,0,0,1,1
"2736","Jordan Poole",4277956,401705240,"2025",0,60.0832755431992,0,"ThreePoint",8,0,0,0,0
"2737","Jordan Poole",4277956,401705240,"2025",0,16.1245154965971,0,"Midrange",9,0,0,0,0
"2738","Jordan Poole",4277956,401705240,"2025",1,3,0,"Close",10,0,0,0,0
"2739","Jordan Poole",4277956,401705240,"2025",1,26.0768096208106,0,"ThreePoint",11,1,0,0,1
"2740","Jordan Poole",4277956,401705240,"2025",0,27.459060435492,0,"ThreePoint",12,1,1,0,2
"2741","Jordan Poole",4277956,401705240,"2025",0,2.82842712474619,0,"Close",13,0,1,1,2
"2742","Jordan Poole",4277956,401705240,"2025",0,28.3196045170126,0,"ThreePoint",14,0,0,1,1
"2743","Jordan Poole",4277956,401705240,"2025",1,25.0199920063936,0,"ThreePoint",15,0,0,0,0
"2744","Josh Giddey",4871145,401468347,"2023",0,11.7046999107196,0,"Midrange",1,NA,NA,NA,NA
"2745","Josh Giddey",4871145,401468347,"2023",1,25.4558441227157,0,"ThreePoint",2,0,NA,NA,NA
"2746","Josh Giddey",4871145,401468347,"2023",1,14.422205101856,0,"Midrange",3,1,0,NA,NA
"2747","Josh Giddey",4871145,401468347,"2023",1,6,0,"Close",4,1,1,0,2
"2748","Josh Giddey",4871145,401468347,"2023",1,14.142135623731,1,"Midrange",5,1,1,1,3
"2749","Josh Giddey",4871145,401468347,"2023",1,10.816653826392,1,"Midrange",6,1,1,1,3
"2750","Josh Giddey",4871145,401468347,"2023",1,23.0217288664427,1,"ThreePoint",7,1,1,1,3
"2751","Josh Giddey",4871145,401468347,"2023",1,1.4142135623731,1,"Close",8,1,1,1,3
"2752","Josh Giddey",4871145,401468347,"2023",1,10.6301458127346,1,"Midrange",9,1,1,1,3
"2753","Josh Giddey",4871145,401468347,"2023",0,1.4142135623731,1,"Close",10,1,1,1,3
"2754","Josh Giddey",4871145,401468347,"2023",1,0,0,"Close",11,0,1,1,2
"2755","Josh Giddey",4871145,401468347,"2023",1,7.07106781186548,0,"Close",12,1,0,1,2
"2756","Josh Giddey",4871145,401468347,"2023",0,26.9258240356725,0,"ThreePoint",13,1,1,0,2
"2757","Josh Giddey",4871145,401468347,"2023",0,22.2036033111745,0,"ThreePoint",14,0,1,1,2
"2758","Josh Giddey",4871145,401469355,"2023",1,2.23606797749979,0,"Close",1,NA,NA,NA,NA
"2759","Josh Giddey",4871145,401469355,"2023",0,2,0,"Close",2,1,NA,NA,NA
"2760","Josh Giddey",4871145,401469355,"2023",1,7.21110255092798,0,"Close",3,0,1,NA,NA
"2761","Josh Giddey",4871145,401469355,"2023",0,10.816653826392,0,"Midrange",4,1,0,1,2
"2762","Josh Giddey",4871145,401469355,"2023",1,24.8394846967484,0,"ThreePoint",5,0,1,0,1
"2763","Josh Giddey",4871145,401469355,"2023",0,14.3178210632764,0,"Midrange",6,1,0,1,2
"2764","Josh Giddey",4871145,401469355,"2023",0,25.5538646783613,0,"ThreePoint",7,0,1,0,1
"2765","Josh Giddey",4871145,401469355,"2023",0,28.3196045170126,0,"ThreePoint",8,0,0,1,1
"2766","Josh Giddey",4871145,401469355,"2023",0,5.65685424949238,0,"Close",9,0,0,0,0
"2767","Josh Giddey",4871145,401469355,"2023",1,6.08276253029822,0,"Close",10,0,0,0,0
"2768","Josh Giddey",4871145,401469355,"2023",0,15,0,"Midrange",11,1,0,0,1
"2769","Josh Giddey",4871145,401469355,"2023",1,26.2488094968134,0,"ThreePoint",12,0,1,0,1
"2770","Josh Giddey",4871145,401469355,"2023",1,3,0,"Close",13,1,0,1,2
"2771","Josh Giddey",4871145,401469355,"2023",0,27.0185121722126,0,"ThreePoint",14,1,1,0,2
"2772","Jrue Holiday",3995,400975692,"2018",1,1,0,"Close",1,NA,NA,NA,NA
"2773","Jrue Holiday",3995,400975692,"2018",1,1.4142135623731,0,"Close",2,1,NA,NA,NA
"2774","Jrue Holiday",3995,400975692,"2018",1,1,0,"Close",3,1,1,NA,NA
"2775","Jrue Holiday",3995,400975692,"2018",0,11.6619037896906,1,"Midrange",4,1,1,1,3
"2776","Jrue Holiday",3995,400975692,"2018",0,1,0,"Close",5,0,1,1,2
"2777","Jrue Holiday",3995,400975692,"2018",1,5.09901951359278,0,"Close",6,0,0,1,1
"2778","Jrue Holiday",3995,400975692,"2018",1,26,0,"ThreePoint",7,1,0,0,1
"2779","Jrue Holiday",3995,400975692,"2018",1,3,0,"Close",8,1,1,0,2
"2780","Jrue Holiday",3995,400975692,"2018",1,1.4142135623731,1,"Close",9,1,1,1,3
"2781","Jrue Holiday",3995,400975692,"2018",1,19.4164878389476,1,"Midrange",10,1,1,1,3
"2782","Jrue Holiday",3995,400975692,"2018",0,14,1,"Midrange",11,1,1,1,3
"2783","Jrue Holiday",3995,400975692,"2018",1,8.24621125123532,0,"Midrange",12,0,1,1,2
"2784","Jrue Holiday",3995,400975692,"2018",0,18.3575597506858,0,"Midrange",13,1,0,1,2
"2785","Jrue Holiday",3995,400975692,"2018",0,14.3178210632764,0,"Midrange",14,0,1,0,1
"2786","Jrue Holiday",3995,400975692,"2018",0,10.770329614269,0,"Midrange",15,0,0,1,1
"2787","Jrue Holiday",3995,400975692,"2018",1,27.6586333718787,0,"ThreePoint",16,0,0,0,0
"2788","Jrue Holiday",3995,400975692,"2018",1,3.16227766016838,0,"Close",17,1,0,0,1
"2789","Jrue Holiday",3995,400975692,"2018",0,26.2488094968134,0,"ThreePoint",18,1,1,0,2
"2790","Jrue Holiday",3995,400975692,"2018",1,17,0,"Midrange",19,0,1,1,2
"2791","Jrue Holiday",3995,401161553,"2020",1,26.4196896272458,0,"ThreePoint",1,NA,NA,NA,NA
"2792","Jrue Holiday",3995,401161553,"2020",1,2.23606797749979,0,"Close",2,1,NA,NA,NA
"2793","Jrue Holiday",3995,401161553,"2020",0,26.0768096208106,0,"ThreePoint",3,1,1,NA,NA
"2794","Jrue Holiday",3995,401161553,"2020",1,3.16227766016838,0,"Close",4,0,1,1,2
"2795","Jrue Holiday",3995,401161553,"2020",0,26.2488094968134,0,"ThreePoint",5,1,0,1,2
"2796","Jrue Holiday",3995,401161553,"2020",1,1.4142135623731,0,"Close",6,0,1,0,1
"2797","Jrue Holiday",3995,401161553,"2020",0,25.0199920063936,0,"ThreePoint",7,1,0,1,2
"2798","Jrue Holiday",3995,401161553,"2020",0,15.52417469626,0,"Midrange",8,0,1,0,1
"2799","Jrue Holiday",3995,401161553,"2020",1,2,0,"Close",9,0,0,1,1
"2800","Jrue Holiday",3995,401161553,"2020",1,1.4142135623731,0,"Close",10,1,0,0,1
"2801","Jrue Holiday",3995,401161553,"2020",1,26.4007575648882,0,"ThreePoint",11,1,1,0,2
"2802","Jrue Holiday",3995,401161553,"2020",0,25.2388589282479,1,"ThreePoint",12,1,1,1,3
"2803","Jrue Holiday",3995,401161553,"2020",1,1,0,"Close",13,0,1,1,2
"2804","Jrue Holiday",3995,401161553,"2020",1,2.23606797749979,0,"Close",14,1,0,1,2
"2805","Jrue Holiday",3995,401161553,"2020",0,3.16227766016838,0,"Close",15,1,1,0,2
"2806","Jrue Holiday",3995,401161553,"2020",1,4.47213595499958,0,"Close",16,0,1,1,2
"2807","Julius Randle",3064514,401267240,"2021",0,15,0,"Midrange",1,NA,NA,NA,NA
"2808","Julius Randle",3064514,401267240,"2021",0,11.0453610171873,0,"Midrange",2,0,NA,NA,NA
"2809","Julius Randle",3064514,401267240,"2021",0,17.7200451466693,0,"Midrange",3,0,0,NA,NA
"2810","Julius Randle",3064514,401267240,"2021",0,15.1327459504216,0,"Midrange",4,0,0,0,0
"2811","Julius Randle",3064514,401267240,"2021",0,28.6006992921502,0,"ThreePoint",5,0,0,0,0
"2812","Julius Randle",3064514,401267240,"2021",0,11.0453610171873,0,"Midrange",6,0,0,0,0
"2813","Julius Randle",3064514,401267240,"2021",1,1,0,"Close",7,0,0,0,0
"2814","Julius Randle",3064514,401267240,"2021",1,13.0384048104053,0,"Midrange",8,1,0,0,1
"2815","Julius Randle",3064514,401267240,"2021",1,24.1867732448956,0,"ThreePoint",9,1,1,0,2
"2816","Julius Randle",3064514,401267240,"2021",0,4.12310562561766,1,"Close",10,1,1,1,3
"2817","Julius Randle",3064514,401267240,"2021",0,20.5182845286832,0,"Midrange",11,0,1,1,2
"2818","Julius Randle",3064514,401267240,"2021",0,1,0,"Close",12,0,0,1,1
"2819","Julius Randle",3064514,401267240,"2021",1,27.5136329843952,0,"ThreePoint",13,0,0,0,0
"2820","Julius Randle",3064514,401267240,"2021",0,29,0,"ThreePoint",14,1,0,0,1
"2821","Julius Randle",3064514,401267240,"2021",0,27.0185121722126,0,"ThreePoint",15,0,1,0,1
"2822","Julius Randle",3064514,401267240,"2021",1,1.4142135623731,0,"Close",16,0,0,1,1
"2823","Julius Randle",3064514,401468347,"2023",0,1.4142135623731,0,"Close",1,NA,NA,NA,NA
"2824","Julius Randle",3064514,401468347,"2023",1,27.2946881279124,0,"ThreePoint",2,0,NA,NA,NA
"2825","Julius Randle",3064514,401468347,"2023",0,25.0798724079689,0,"ThreePoint",3,1,0,NA,NA
"2826","Julius Randle",3064514,401468347,"2023",1,12,0,"Midrange",4,0,1,0,1
"2827","Julius Randle",3064514,401468347,"2023",0,23.1948270094864,0,"ThreePoint",5,1,0,1,2
"2828","Julius Randle",3064514,401468347,"2023",0,5.8309518948453,0,"Close",6,0,1,0,1
"2829","Julius Randle",3064514,401468347,"2023",0,3.16227766016838,0,"Close",7,0,0,1,1
"2830","Julius Randle",3064514,401468347,"2023",1,1,0,"Close",8,0,0,0,0
"2831","Julius Randle",3064514,401468347,"2023",1,25.6124969497314,0,"ThreePoint",9,1,0,0,1
"2832","Julius Randle",3064514,401468347,"2023",0,26.8328157299975,0,"ThreePoint",10,1,1,0,2
"2833","Julius Randle",3064514,401468347,"2023",0,1,0,"Close",11,0,1,1,2
"2834","Julius Randle",3064514,401468347,"2023",1,25.0798724079689,0,"ThreePoint",12,0,0,1,1
"2835","Julius Randle",3064514,401468347,"2023",1,1.4142135623731,0,"Close",13,1,0,0,1
"2836","Julius Randle",3064514,401468347,"2023",1,0,0,"Close",14,1,1,0,2
"2837","Jusuf Nurkic",3102530,400975354,"2018",0,6,0,"Close",1,NA,NA,NA,NA
"2838","Jusuf Nurkic",3102530,400975354,"2018",0,10.295630140987,0,"Midrange",2,0,NA,NA,NA
"2839","Jusuf Nurkic",3102530,400975354,"2018",0,5.8309518948453,0,"Close",3,0,0,NA,NA
"2840","Jusuf Nurkic",3102530,400975354,"2018",1,4,0,"Close",4,0,0,0,0
"2841","Jusuf Nurkic",3102530,400975354,"2018",1,8.06225774829855,0,"Midrange",5,1,0,0,1
"2842","Jusuf Nurkic",3102530,400975354,"2018",0,2.82842712474619,0,"Close",6,1,1,0,2
"2843","Jusuf Nurkic",3102530,400975354,"2018",0,1.4142135623731,0,"Close",7,0,1,1,2
"2844","Jusuf Nurkic",3102530,400975354,"2018",0,2.82842712474619,0,"Close",8,0,0,1,1
"2845","Jusuf Nurkic",3102530,400975354,"2018",1,1.4142135623731,0,"Close",9,0,0,0,0
"2846","Jusuf Nurkic",3102530,400975354,"2018",0,19.4164878389476,0,"Midrange",10,1,0,0,1
"2847","Jusuf Nurkic",3102530,400975354,"2018",1,2,0,"Close",11,0,1,0,1
"2848","Jusuf Nurkic",3102530,400975354,"2018",0,7,0,"Close",12,1,0,1,2
"2849","Jusuf Nurkic",3102530,400975354,"2018",0,6.40312423743285,0,"Close",13,0,1,0,1
"2850","Jusuf Nurkic",3102530,400975750,"2018",1,2,0,"Close",1,NA,NA,NA,NA
"2851","Jusuf Nurkic",3102530,400975750,"2018",1,1,0,"Close",2,1,NA,NA,NA
"2852","Jusuf Nurkic",3102530,400975750,"2018",0,1,0,"Close",3,1,1,NA,NA
"2853","Jusuf Nurkic",3102530,400975750,"2018",0,8.06225774829855,0,"Midrange",4,0,1,1,2
"2854","Jusuf Nurkic",3102530,400975750,"2018",1,2.82842712474619,0,"Close",5,0,0,1,1
"2855","Jusuf Nurkic",3102530,400975750,"2018",1,2.82842712474619,0,"Close",6,1,0,0,1
"2856","Jusuf Nurkic",3102530,400975750,"2018",1,5.8309518948453,0,"Close",7,1,1,0,2
"2857","Jusuf Nurkic",3102530,400975750,"2018",0,1.4142135623731,1,"Close",8,1,1,1,3
"2858","Jusuf Nurkic",3102530,400975750,"2018",1,0,0,"Close",9,0,1,1,2
"2859","Jusuf Nurkic",3102530,400975750,"2018",1,1,0,"Close",10,1,0,1,2
"2860","Jusuf Nurkic",3102530,400975750,"2018",1,4.47213595499958,0,"Close",11,1,1,0,2
"2861","Jusuf Nurkic",3102530,400975750,"2018",0,3.60555127546399,1,"Close",12,1,1,1,3
"2862","Jusuf Nurkic",3102530,400975750,"2018",1,3.16227766016838,0,"Close",13,0,1,1,2
"2863","Jusuf Nurkic",3102530,400975750,"2018",1,2.23606797749979,0,"Close",14,1,0,1,2
"2864","Jusuf Nurkic",3102530,400975750,"2018",0,0,0,"Close",15,1,1,0,2
"2865","Jusuf Nurkic",3102530,400975750,"2018",0,2.23606797749979,0,"Close",16,0,1,1,2
"2866","Jusuf Nurkic",3102530,400975750,"2018",1,0,0,"Close",17,0,0,1,1
"2867","Jusuf Nurkic",3102530,400975750,"2018",1,1,0,"Close",18,1,0,0,1
"2868","Karl-Anthony Towns",3136195,400828813,"2016",1,13,0,"Midrange",1,NA,NA,NA,NA
"2869","Karl-Anthony Towns",3136195,400828813,"2016",1,0,0,"Close",2,1,NA,NA,NA
"2870","Karl-Anthony Towns",3136195,400828813,"2016",1,19.6977156035922,0,"Midrange",3,1,1,NA,NA
"2871","Karl-Anthony Towns",3136195,400828813,"2016",1,2.23606797749979,1,"Close",4,1,1,1,3
"2872","Karl-Anthony Towns",3136195,400828813,"2016",1,22.6715680975093,1,"ThreePoint",5,1,1,1,3
"2873","Karl-Anthony Towns",3136195,400828813,"2016",0,16.5529453572468,1,"Midrange",6,1,1,1,3
"2874","Karl-Anthony Towns",3136195,400828813,"2016",0,20.6155281280883,0,"Midrange",7,0,1,1,2
"2875","Karl-Anthony Towns",3136195,400828813,"2016",1,2,0,"Close",8,0,0,1,1
"2876","Karl-Anthony Towns",3136195,400828813,"2016",0,2.82842712474619,0,"Close",9,1,0,0,1
"2877","Karl-Anthony Towns",3136195,400828813,"2016",1,2,0,"Close",10,0,1,0,1
"2878","Karl-Anthony Towns",3136195,400828813,"2016",1,0,0,"Close",11,1,0,1,2
"2879","Karl-Anthony Towns",3136195,400828813,"2016",0,2.23606797749979,0,"Close",12,1,1,0,2
"2880","Karl-Anthony Towns",3136195,400828813,"2016",1,0,0,"Close",13,0,1,1,2
"2881","Karl-Anthony Towns",3136195,400828813,"2016",1,22.3606797749979,0,"ThreePoint",14,1,0,1,2
"2882","Karl-Anthony Towns",3136195,400828813,"2016",1,21.6333076527839,0,"Midrange",15,1,1,0,2
"2883","Karl-Anthony Towns",3136195,400828813,"2016",1,14,1,"Midrange",16,1,1,1,3
"2884","Karl-Anthony Towns",3136195,400828813,"2016",1,0,1,"Close",17,1,1,1,3
"2885","Karl-Anthony Towns",3136195,400828813,"2016",1,0,1,"Close",18,1,1,1,3
"2886","Karl-Anthony Towns",3136195,400975152,"2018",1,7,0,"Close",1,NA,NA,NA,NA
"2887","Karl-Anthony Towns",3136195,400975152,"2018",0,25.0199920063936,0,"ThreePoint",2,1,NA,NA,NA
"2888","Karl-Anthony Towns",3136195,400975152,"2018",0,6.40312423743285,0,"Close",3,0,1,NA,NA
"2889","Karl-Anthony Towns",3136195,400975152,"2018",1,20,0,"Midrange",4,0,0,1,1
"2890","Karl-Anthony Towns",3136195,400975152,"2018",0,25.5538646783613,0,"ThreePoint",5,1,0,0,1
"2891","Karl-Anthony Towns",3136195,400975152,"2018",0,4.47213595499958,0,"Close",6,0,1,0,1
"2892","Karl-Anthony Towns",3136195,400975152,"2018",0,9.8488578017961,0,"Midrange",7,0,0,1,1
"2893","Karl-Anthony Towns",3136195,400975152,"2018",1,1,0,"Close",8,0,0,0,0
"2894","Karl-Anthony Towns",3136195,400975152,"2018",1,1.4142135623731,0,"Close",9,1,0,0,1
"2895","Karl-Anthony Towns",3136195,400975152,"2018",0,6.32455532033676,0,"Close",10,1,1,0,2
"2896","Karl-Anthony Towns",3136195,400975152,"2018",1,2,0,"Close",11,0,1,1,2
"2897","Karl-Anthony Towns",3136195,400975152,"2018",0,25.0798724079689,0,"ThreePoint",12,1,0,1,2
"2898","Karl-Anthony Towns",3136195,400975152,"2018",0,0,0,"Close",13,0,1,0,1
"2899","Karl-Anthony Towns",3136195,400975152,"2018",0,24.738633753706,0,"ThreePoint",14,0,0,1,1
"2900","Karl-Anthony Towns",3136195,400975152,"2018",0,1,0,"Close",15,0,0,0,0
"2901","Karl-Anthony Towns",3136195,400975152,"2018",1,3.60555127546399,0,"Close",16,0,0,0,0
"2902","Karl-Anthony Towns",3136195,400975788,"2018",1,1,0,"Close",1,NA,NA,NA,NA
"2903","Karl-Anthony Towns",3136195,400975788,"2018",1,2,0,"Close",2,1,NA,NA,NA
"2904","Karl-Anthony Towns",3136195,400975788,"2018",1,1.4142135623731,0,"Close",3,1,1,NA,NA
"2905","Karl-Anthony Towns",3136195,400975788,"2018",1,2.82842712474619,1,"Close",4,1,1,1,3
"2906","Karl-Anthony Towns",3136195,400975788,"2018",0,15.6524758424985,1,"Midrange",5,1,1,1,3
"2907","Karl-Anthony Towns",3136195,400975788,"2018",0,9.48683298050514,0,"Midrange",6,0,1,1,2
"2908","Karl-Anthony Towns",3136195,400975788,"2018",0,6.70820393249937,0,"Close",7,0,0,1,1
"2909","Karl-Anthony Towns",3136195,400975788,"2018",0,4,0,"Close",8,0,0,0,0
"2910","Karl-Anthony Towns",3136195,400975788,"2018",1,2.82842712474619,0,"Close",9,0,0,0,0
"2911","Karl-Anthony Towns",3136195,400975788,"2018",1,0,0,"Close",10,1,0,0,1
"2912","Karl-Anthony Towns",3136195,400975788,"2018",0,6,0,"Close",11,1,1,0,2
"2913","Karl-Anthony Towns",3136195,400975788,"2018",0,7.07106781186548,0,"Close",12,0,1,1,2
"2914","Karl-Anthony Towns",3136195,400975788,"2018",1,25.4950975679639,0,"ThreePoint",13,0,0,1,1
"2915","Karl-Anthony Towns",3136195,400975788,"2018",1,26.0192236625154,0,"ThreePoint",14,1,0,0,1
"2916","Karl-Anthony Towns",3136195,400975788,"2018",0,6.40312423743285,0,"Close",15,1,1,0,2
"2917","Karl-Anthony Towns",3136195,400975880,"2018",0,8.06225774829855,0,"Midrange",1,NA,NA,NA,NA
"2918","Karl-Anthony Towns",3136195,400975880,"2018",0,25.0599281722833,0,"ThreePoint",2,0,NA,NA,NA
"2919","Karl-Anthony Towns",3136195,400975880,"2018",1,21.0237960416286,0,"Midrange",3,0,0,NA,NA
"2920","Karl-Anthony Towns",3136195,400975880,"2018",0,25.9615099714943,0,"ThreePoint",4,1,0,0,1
"2921","Karl-Anthony Towns",3136195,400975880,"2018",0,7.07106781186548,0,"Close",5,0,1,0,1
"2922","Karl-Anthony Towns",3136195,400975880,"2018",1,0,0,"Close",6,0,0,1,1
"2923","Karl-Anthony Towns",3136195,400975880,"2018",0,2.23606797749979,0,"Close",7,1,0,0,1
"2924","Karl-Anthony Towns",3136195,400975880,"2018",1,5,0,"Close",8,0,1,0,1
"2925","Karl-Anthony Towns",3136195,400975880,"2018",0,26.5706605111728,0,"ThreePoint",9,1,0,1,2
"2926","Karl-Anthony Towns",3136195,400975880,"2018",0,9.21954445729289,0,"Midrange",10,0,1,0,1
"2927","Karl-Anthony Towns",3136195,400975880,"2018",0,26,0,"ThreePoint",11,0,0,1,1
"2928","Karl-Anthony Towns",3136195,400975880,"2018",0,24.6981780704569,0,"ThreePoint",12,0,0,0,0
"2929","Karl-Anthony Towns",3136195,400975880,"2018",1,1.4142135623731,0,"Close",13,0,0,0,0
"2930","Karl-Anthony Towns",3136195,400975880,"2018",1,10.816653826392,0,"Midrange",14,1,0,0,1
"2931","Karl-Anthony Towns",3136195,400975880,"2018",0,7.07106781186548,0,"Close",15,1,1,0,2
"2932","Karl-Anthony Towns",3136195,400975880,"2018",0,2.23606797749979,0,"Close",16,0,1,1,2
"2933","Karl-Anthony Towns",3136195,400975880,"2018",1,23.0217288664427,0,"ThreePoint",17,0,0,1,1
"2934","Karl-Anthony Towns",3136195,400975880,"2018",0,23.0867927612304,0,"ThreePoint",18,1,0,0,1
"2935","Karl-Anthony Towns",3136195,400975880,"2018",0,1,0,"Close",19,0,1,0,1
"2936","Karl-Anthony Towns",3136195,400975880,"2018",1,18.7882942280559,0,"Midrange",20,0,0,1,1
"2937","Karl-Anthony Towns",3136195,400975880,"2018",1,1,0,"Close",21,1,0,0,1
"2938","Karl-Anthony Towns",3136195,401070805,"2019",0,30.0166620396073,0,"ThreePoint",1,NA,NA,NA,NA
"2939","Karl-Anthony Towns",3136195,401070805,"2019",1,8.06225774829855,0,"Midrange",2,0,NA,NA,NA
"2940","Karl-Anthony Towns",3136195,401070805,"2019",1,25.6124969497314,0,"ThreePoint",3,1,0,NA,NA
"2941","Karl-Anthony Towns",3136195,401070805,"2019",1,26.6833281282527,0,"ThreePoint",4,1,1,0,2
"2942","Karl-Anthony Towns",3136195,401070805,"2019",1,9.4339811320566,1,"Midrange",5,1,1,1,3
"2943","Karl-Anthony Towns",3136195,401070805,"2019",0,27.2029410174709,1,"ThreePoint",6,1,1,1,3
"2944","Karl-Anthony Towns",3136195,401070805,"2019",0,26.3058928759318,0,"ThreePoint",7,0,1,1,2
"2945","Karl-Anthony Towns",3136195,401070805,"2019",0,5.09901951359278,0,"Close",8,0,0,1,1
"2946","Karl-Anthony Towns",3136195,401070805,"2019",0,28,0,"ThreePoint",9,0,0,0,0
"2947","Karl-Anthony Towns",3136195,401070805,"2019",0,18.4390889145858,0,"Midrange",10,0,0,0,0
"2948","Karl-Anthony Towns",3136195,401070805,"2019",1,7.21110255092798,0,"Close",11,0,0,0,0
"2949","Karl-Anthony Towns",3136195,401070805,"2019",0,14.8660687473185,0,"Midrange",12,1,0,0,1
"2950","Karl-Anthony Towns",3136195,401070805,"2019",0,11.0453610171873,0,"Midrange",13,0,1,0,1
"2951","Karl-Anthony Towns",3136195,401360843,"2022",1,11.4017542509914,0,"Midrange",1,NA,NA,NA,NA
"2952","Karl-Anthony Towns",3136195,401360843,"2022",1,2.23606797749979,0,"Close",2,1,NA,NA,NA
"2953","Karl-Anthony Towns",3136195,401360843,"2022",1,1.4142135623731,0,"Close",3,1,1,NA,NA
"2954","Karl-Anthony Towns",3136195,401360843,"2022",0,7.61577310586391,1,"Close",4,1,1,1,3
"2955","Karl-Anthony Towns",3136195,401360843,"2022",1,24.738633753706,0,"ThreePoint",5,0,1,1,2
"2956","Karl-Anthony Towns",3136195,401360843,"2022",0,9.21954445729289,0,"Midrange",6,1,0,1,2
"2957","Karl-Anthony Towns",3136195,401360843,"2022",0,25.4950975679639,0,"ThreePoint",7,0,1,0,1
"2958","Karl-Anthony Towns",3136195,401360843,"2022",1,1,0,"Close",8,0,0,1,1
"2959","Karl-Anthony Towns",3136195,401360843,"2022",1,1,0,"Close",9,1,0,0,1
"2960","Karl-Anthony Towns",3136195,401360843,"2022",0,5.3851648071345,0,"Close",10,1,1,0,2
"2961","Karl-Anthony Towns",3136195,401360843,"2022",0,2.23606797749979,0,"Close",11,0,1,1,2
"2962","Karl-Anthony Towns",3136195,401360843,"2022",1,3.16227766016838,0,"Close",12,0,0,1,1
"2963","Karl-Anthony Towns",3136195,401360843,"2022",0,24.6981780704569,0,"ThreePoint",13,1,0,0,1
"2964","Karl-Anthony Towns",3136195,401360843,"2022",1,1,0,"Close",14,0,1,0,1
"2965","Karl-Anthony Towns",3136195,401360843,"2022",1,2.23606797749979,0,"Close",15,1,0,1,2
"2966","Karl-Anthony Towns",3136195,401360843,"2022",0,5.3851648071345,0,"Close",16,1,1,0,2
"2967","Karl-Anthony Towns",3136195,401360843,"2022",1,27.0739727413618,0,"ThreePoint",17,0,1,1,2
"2968","Karl-Anthony Towns",3136195,401360843,"2022",1,2.23606797749979,0,"Close",18,1,0,1,2
"2969","Karl-Anthony Towns",3136195,401360843,"2022",0,26,0,"ThreePoint",19,1,1,0,2
"2970","Karl-Anthony Towns",3136195,401360843,"2022",1,26.0192236625154,0,"ThreePoint",20,0,1,1,2
"2971","Karl-Anthony Towns",3136195,401360843,"2022",0,12.0415945787923,0,"Midrange",21,1,0,1,2
"2972","Karl-Anthony Towns",3136195,401360843,"2022",0,2.82842712474619,0,"Close",22,0,1,0,1
"2973","Karl-Anthony Towns",3136195,401360843,"2022",1,2,0,"Close",23,0,0,1,1
"2974","Karl-Anthony Towns",3136195,401360843,"2022",1,26.0768096208106,0,"ThreePoint",24,1,0,0,1
"2975","Karl-Anthony Towns",3136195,401360843,"2022",1,24,0,"ThreePoint",25,1,1,0,2
"2976","Karl-Anthony Towns",3136195,401360843,"2022",1,1.4142135623731,1,"Close",26,1,1,1,3
"2977","Karl-Anthony Towns",3136195,401360843,"2022",1,26.5706605111728,1,"ThreePoint",27,1,1,1,3
"2978","Karl-Anthony Towns",3136195,401360843,"2022",1,1,1,"Close",28,1,1,1,3
"2979","Karl-Anthony Towns",3136195,401360843,"2022",0,4,1,"Close",29,1,1,1,3
"2980","Karl-Anthony Towns",3136195,401360843,"2022",0,29.0688837074973,0,"ThreePoint",30,0,1,1,2
"2981","Karl-Anthony Towns",3136195,401360843,"2022",1,32,0,"ThreePoint",31,0,0,1,1
"2982","Karl-Anthony Towns",3136195,401704785,"2025",0,1.4142135623731,0,"Close",1,NA,NA,NA,NA
"2983","Karl-Anthony Towns",3136195,401704785,"2025",1,26.2488094968134,0,"ThreePoint",2,0,NA,NA,NA
"2984","Karl-Anthony Towns",3136195,401704785,"2025",1,2.23606797749979,0,"Close",3,1,0,NA,NA
"2985","Karl-Anthony Towns",3136195,401704785,"2025",0,25.0798724079689,0,"ThreePoint",4,1,1,0,2
"2986","Karl-Anthony Towns",3136195,401704785,"2025",1,8.60232526704263,0,"Midrange",5,0,1,1,2
"2987","Karl-Anthony Towns",3136195,401704785,"2025",0,3.16227766016838,0,"Close",6,1,0,1,2
"2988","Karl-Anthony Towns",3136195,401704785,"2025",1,26.4196896272458,0,"ThreePoint",7,0,1,0,1
"2989","Karl-Anthony Towns",3136195,401704785,"2025",0,8.06225774829855,0,"Midrange",8,1,0,1,2
"2990","Karl-Anthony Towns",3136195,401704785,"2025",1,1.4142135623731,0,"Close",9,0,1,0,1
"2991","Karl-Anthony Towns",3136195,401704785,"2025",1,24.3515913237718,0,"ThreePoint",10,1,0,1,2
"2992","Karl-Anthony Towns",3136195,401704785,"2025",0,27.6586333718787,0,"ThreePoint",11,1,1,0,2
"2993","Karl-Anthony Towns",3136195,401704785,"2025",0,2.82842712474619,0,"Close",12,0,1,1,2
"2994","Karl-Anthony Towns",3136195,401704785,"2025",1,1.4142135623731,0,"Close",13,0,0,1,1
"2995","Karl-Anthony Towns",3136195,401704785,"2025",1,1.4142135623731,0,"Close",14,1,0,0,1
"2996","Karl-Anthony Towns",3136195,401704785,"2025",1,2.23606797749979,0,"Close",15,1,1,0,2
"2997","Karl-Anthony Towns",3136195,401704785,"2025",0,25.4950975679639,1,"ThreePoint",16,1,1,1,3
"2998","Karl-Anthony Towns",3136195,401704785,"2025",0,5.3851648071345,0,"Close",17,0,1,1,2
"2999","Karl-Anthony Towns",3136195,401704785,"2025",1,25.0599281722833,0,"ThreePoint",18,0,0,1,1
"3000","Karl-Anthony Towns",3136195,401704785,"2025",1,0,0,"Close",19,1,0,0,1
"3001","Karl-Anthony Towns",3136195,401704785,"2025",0,26.0768096208106,0,"ThreePoint",20,1,1,0,2
"3002","Karl-Anthony Towns",3136195,401704785,"2025",1,1,0,"Close",21,0,1,1,2
"3003","Karl-Anthony Towns",3136195,401704785,"2025",0,1.4142135623731,0,"Close",22,1,0,1,2
"3004","Karl-Anthony Towns",3136195,401704785,"2025",1,26.4007575648882,0,"ThreePoint",23,0,1,0,1
"3005","Karl-Anthony Towns",3136195,401704785,"2025",1,1.4142135623731,0,"Close",24,1,0,1,2
"3006","Karl-Anthony Towns",3136195,401704785,"2025",1,25.5538646783613,0,"ThreePoint",25,1,1,0,2
"3007","Karl-Anthony Towns",3136195,401704785,"2025",0,25.4950975679639,1,"ThreePoint",26,1,1,1,3
"3008","Karl-Anthony Towns",3136195,401704785,"2025",1,1,0,"Close",27,0,1,1,2
"3009","Karl-Anthony Towns",3136195,401704785,"2025",1,1.4142135623731,0,"Close",28,1,0,1,2
"3010","Karl-Anthony Towns",3136195,401704785,"2025",0,29.1204395571221,0,"ThreePoint",29,1,1,0,2
"3011","Karl-Anthony Towns",3136195,401704785,"2025",1,1.4142135623731,0,"Close",30,0,1,1,2
"3012","Karl-Anthony Towns",3136195,401705268,"2025",1,2.23606797749979,0,"Close",1,NA,NA,NA,NA
"3013","Karl-Anthony Towns",3136195,401705268,"2025",0,26.0768096208106,0,"ThreePoint",2,1,NA,NA,NA
"3014","Karl-Anthony Towns",3136195,401705268,"2025",0,7.07106781186548,0,"Close",3,0,1,NA,NA
"3015","Karl-Anthony Towns",3136195,401705268,"2025",1,5.8309518948453,0,"Close",4,0,0,1,1
"3016","Karl-Anthony Towns",3136195,401705268,"2025",0,14.142135623731,0,"Midrange",5,1,0,0,1
"3017","Karl-Anthony Towns",3136195,401705268,"2025",1,3.60555127546399,0,"Close",6,0,1,0,1
"3018","Karl-Anthony Towns",3136195,401705268,"2025",0,2.23606797749979,0,"Close",7,1,0,1,2
"3019","Karl-Anthony Towns",3136195,401705268,"2025",0,25.7099202643649,0,"ThreePoint",8,0,1,0,1
"3020","Karl-Anthony Towns",3136195,401705268,"2025",0,1.4142135623731,0,"Close",9,0,0,1,1
"3021","Karl-Anthony Towns",3136195,401705268,"2025",1,2.23606797749979,0,"Close",10,0,0,0,0
"3022","Karl-Anthony Towns",3136195,401705268,"2025",0,11.4017542509914,0,"Midrange",11,1,0,0,1
"3023","Karl-Anthony Towns",3136195,401705268,"2025",0,26,0,"ThreePoint",12,0,1,0,1
"3024","Karl-Anthony Towns",3136195,401705268,"2025",0,2.23606797749979,0,"Close",13,0,0,1,1
"3025","Karl-Anthony Towns",3136195,401705268,"2025",1,2,0,"Close",14,0,0,0,0
"3026","Karl-Anthony Towns",3136195,401705268,"2025",0,25.3179778023443,0,"ThreePoint",15,1,0,0,1
"3027","Karl-Anthony Towns",3136195,401705268,"2025",0,1.4142135623731,0,"Close",16,0,1,0,1
"3028","Karl-Anthony Towns",3136195,401705268,"2025",1,1,0,"Close",17,0,0,1,1
"3029","Karl-Anthony Towns",3136195,401705268,"2025",1,27.0185121722126,0,"ThreePoint",18,1,0,0,1
"3030","Karl-Anthony Towns",3136195,401705268,"2025",1,2,0,"Close",19,1,1,0,2
"3031","Karl-Anthony Towns",3136195,401705268,"2025",1,2.82842712474619,1,"Close",20,1,1,1,3
"3032","Kawhi Leonard",6450,400827977,"2016",0,23.6008474424119,0,"ThreePoint",1,NA,NA,NA,NA
"3033","Kawhi Leonard",6450,400827977,"2016",1,17.2046505340853,0,"Midrange",2,0,NA,NA,NA
"3034","Kawhi Leonard",6450,400827977,"2016",1,18.6010752377383,0,"Midrange",3,1,0,NA,NA
"3035","Kawhi Leonard",6450,400827977,"2016",1,24.0208242989286,0,"ThreePoint",4,1,1,0,2
"3036","Kawhi Leonard",6450,400827977,"2016",0,7.81024967590665,1,"Close",5,1,1,1,3
"3037","Kawhi Leonard",6450,400827977,"2016",0,13.0384048104053,0,"Midrange",6,0,1,1,2
"3038","Kawhi Leonard",6450,400827977,"2016",0,20,0,"Midrange",7,0,0,1,1
"3039","Kawhi Leonard",6450,400827977,"2016",1,23,0,"ThreePoint",8,0,0,0,0
"3040","Kawhi Leonard",6450,400827977,"2016",0,1,0,"Close",9,1,0,0,1
"3041","Kawhi Leonard",6450,400827977,"2016",1,1.4142135623731,0,"Close",10,0,1,0,1
"3042","Kawhi Leonard",6450,400827977,"2016",1,17.8044938147649,0,"Midrange",11,1,0,1,2
"3043","Kawhi Leonard",6450,400827977,"2016",1,20.5182845286832,0,"Midrange",12,1,1,0,2
"3044","Kawhi Leonard",6450,400827977,"2016",1,1,1,"Close",13,1,1,1,3
"3045","Kawhi Leonard",6450,400827977,"2016",0,26.4007575648882,1,"ThreePoint",14,1,1,1,3
"3046","Kawhi Leonard",6450,400827977,"2016",1,15.0332963783729,0,"Midrange",15,0,1,1,2
"3047","Kawhi Leonard",6450,400827977,"2016",1,13,0,"Midrange",16,1,0,1,2
"3048","Kawhi Leonard",6450,400828499,"2016",0,25.6124969497314,0,"ThreePoint",1,NA,NA,NA,NA
"3049","Kawhi Leonard",6450,400828499,"2016",0,25.0599281722833,0,"ThreePoint",2,0,NA,NA,NA
"3050","Kawhi Leonard",6450,400828499,"2016",0,4.24264068711928,0,"Close",3,0,0,NA,NA
"3051","Kawhi Leonard",6450,400828499,"2016",0,3.16227766016838,0,"Close",4,0,0,0,0
"3052","Kawhi Leonard",6450,400828499,"2016",1,16.2788205960997,0,"Midrange",5,0,0,0,0
"3053","Kawhi Leonard",6450,400828499,"2016",1,24.0831891575846,0,"ThreePoint",6,1,0,0,1
"3054","Kawhi Leonard",6450,400828499,"2016",1,17.2046505340853,0,"Midrange",7,1,1,0,2
"3055","Kawhi Leonard",6450,400828499,"2016",0,12.7279220613579,1,"Midrange",8,1,1,1,3
"3056","Kawhi Leonard",6450,400828499,"2016",0,23.259406699226,0,"ThreePoint",9,0,1,1,2
"3057","Kawhi Leonard",6450,400828499,"2016",1,0,0,"Close",10,0,0,1,1
"3058","Kawhi Leonard",6450,400828499,"2016",1,16.9705627484771,0,"Midrange",11,1,0,0,1
"3059","Kawhi Leonard",6450,401070952,"2019",1,19.0262975904404,0,"Midrange",1,NA,NA,NA,NA
"3060","Kawhi Leonard",6450,401070952,"2019",0,1.4142135623731,0,"Close",2,1,NA,NA,NA
"3061","Kawhi Leonard",6450,401070952,"2019",1,20.1246117974981,0,"Midrange",3,0,1,NA,NA
"3062","Kawhi Leonard",6450,401070952,"2019",1,20.0249843945008,0,"Midrange",4,1,0,1,2
"3063","Kawhi Leonard",6450,401070952,"2019",0,25.298221281347,0,"ThreePoint",5,1,1,0,2
"3064","Kawhi Leonard",6450,401070952,"2019",1,2,0,"Close",6,0,1,1,2
"3065","Kawhi Leonard",6450,401070952,"2019",1,14.3178210632764,0,"Midrange",7,1,0,1,2
"3066","Kawhi Leonard",6450,401070952,"2019",0,8.06225774829855,0,"Midrange",8,1,1,0,2
"3067","Kawhi Leonard",6450,401070952,"2019",1,1.4142135623731,0,"Close",9,0,1,1,2
"3068","Kawhi Leonard",6450,401070952,"2019",0,10,0,"Midrange",10,1,0,1,2
"3069","Kawhi Leonard",6450,401070952,"2019",1,2.23606797749979,0,"Close",11,0,1,0,1
"3070","Kawhi Leonard",6450,401070952,"2019",0,28.2842712474619,0,"ThreePoint",12,1,0,1,2
"3071","Kawhi Leonard",6450,401070952,"2019",0,8.06225774829855,0,"Midrange",13,0,1,0,1
"3072","Kawhi Leonard",6450,401070952,"2019",0,28.3019433961698,0,"ThreePoint",14,0,0,1,1
"3073","Kawhi Leonard",6450,401070952,"2019",0,20.2484567313166,0,"Midrange",15,0,0,0,0
"3074","Kawhi Leonard",6450,401070952,"2019",1,23.0217288664427,0,"ThreePoint",16,0,0,0,0
"3075","Kawhi Leonard",6450,401070952,"2019",1,13.4536240470737,0,"Midrange",17,1,0,0,1
"3076","Kawhi Leonard",6450,401070952,"2019",0,13.1529464379659,0,"Midrange",18,1,1,0,2
"3077","Kawhi Leonard",6450,401070952,"2019",1,5.09901951359278,0,"Close",19,0,1,1,2
"3078","Kawhi Leonard",6450,401070952,"2019",0,14.422205101856,0,"Midrange",20,1,0,1,2
"3079","Kawhi Leonard",6450,401070952,"2019",1,12.0415945787923,0,"Midrange",21,0,1,0,1
"3080","Kawhi Leonard",6450,401070952,"2019",1,12.0830459735946,0,"Midrange",22,1,0,1,2
"3081","Kawhi Leonard",6450,401070997,"2019",1,11.4017542509914,0,"Midrange",1,NA,NA,NA,NA
"3082","Kawhi Leonard",6450,401070997,"2019",1,26.2488094968134,0,"ThreePoint",2,1,NA,NA,NA
"3083","Kawhi Leonard",6450,401070997,"2019",1,10.1980390271856,0,"Midrange",3,1,1,NA,NA
"3084","Kawhi Leonard",6450,401070997,"2019",1,19.8494332412792,1,"Midrange",4,1,1,1,3
"3085","Kawhi Leonard",6450,401070997,"2019",1,1.4142135623731,1,"Close",5,1,1,1,3
"3086","Kawhi Leonard",6450,401070997,"2019",1,17.2046505340853,1,"Midrange",6,1,1,1,3
"3087","Kawhi Leonard",6450,401070997,"2019",0,25.8069758011279,1,"ThreePoint",7,1,1,1,3
"3088","Kawhi Leonard",6450,401070997,"2019",1,2.82842712474619,0,"Close",8,0,1,1,2
"3089","Kawhi Leonard",6450,401070997,"2019",0,7.07106781186548,0,"Close",9,1,0,1,2
"3090","Kawhi Leonard",6450,401070997,"2019",1,11.6619037896906,0,"Midrange",10,0,1,0,1
"3091","Kawhi Leonard",6450,401070997,"2019",1,29.5465734053883,0,"ThreePoint",11,1,0,1,2
"3092","Kawhi Leonard",6450,401070997,"2019",0,28.6356421265527,0,"ThreePoint",12,1,1,0,2
"3093","Kawhi Leonard",6450,401070997,"2019",0,1,0,"Close",13,0,1,1,2
"3094","Kawhi Leonard",6450,401070997,"2019",1,2.23606797749979,0,"Close",14,0,0,1,1
"3095","Kawhi Leonard",6450,401070997,"2019",1,25.0599281722833,0,"ThreePoint",15,1,0,0,1
"3096","Kawhi Leonard",6450,401070997,"2019",0,10.770329614269,0,"Midrange",16,1,1,0,2
"3097","Kawhi Leonard",6450,401070997,"2019",0,25,0,"ThreePoint",17,0,1,1,2
"3098","Kawhi Leonard",6450,401070997,"2019",1,9.05538513813742,0,"Midrange",18,0,0,1,1
"3099","Kawhi Leonard",6450,401070997,"2019",0,9.48683298050514,0,"Midrange",19,1,0,0,1
"3100","Kawhi Leonard",6450,401070997,"2019",1,20.6155281280883,0,"Midrange",20,0,1,0,1
"3101","Kawhi Leonard",6450,401070997,"2019",0,2,0,"Close",21,1,0,1,2
"3102","Kawhi Leonard",6450,401070997,"2019",1,13.6014705087354,0,"Midrange",22,0,1,0,1
"3103","Kawhi Leonard",6450,401070997,"2019",0,15.8113883008419,0,"Midrange",23,1,0,1,2
"3104","Kawhi Leonard",6450,401070997,"2019",0,19.2353840616713,0,"Midrange",24,0,1,0,1
"3105","Kawhi Leonard",6450,401585631,"2024",0,10.770329614269,0,"Midrange",1,NA,NA,NA,NA
"3106","Kawhi Leonard",6450,401585631,"2024",0,15.2643375224737,0,"Midrange",2,0,NA,NA,NA
"3107","Kawhi Leonard",6450,401585631,"2024",1,17.464249196573,0,"Midrange",3,0,0,NA,NA
"3108","Kawhi Leonard",6450,401585631,"2024",1,10.0498756211209,0,"Midrange",4,1,0,0,1
"3109","Kawhi Leonard",6450,401585631,"2024",1,23.3452350598575,0,"ThreePoint",5,1,1,0,2
"3110","Kawhi Leonard",6450,401585631,"2024",0,6,1,"Close",6,1,1,1,3
"3111","Kawhi Leonard",6450,401585631,"2024",0,27.2029410174709,0,"ThreePoint",7,0,1,1,2
"3112","Kawhi Leonard",6450,401585631,"2024",0,15.2970585407784,0,"Midrange",8,0,0,1,1
"3113","Kawhi Leonard",6450,401585631,"2024",0,10.4403065089106,0,"Midrange",9,0,0,0,0
"3114","Kawhi Leonard",6450,401585631,"2024",1,2.23606797749979,0,"Close",10,0,0,0,0
"3115","Kawhi Leonard",6450,401585631,"2024",1,3.16227766016838,0,"Close",11,1,0,0,1
"3116","Kawhi Leonard",6450,401585631,"2024",1,6.70820393249937,0,"Close",12,1,1,0,2
"3117","Kawhi Leonard",6450,401585631,"2024",1,3.60555127546399,1,"Close",13,1,1,1,3
"3118","Kawhi Leonard",6450,401585631,"2024",1,3.16227766016838,1,"Close",14,1,1,1,3
"3119","Kawhi Leonard",6450,401585631,"2024",1,1.4142135623731,1,"Close",15,1,1,1,3
"3120","Kawhi Leonard",6450,401585631,"2024",0,23.3452350598575,1,"ThreePoint",16,1,1,1,3
"3121","Keldon Johnson",4395723,401360843,"2022",1,8.48528137423857,0,"Midrange",1,NA,NA,NA,NA
"3122","Keldon Johnson",4395723,401360843,"2022",1,24.6981780704569,0,"ThreePoint",2,1,NA,NA,NA
"3123","Keldon Johnson",4395723,401360843,"2022",1,26.5706605111728,0,"ThreePoint",3,1,1,NA,NA
"3124","Keldon Johnson",4395723,401360843,"2022",1,23.0217288664427,1,"ThreePoint",4,1,1,1,3
"3125","Keldon Johnson",4395723,401360843,"2022",1,2,1,"Close",5,1,1,1,3
"3126","Keldon Johnson",4395723,401360843,"2022",1,0,1,"Close",6,1,1,1,3
"3127","Keldon Johnson",4395723,401360843,"2022",1,2.23606797749979,1,"Close",7,1,1,1,3
"3128","Keldon Johnson",4395723,401360843,"2022",1,1,1,"Close",8,1,1,1,3
"3129","Keldon Johnson",4395723,401360843,"2022",0,7.21110255092798,1,"Close",9,1,1,1,3
"3130","Keldon Johnson",4395723,401360843,"2022",0,25.9422435421457,0,"ThreePoint",10,0,1,1,2
"3131","Keldon Johnson",4395723,401360843,"2022",1,2,0,"Close",11,0,0,1,1
"3132","Keldon Johnson",4395723,401360843,"2022",1,24.8394846967484,0,"ThreePoint",12,1,0,0,1
"3133","Keldon Johnson",4395723,401360843,"2022",1,24.6981780704569,0,"ThreePoint",13,1,1,0,2
"3134","Keldon Johnson",4395723,401360843,"2022",0,26.6270539113887,1,"ThreePoint",14,1,1,1,3
"3135","Keldon Johnson",4395723,401360843,"2022",0,25.6124969497314,0,"ThreePoint",15,0,1,1,2
"3136","Keldon Johnson",4395723,401360843,"2022",1,1,0,"Close",16,0,0,1,1
"3137","Keldon Johnson",4395723,401360843,"2022",0,14.8660687473185,0,"Midrange",17,1,0,0,1
"3138","Keldon Johnson",4395723,401360843,"2022",0,24.3515913237718,0,"ThreePoint",18,0,1,0,1
"3139","Keldon Johnson",4395723,401360843,"2022",0,2.82842712474619,0,"Close",19,0,0,1,1
"3140","Keldon Johnson",4395723,401360843,"2022",1,0,0,"Close",20,0,0,0,0
"3141","Keldon Johnson",4395723,401360843,"2022",0,5,0,"Close",21,1,0,0,1
"3142","Keldon Johnson",4395723,401468402,"2023",0,25.8069758011279,0,"ThreePoint",1,NA,NA,NA,NA
"3143","Keldon Johnson",4395723,401468402,"2023",0,3.60555127546399,0,"Close",2,0,NA,NA,NA
"3144","Keldon Johnson",4395723,401468402,"2023",0,25.9422435421457,0,"ThreePoint",3,0,0,NA,NA
"3145","Keldon Johnson",4395723,401468402,"2023",0,26.2488094968134,0,"ThreePoint",4,0,0,0,0
"3146","Keldon Johnson",4395723,401468402,"2023",1,2.23606797749979,0,"Close",5,0,0,0,0
"3147","Keldon Johnson",4395723,401468402,"2023",0,27.0185121722126,0,"ThreePoint",6,1,0,0,1
"3148","Keldon Johnson",4395723,401468402,"2023",0,26.0768096208106,0,"ThreePoint",7,0,1,0,1
"3149","Keldon Johnson",4395723,401468402,"2023",0,67.7200118133481,0,"ThreePoint",8,0,0,1,1
"3150","Keldon Johnson",4395723,401468402,"2023",0,3.60555127546399,0,"Close",9,0,0,0,0
"3151","Keldon Johnson",4395723,401468402,"2023",0,17.2626765016321,0,"Midrange",10,0,0,0,0
"3152","Keldon Johnson",4395723,401468402,"2023",0,26.6270539113887,0,"ThreePoint",11,0,0,0,0
"3153","Keldon Johnson",4395723,401468402,"2023",0,5,0,"Close",12,0,0,0,0
"3154","Keldon Johnson",4395723,401468402,"2023",0,23.1948270094864,0,"ThreePoint",13,0,0,0,0
"3155","Keldon Johnson",4395723,401468402,"2023",0,27.0739727413618,0,"ThreePoint",14,0,0,0,0
"3156","Keldon Johnson",4395723,401468402,"2023",0,3.60555127546399,0,"Close",15,0,0,0,0
"3157","Keldon Johnson",4395723,401468402,"2023",0,7.61577310586391,0,"Close",16,0,0,0,0
"3158","Keldon Johnson",4395723,401468402,"2023",1,3.16227766016838,0,"Close",17,0,0,0,0
"3159","Keldon Johnson",4395723,401468402,"2023",0,8.06225774829855,0,"Midrange",18,1,0,0,1
"3160","Keldon Johnson",4395723,401468402,"2023",1,25.4950975679639,0,"ThreePoint",19,0,1,0,1
"3161","Keldon Johnson",4395723,401468402,"2023",1,0,0,"Close",20,1,0,1,2
"3162","Keldon Johnson",4395723,401468634,"2023",1,26.5706605111728,0,"ThreePoint",1,NA,NA,NA,NA
"3163","Keldon Johnson",4395723,401468634,"2023",1,3,0,"Close",2,1,NA,NA,NA
"3164","Keldon Johnson",4395723,401468634,"2023",0,24,0,"ThreePoint",3,1,1,NA,NA
"3165","Keldon Johnson",4395723,401468634,"2023",0,22.0227155455452,0,"ThreePoint",4,0,1,1,2
"3166","Keldon Johnson",4395723,401468634,"2023",1,26.4196896272458,0,"ThreePoint",5,0,0,1,1
"3167","Keldon Johnson",4395723,401468634,"2023",1,1,0,"Close",6,1,0,0,1
"3168","Keldon Johnson",4395723,401468634,"2023",0,10.0498756211209,0,"Midrange",7,1,1,0,2
"3169","Keldon Johnson",4395723,401468634,"2023",0,2.23606797749979,0,"Close",8,0,1,1,2
"3170","Keldon Johnson",4395723,401468634,"2023",1,7.61577310586391,0,"Close",9,0,0,1,1
"3171","Keldon Johnson",4395723,401468634,"2023",0,4.47213595499958,0,"Close",10,1,0,0,1
"3172","Keldon Johnson",4395723,401468634,"2023",0,23.1948270094864,0,"ThreePoint",11,0,1,0,1
"3173","Keldon Johnson",4395723,401468634,"2023",0,23.5372045918796,0,"ThreePoint",12,0,0,1,1
"3174","Keldon Johnson",4395723,401468634,"2023",0,23.0867927612304,0,"ThreePoint",13,0,0,0,0
"3175","Keldon Johnson",4395723,401468634,"2023",0,26.3058928759318,0,"ThreePoint",14,0,0,0,0
"3176","Kelly Oubre Jr.",3133603,401160950,"2020",0,6,0,"Close",1,NA,NA,NA,NA
"3177","Kelly Oubre Jr.",3133603,401160950,"2020",1,2.23606797749979,0,"Close",2,0,NA,NA,NA
"3178","Kelly Oubre Jr.",3133603,401160950,"2020",0,26.5706605111728,0,"ThreePoint",3,1,0,NA,NA
"3179","Kelly Oubre Jr.",3133603,401160950,"2020",0,21.4009345590327,0,"Midrange",4,0,1,0,1
"3180","Kelly Oubre Jr.",3133603,401160950,"2020",0,26.5706605111728,0,"ThreePoint",5,0,0,1,1
"3181","Kelly Oubre Jr.",3133603,401160950,"2020",0,12.0415945787923,0,"Midrange",6,0,0,0,0
"3182","Kelly Oubre Jr.",3133603,401160950,"2020",1,22.2036033111745,0,"ThreePoint",7,0,0,0,0
"3183","Kelly Oubre Jr.",3133603,401160950,"2020",1,1.4142135623731,0,"Close",8,1,0,0,1
"3184","Kemba Walker",6479,400827977,"2016",0,4.47213595499958,0,"Close",1,NA,NA,NA,NA
"3185","Kemba Walker",6479,400827977,"2016",1,19.0262975904404,0,"Midrange",2,0,NA,NA,NA
"3186","Kemba Walker",6479,400827977,"2016",1,19.4164878389476,0,"Midrange",3,1,0,NA,NA
"3187","Kemba Walker",6479,400827977,"2016",1,1,0,"Close",4,1,1,0,2
"3188","Kemba Walker",6479,400827977,"2016",1,2,1,"Close",5,1,1,1,3
"3189","Kemba Walker",6479,400827977,"2016",0,20.2237484161567,1,"Midrange",6,1,1,1,3
"3190","Kemba Walker",6479,400827977,"2016",1,2,0,"Close",7,0,1,1,2
"3191","Kemba Walker",6479,400827977,"2016",1,2.23606797749979,0,"Close",8,1,0,1,2
"3192","Kemba Walker",6479,400827977,"2016",1,15,0,"Midrange",9,1,1,0,2
"3193","Kemba Walker",6479,400827977,"2016",1,24.5967477524977,1,"ThreePoint",10,1,1,1,3
"3194","Kemba Walker",6479,400827977,"2016",0,16.9705627484771,1,"Midrange",11,1,1,1,3
"3195","Kemba Walker",6479,400827977,"2016",1,25.4558441227157,0,"ThreePoint",12,0,1,1,2
"3196","Kemba Walker",6479,400827977,"2016",1,21.4709105535839,0,"Midrange",13,1,0,1,2
"3197","Kemba Walker",6479,400827977,"2016",0,19.1049731745428,0,"Midrange",14,1,1,0,2
"3198","Kemba Walker",6479,400827977,"2016",1,19.1049731745428,0,"Midrange",15,0,1,1,2
"3199","Kemba Walker",6479,400975118,"2018",0,27.2946881279124,0,"ThreePoint",1,NA,NA,NA,NA
"3200","Kemba Walker",6479,400975118,"2018",0,2.82842712474619,0,"Close",2,0,NA,NA,NA
"3201","Kemba Walker",6479,400975118,"2018",0,27.2029410174709,0,"ThreePoint",3,0,0,NA,NA
"3202","Kemba Walker",6479,400975118,"2018",1,24.1867732448956,0,"ThreePoint",4,0,0,0,0
"3203","Kemba Walker",6479,400975118,"2018",0,1.4142135623731,0,"Close",5,1,0,0,1
"3204","Kemba Walker",6479,400975118,"2018",0,25.9615099714943,0,"ThreePoint",6,0,1,0,1
"3205","Kemba Walker",6479,400975118,"2018",0,24.5967477524977,0,"ThreePoint",7,0,0,1,1
"3206","Kemba Walker",6479,400975118,"2018",1,25.9615099714943,0,"ThreePoint",8,0,0,0,0
"3207","Kemba Walker",6479,400975118,"2018",0,24.8394846967484,0,"ThreePoint",9,1,0,0,1
"3208","Kemba Walker",6479,400975118,"2018",1,25.7099202643649,0,"ThreePoint",10,0,1,0,1
"3209","Kemba Walker",6479,400975118,"2018",1,6,0,"Close",11,1,0,1,2
"3210","Kemba Walker",6479,400975118,"2018",0,18.8679622641132,0,"Midrange",12,1,1,0,2
"3211","Kemba Walker",6479,400975118,"2018",0,1.4142135623731,0,"Close",13,0,1,1,2
"3212","Kemba Walker",6479,400975118,"2018",1,1,0,"Close",14,0,0,1,1
"3213","Kemba Walker",6479,400975118,"2018",0,25.7099202643649,0,"ThreePoint",15,1,0,0,1
"3214","Kemba Walker",6479,400975118,"2018",0,26.0192236625154,0,"ThreePoint",16,0,1,0,1
"3215","Kevin Durant",3202,401070805,"2019",1,2.23606797749979,0,"Close",1,NA,NA,NA,NA
"3216","Kevin Durant",3202,401070805,"2019",1,2.23606797749979,0,"Close",2,1,NA,NA,NA
"3217","Kevin Durant",3202,401070805,"2019",1,27.6586333718787,0,"ThreePoint",3,1,1,NA,NA
"3218","Kevin Durant",3202,401070805,"2019",1,11.7046999107196,1,"Midrange",4,1,1,1,3
"3219","Kevin Durant",3202,401070805,"2019",1,20.8086520466848,1,"Midrange",5,1,1,1,3
"3220","Kevin Durant",3202,401070805,"2019",1,2,1,"Close",6,1,1,1,3
"3221","Kevin Durant",3202,401070805,"2019",0,10.0498756211209,1,"Midrange",7,1,1,1,3
"3222","Kevin Durant",3202,401070805,"2019",0,5.8309518948453,0,"Close",8,0,1,1,2
"3223","Kevin Durant",3202,401070805,"2019",0,19.1049731745428,0,"Midrange",9,0,0,1,1
"3224","Kevin Durant",3202,401070805,"2019",1,27.0185121722126,0,"ThreePoint",10,0,0,0,0
"3225","Kevin Durant",3202,401070805,"2019",1,12.2065556157337,0,"Midrange",11,1,0,0,1
"3226","Kevin Durant",3202,401070805,"2019",0,19.0262975904404,0,"Midrange",12,1,1,0,2
"3227","Kevin Durant",3202,401070805,"2019",1,27,0,"ThreePoint",13,0,1,1,2
"3228","Kevin Durant",3202,401070805,"2019",0,18.4390889145858,0,"Midrange",14,1,0,1,2
"3229","Kevin Durant",3202,401070805,"2019",0,25.2388589282479,0,"ThreePoint",15,0,1,0,1
"3230","Kevin Durant",3202,401070805,"2019",0,13.4536240470737,0,"Midrange",16,0,0,1,1
"3231","Kevin Durant",3202,401070805,"2019",1,11.4017542509914,0,"Midrange",17,0,0,0,0
"3232","Kevin Durant",3202,401070805,"2019",1,2.23606797749979,0,"Close",18,1,0,0,1
"3233","Kevin Durant",3202,401070805,"2019",0,30.0166620396073,0,"ThreePoint",19,1,1,0,2
"3234","Kevin Durant",3202,401070997,"2019",1,16,0,"Midrange",1,NA,NA,NA,NA
"3235","Kevin Durant",3202,401070997,"2019",0,13.6014705087354,0,"Midrange",2,1,NA,NA,NA
"3236","Kevin Durant",3202,401070997,"2019",0,24.6981780704569,0,"ThreePoint",3,0,1,NA,NA
"3237","Kevin Durant",3202,401070997,"2019",1,12.0830459735946,0,"Midrange",4,0,0,1,1
"3238","Kevin Durant",3202,401070997,"2019",1,1,0,"Close",5,1,0,0,1
"3239","Kevin Durant",3202,401070997,"2019",1,0,0,"Close",6,1,1,0,2
"3240","Kevin Durant",3202,401070997,"2019",1,13.3416640641263,1,"Midrange",7,1,1,1,3
"3241","Kevin Durant",3202,401070997,"2019",0,16.9705627484771,1,"Midrange",8,1,1,1,3
"3242","Kevin Durant",3202,401070997,"2019",0,11.1803398874989,0,"Midrange",9,0,1,1,2
"3243","Kevin Durant",3202,401070997,"2019",0,25.0798724079689,0,"ThreePoint",10,0,0,1,1
"3244","Kevin Durant",3202,401070997,"2019",1,12.0415945787923,0,"Midrange",11,0,0,0,0
"3245","Kevin Durant",3202,401070997,"2019",0,2.23606797749979,0,"Close",12,1,0,0,1
"3246","Kevin Durant",3202,401070997,"2019",1,7.21110255092798,0,"Close",13,0,1,0,1
"3247","Kevin Durant",3202,401070997,"2019",0,28.1602556806574,0,"ThreePoint",14,1,0,1,2
"3248","Kevin Durant",3202,401070997,"2019",0,15.2970585407784,0,"Midrange",15,0,1,0,1
"3249","Kevin Durant",3202,401070997,"2019",0,10.4403065089106,0,"Midrange",16,0,0,1,1
"3250","Kevin Durant",3202,401070997,"2019",1,26.4007575648882,0,"ThreePoint",17,0,0,0,0
"3251","Kevin Durant",3202,401070997,"2019",1,2.23606797749979,0,"Close",18,1,0,0,1
"3252","Kevin Durant",3202,401070997,"2019",1,1,0,"Close",19,1,1,0,2
"3253","Kevin Durant",3202,401070997,"2019",1,18.2482875908947,1,"Midrange",20,1,1,1,3
"3254","Kevin Durant",3202,401070997,"2019",1,21.4709105535839,1,"Midrange",21,1,1,1,3
"3255","Kevin Durant",3202,401070997,"2019",1,23.0867927612304,1,"ThreePoint",22,1,1,1,3
"3256","Kevin Durant",3202,401070997,"2019",1,32,1,"ThreePoint",23,1,1,1,3
"3257","Kevin Durant",3202,401070997,"2019",0,15.1327459504216,1,"Midrange",24,1,1,1,3
"3258","Kevin Durant",3202,401070997,"2019",0,1.4142135623731,0,"Close",25,0,1,1,2
"3259","Kevin Durant",3202,401070997,"2019",0,10.0498756211209,0,"Midrange",26,0,0,1,1
"3260","Kevin Durant",3202,401070997,"2019",1,14.3178210632764,0,"Midrange",27,0,0,0,0
"3261","Kevin Durant",3202,401070997,"2019",1,2,0,"Close",28,1,0,0,1
"3262","Kevin Durant",3202,401070997,"2019",0,2.23606797749979,0,"Close",29,1,1,0,2
"3263","Kevin Durant",3202,401070997,"2019",1,28.1602556806574,0,"ThreePoint",30,0,1,1,2
"3264","Kevin Durant",3202,401070997,"2019",1,23.1948270094864,0,"ThreePoint",31,1,0,1,2
"3265","Kevin Durant",3202,401071192,"2019",1,19.8494332412792,0,"Midrange",1,NA,NA,NA,NA
"3266","Kevin Durant",3202,401071192,"2019",1,5,0,"Close",2,1,NA,NA,NA
"3267","Kevin Durant",3202,401071192,"2019",0,19.6977156035922,0,"Midrange",3,1,1,NA,NA
"3268","Kevin Durant",3202,401071192,"2019",1,16,0,"Midrange",4,0,1,1,2
"3269","Kevin Durant",3202,401071192,"2019",1,1.4142135623731,0,"Close",5,1,0,1,2
"3270","Kevin Durant",3202,401071192,"2019",0,8.94427190999916,0,"Midrange",6,1,1,0,2
"3271","Kevin Durant",3202,401071192,"2019",0,11.4017542509914,0,"Midrange",7,0,1,1,2
"3272","Kevin Durant",3202,401071192,"2019",0,26.8328157299975,0,"ThreePoint",8,0,0,1,1
"3273","Kevin Durant",3202,401071192,"2019",0,17.1172427686237,0,"Midrange",9,0,0,0,0
"3274","Kevin Durant",3202,401071192,"2019",1,2.23606797749979,0,"Close",10,0,0,0,0
"3275","Kevin Durant",3202,401071192,"2019",0,29.1547594742265,0,"ThreePoint",11,1,0,0,1
"3276","Kevin Durant",3202,401071192,"2019",1,13.0384048104053,0,"Midrange",12,0,1,0,1
"3277","Kevin Durant",3202,401071192,"2019",1,18.4390889145858,0,"Midrange",13,1,0,1,2
"3278","Kevin Durant",3202,401071192,"2019",0,4.24264068711928,0,"Close",14,1,1,0,2
"3279","Kevin Durant",3202,401071192,"2019",0,28.4429253066558,0,"ThreePoint",15,0,1,1,2
"3280","Kevin Durant",3202,401071192,"2019",1,3,0,"Close",16,0,0,1,1
"3281","Kevin Durant",3202,401071192,"2019",0,17.0293863659264,0,"Midrange",17,1,0,0,1
"3282","Kevin Durant",3202,401071192,"2019",0,27.459060435492,0,"ThreePoint",18,0,1,0,1
"3283","Kevin Durant",3202,401071192,"2019",1,27.2946881279124,0,"ThreePoint",19,0,0,1,1
"3284","Kevin Durant",3202,401071192,"2019",0,26.4007575648882,0,"ThreePoint",20,1,0,0,1
"3285","Kevin Durant",3202,401071192,"2019",1,3,0,"Close",21,0,1,0,1
"3286","Kevin Durant",3202,401071192,"2019",1,27.459060435492,0,"ThreePoint",22,1,0,1,2
"3287","Kevin Durant",3202,401071192,"2019",0,13.0384048104053,0,"Midrange",23,1,1,0,2
"3288","Kevin Durant",3202,401071241,"2019",1,15.556349186104,0,"Midrange",1,NA,NA,NA,NA
"3289","Kevin Durant",3202,401071241,"2019",1,29.2061637330205,0,"ThreePoint",2,1,NA,NA,NA
"3290","Kevin Durant",3202,401071241,"2019",0,14.3178210632764,0,"Midrange",3,1,1,NA,NA
"3291","Kevin Durant",3202,401071241,"2019",1,1.4142135623731,0,"Close",4,0,1,1,2
"3292","Kevin Durant",3202,401071241,"2019",1,2.23606797749979,0,"Close",5,1,0,1,2
"3293","Kevin Durant",3202,401071241,"2019",0,28.3196045170126,0,"ThreePoint",6,1,1,0,2
"3294","Kevin Durant",3202,401071241,"2019",0,12.369316876853,0,"Midrange",7,0,1,1,2
"3295","Kevin Durant",3202,401071241,"2019",1,3,0,"Close",8,0,0,1,1
"3296","Kevin Durant",3202,401071241,"2019",1,19.1049731745428,0,"Midrange",9,1,0,0,1
"3297","Kevin Durant",3202,401071241,"2019",0,20.591260281974,0,"Midrange",10,1,1,0,2
"3298","Kevin Durant",3202,401071241,"2019",0,13,0,"Midrange",11,0,1,1,2
"3299","Kevin Durant",3202,401071241,"2019",0,20.6155281280883,0,"Midrange",12,0,0,1,1
"3300","Kevin Durant",3202,401071241,"2019",0,17.0880074906351,0,"Midrange",13,0,0,0,0
"3301","Kevin Durant",3202,401071241,"2019",0,3,0,"Close",14,0,0,0,0
"3302","Kevin Durant",3202,401071241,"2019",1,3.60555127546399,0,"Close",15,0,0,0,0
"3303","Kevin Durant",3202,401071241,"2019",1,17.8044938147649,0,"Midrange",16,1,0,0,1
"3304","Kevin Durant",3202,401071241,"2019",0,29.2061637330205,0,"ThreePoint",17,1,1,0,2
"3305","Kevin Durant",3202,401071241,"2019",0,13,0,"Midrange",18,0,1,1,2
"3306","Kevin Durant",3202,401071241,"2019",1,12.369316876853,0,"Midrange",19,0,0,1,1
"3307","Kevin Durant",3202,401071241,"2019",1,12.0830459735946,0,"Midrange",20,1,0,0,1
"3308","Kevin Durant",3202,401071241,"2019",0,27,0,"ThreePoint",21,1,1,0,2
"3309","Kevin Durant",3202,401071241,"2019",0,12.0830459735946,0,"Midrange",22,0,1,1,2
"3310","Kevin Durant",3202,401071241,"2019",0,30.886890422961,0,"ThreePoint",23,0,0,1,1
"3311","Kevin Durant",3202,401071852,"2019",1,24.7588368062799,0,"ThreePoint",1,NA,NA,NA,NA
"3312","Kevin Durant",3202,401071852,"2019",1,26.0768096208106,0,"ThreePoint",2,1,NA,NA,NA
"3313","Kevin Durant",3202,401071852,"2019",1,1,0,"Close",3,1,1,NA,NA
"3314","Kevin Durant",3202,401071852,"2019",1,25.0798724079689,1,"ThreePoint",4,1,1,1,3
"3315","Kevin Durant",3202,401071852,"2019",0,29.9666481275434,1,"ThreePoint",5,1,1,1,3
"3316","Kevin Durant",3202,401071852,"2019",0,18,0,"Midrange",6,0,1,1,2
"3317","Kevin Durant",3202,401071852,"2019",1,1,0,"Close",7,0,0,1,1
"3318","Kevin Durant",3202,401585131,"2024",1,1,0,"Close",1,NA,NA,NA,NA
"3319","Kevin Durant",3202,401585131,"2024",0,16.4012194668567,0,"Midrange",2,1,NA,NA,NA
"3320","Kevin Durant",3202,401585131,"2024",0,12.6491106406735,0,"Midrange",3,0,1,NA,NA
"3321","Kevin Durant",3202,401585131,"2024",0,11.7046999107196,0,"Midrange",4,0,0,1,1
"3322","Kevin Durant",3202,401585131,"2024",1,10.1980390271856,0,"Midrange",5,0,0,0,0
"3323","Kevin Durant",3202,401585131,"2024",0,27.8926513619627,0,"ThreePoint",6,1,0,0,1
"3324","Kevin Durant",3202,401585131,"2024",0,13,0,"Midrange",7,0,1,0,1
"3325","Kevin Durant",3202,401585131,"2024",1,17.8044938147649,0,"Midrange",8,0,0,1,1
"3326","Kevin Durant",3202,401585131,"2024",1,12.369316876853,0,"Midrange",9,1,0,0,1
"3327","Kevin Durant",3202,401585131,"2024",0,3.16227766016838,0,"Close",10,1,1,0,2
"3328","Kevin Durant",3202,401585131,"2024",1,3,0,"Close",11,0,1,1,2
"3329","Kevin Durant",3202,401585131,"2024",1,4.47213595499958,0,"Close",12,1,0,1,2
"3330","Kevin Durant",3202,401585131,"2024",1,9.21954445729289,0,"Midrange",13,1,1,0,2
"3331","Kevin Durant",3202,401585131,"2024",0,9.8488578017961,1,"Midrange",14,1,1,1,3
"3332","Kevin Durant",3202,401585131,"2024",0,11.6619037896906,0,"Midrange",15,0,1,1,2
"3333","Kevin Durant",3202,401585131,"2024",0,14.142135623731,0,"Midrange",16,0,0,1,1
"3334","Kevin Durant",3202,401585131,"2024",0,14.142135623731,0,"Midrange",17,0,0,0,0
"3335","Kevin Durant",3202,401585131,"2024",1,19.2353840616713,0,"Midrange",18,0,0,0,0
"3336","Kevin Durant",3202,401585131,"2024",0,15.8113883008419,0,"Midrange",19,1,0,0,1
"3337","Kevin Durant",3202,401585131,"2024",1,1.4142135623731,0,"Close",20,0,1,0,1
"3338","Kevin Durant",3202,401585131,"2024",1,12.0415945787923,0,"Midrange",21,1,0,1,2
"3339","Kevin Durant",3202,401585131,"2024",1,13.3416640641263,0,"Midrange",22,1,1,0,2
"3340","Kevin Durant",3202,401585131,"2024",0,17.0293863659264,1,"Midrange",23,1,1,1,3
"3341","Kevin Durant",3202,401585697,"2024",1,26.0768096208106,0,"ThreePoint",1,NA,NA,NA,NA
"3342","Kevin Durant",3202,401585697,"2024",0,26.2488094968134,0,"ThreePoint",2,1,NA,NA,NA
"3343","Kevin Durant",3202,401585697,"2024",1,10.0498756211209,0,"Midrange",3,0,1,NA,NA
"3344","Kevin Durant",3202,401585697,"2024",0,9.21954445729289,0,"Midrange",4,1,0,1,2
"3345","Kevin Durant",3202,401585697,"2024",1,7.61577310586391,0,"Close",5,0,1,0,1
"3346","Kevin Durant",3202,401585697,"2024",1,11.4017542509914,0,"Midrange",6,1,0,1,2
"3347","Kevin Durant",3202,401585697,"2024",1,2,0,"Close",7,1,1,0,2
"3348","Kevin Durant",3202,401585697,"2024",0,11.4017542509914,1,"Midrange",8,1,1,1,3
"3349","Kevin Durant",3202,401585697,"2024",1,2.82842712474619,0,"Close",9,0,1,1,2
"3350","Kevin Durant",3202,401585697,"2024",0,8.54400374531753,0,"Midrange",10,1,0,1,2
"3351","Kevin Durant",3202,401585697,"2024",0,25,0,"ThreePoint",11,0,1,0,1
"3352","Kevin Durant",3202,401585697,"2024",0,6.70820393249937,0,"Close",12,0,0,1,1
"3353","Kevin Durant",3202,401585697,"2024",1,25.2388589282479,0,"ThreePoint",13,0,0,0,0
"3354","Kevin Durant",3202,401585697,"2024",1,25.9615099714943,0,"ThreePoint",14,1,0,0,1
"3355","Kevin Durant",3202,401585697,"2024",1,26,0,"ThreePoint",15,1,1,0,2
"3356","Kevin Durant",3202,401585697,"2024",0,23.0867927612304,1,"ThreePoint",16,1,1,1,3
"3357","Kevin Durant",3202,401585697,"2024",1,1,0,"Close",17,0,1,1,2
"3358","Khris Middleton",6609,400974443,"2018",0,25.4558441227157,0,"ThreePoint",1,NA,NA,NA,NA
"3359","Khris Middleton",6609,400974443,"2018",1,1,0,"Close",2,0,NA,NA,NA
"3360","Khris Middleton",6609,400974443,"2018",0,26.9258240356725,0,"ThreePoint",3,1,0,NA,NA
"3361","Khris Middleton",6609,400974443,"2018",1,1,0,"Close",4,0,1,0,1
"3362","Khris Middleton",6609,400974443,"2018",0,23.3452350598575,0,"ThreePoint",5,1,0,1,2
"3363","Khris Middleton",6609,400974443,"2018",0,13.1529464379659,0,"Midrange",6,0,1,0,1
"3364","Khris Middleton",6609,400974443,"2018",0,3,0,"Close",7,0,0,1,1
"3365","Khris Middleton",6609,400974443,"2018",0,26.8328157299975,0,"ThreePoint",8,0,0,0,0
"3366","Khris Middleton",6609,400974443,"2018",1,2,0,"Close",9,0,0,0,0
"3367","Khris Middleton",6609,400974443,"2018",0,26.2488094968134,0,"ThreePoint",10,1,0,0,1
"3368","Khris Middleton",6609,400975386,"2018",1,10.770329614269,0,"Midrange",1,NA,NA,NA,NA
"3369","Khris Middleton",6609,400975386,"2018",1,1,0,"Close",2,1,NA,NA,NA
"3370","Khris Middleton",6609,400975386,"2018",0,7.61577310586391,0,"Close",3,1,1,NA,NA
"3371","Khris Middleton",6609,400975386,"2018",1,19.2353840616713,0,"Midrange",4,0,1,1,2
"3372","Khris Middleton",6609,400975386,"2018",0,15.0332963783729,0,"Midrange",5,1,0,1,2
"3373","Khris Middleton",6609,400975386,"2018",1,14.3178210632764,0,"Midrange",6,0,1,0,1
"3374","Khris Middleton",6609,400975386,"2018",0,4,0,"Close",7,1,0,1,2
"3375","Khris Middleton",6609,400975386,"2018",0,16.5529453572468,0,"Midrange",8,0,1,0,1
"3376","Khris Middleton",6609,400975386,"2018",1,2,0,"Close",9,0,0,1,1
"3377","Khris Middleton",6609,400975386,"2018",0,12.2065556157337,0,"Midrange",10,1,0,0,1
"3378","Khris Middleton",6609,400975386,"2018",1,10.0498756211209,0,"Midrange",11,0,1,0,1
"3379","Khris Middleton",6609,400975386,"2018",1,21.6333076527839,0,"Midrange",12,1,0,1,2
"3380","Khris Middleton",6609,400975386,"2018",1,1.4142135623731,0,"Close",13,1,1,0,2
"3381","Khris Middleton",6609,400975386,"2018",0,23.0217288664427,1,"ThreePoint",14,1,1,1,3
"3382","Khris Middleton",6609,400975386,"2018",0,4.12310562561766,0,"Close",15,0,1,1,2
"3383","Khris Middleton",6609,400975386,"2018",1,1,0,"Close",16,0,0,1,1
"3384","Khris Middleton",6609,401071154,"2019",0,27.0739727413618,0,"ThreePoint",1,NA,NA,NA,NA
"3385","Khris Middleton",6609,401071154,"2019",1,9,0,"Midrange",2,0,NA,NA,NA
"3386","Khris Middleton",6609,401071154,"2019",1,0,0,"Close",3,1,0,NA,NA
"3387","Khris Middleton",6609,401071154,"2019",1,27.0185121722126,0,"ThreePoint",4,1,1,0,2
"3388","Khris Middleton",6609,401071154,"2019",1,9.89949493661167,1,"Midrange",5,1,1,1,3
"3389","Khris Middleton",6609,401071154,"2019",0,12.2065556157337,1,"Midrange",6,1,1,1,3
"3390","Khris Middleton",6609,401071154,"2019",0,25.9422435421457,0,"ThreePoint",7,0,1,1,2
"3391","Khris Middleton",6609,401071154,"2019",0,3.60555127546399,0,"Close",8,0,0,1,1
"3392","Khris Middleton",6609,401071154,"2019",1,2.23606797749979,0,"Close",9,0,0,0,0
"3393","Khris Middleton",6609,401071154,"2019",1,25.8069758011279,0,"ThreePoint",10,1,0,0,1
"3394","Khris Middleton",6609,401071154,"2019",1,24.8394846967484,0,"ThreePoint",11,1,1,0,2
"3395","Khris Middleton",6609,401071154,"2019",0,22.0227155455452,1,"ThreePoint",12,1,1,1,3
"3396","Khris Middleton",6609,401071154,"2019",0,27.0739727413618,0,"ThreePoint",13,0,1,1,2
"3397","Khris Middleton",6609,401071154,"2019",0,4,0,"Close",14,0,0,1,1
"3398","Khris Middleton",6609,401071154,"2019",0,14.8660687473185,0,"Midrange",15,0,0,0,0
"3399","Khris Middleton",6609,401071154,"2019",0,17,0,"Midrange",16,0,0,0,0
"3400","Khris Middleton",6609,401071154,"2019",1,26.4007575648882,0,"ThreePoint",17,0,0,0,0
"3401","Khris Middleton",6609,401071154,"2019",0,19.2093727122985,0,"Midrange",18,1,0,0,1
"3402","Khris Middleton",6609,401071154,"2019",0,27.7308492477241,0,"ThreePoint",19,0,1,0,1
"3403","Khris Middleton",6609,401071154,"2019",0,23.1948270094864,0,"ThreePoint",20,0,0,1,1
"3404","Klay Thompson",6475,401070805,"2019",0,23.7697286480094,0,"ThreePoint",1,NA,NA,NA,NA
"3405","Klay Thompson",6475,401070805,"2019",1,16.9705627484771,0,"Midrange",2,0,NA,NA,NA
"3406","Klay Thompson",6475,401070805,"2019",1,33.6005952328229,0,"ThreePoint",3,1,0,NA,NA
"3407","Klay Thompson",6475,401070805,"2019",1,17.7200451466693,0,"Midrange",4,1,1,0,2
"3408","Klay Thompson",6475,401070805,"2019",0,18.7882942280559,1,"Midrange",5,1,1,1,3
"3409","Klay Thompson",6475,401070805,"2019",0,26.4007575648882,0,"ThreePoint",6,0,1,1,2
"3410","Klay Thompson",6475,401070805,"2019",1,24.6981780704569,0,"ThreePoint",7,0,0,1,1
"3411","Klay Thompson",6475,401070805,"2019",0,13.4164078649987,0,"Midrange",8,1,0,0,1
"3412","Klay Thompson",6475,401070805,"2019",0,12.1655250605964,0,"Midrange",9,0,1,0,1
"3413","Klay Thompson",6475,401070805,"2019",1,11.6619037896906,0,"Midrange",10,0,0,1,1
"3414","Klay Thompson",6475,401070805,"2019",0,30.8058436014987,0,"ThreePoint",11,1,0,0,1
"3415","Klay Thompson",6475,401070805,"2019",1,18.0277563773199,0,"Midrange",12,0,1,0,1
"3416","Klay Thompson",6475,401070805,"2019",1,26.4196896272458,0,"ThreePoint",13,1,0,1,2
"3417","Klay Thompson",6475,401070805,"2019",0,26.0768096208106,0,"ThreePoint",14,1,1,0,2
"3418","Klay Thompson",6475,401070805,"2019",1,26.4007575648882,0,"ThreePoint",15,0,1,1,2
"3419","Klay Thompson",6475,401070805,"2019",1,3.16227766016838,0,"Close",16,1,0,1,2
"3420","Klay Thompson",6475,401070805,"2019",0,24.8394846967484,0,"ThreePoint",17,1,1,0,2
"3421","Klay Thompson",6475,401070997,"2019",1,11.4017542509914,0,"Midrange",1,NA,NA,NA,NA
"3422","Klay Thompson",6475,401070997,"2019",1,12.1655250605964,0,"Midrange",2,1,NA,NA,NA
"3423","Klay Thompson",6475,401070997,"2019",0,18.8679622641132,0,"Midrange",3,1,1,NA,NA
"3424","Klay Thompson",6475,401070997,"2019",0,30.886890422961,0,"ThreePoint",4,0,1,1,2
"3425","Klay Thompson",6475,401070997,"2019",1,17.0293863659264,0,"Midrange",5,0,0,1,1
"3426","Klay Thompson",6475,401070997,"2019",1,24.8394846967484,0,"ThreePoint",6,1,0,0,1
"3427","Klay Thompson",6475,401070997,"2019",1,15.6524758424985,0,"Midrange",7,1,1,0,2
"3428","Klay Thompson",6475,401070997,"2019",1,1.4142135623731,1,"Close",8,1,1,1,3
"3429","Klay Thompson",6475,401070997,"2019",1,27.2946881279124,1,"ThreePoint",9,1,1,1,3
"3430","Klay Thompson",6475,401070997,"2019",1,26.6270539113887,1,"ThreePoint",10,1,1,1,3
"3431","Klay Thompson",6475,401070997,"2019",0,9.8488578017961,1,"Midrange",11,1,1,1,3
"3432","Klay Thompson",6475,401070997,"2019",0,23.0217288664427,0,"ThreePoint",12,0,1,1,2
"3433","Klay Thompson",6475,401070997,"2019",0,27.8028775489157,0,"ThreePoint",13,0,0,1,1
"3434","Klay Thompson",6475,401070997,"2019",0,5.3851648071345,0,"Close",14,0,0,0,0
"3435","Klay Thompson",6475,401070997,"2019",1,8.06225774829855,0,"Midrange",15,0,0,0,0
"3436","Klay Thompson",6475,401070997,"2019",0,18.3575597506858,0,"Midrange",16,1,0,0,1
"3437","Klay Thompson",6475,401070997,"2019",0,23.3452350598575,0,"ThreePoint",17,0,1,0,1
"3438","Klay Thompson",6475,401070997,"2019",0,27.8926513619627,0,"ThreePoint",18,0,0,1,1
"3439","Klay Thompson",6475,401070997,"2019",0,27.2946881279124,0,"ThreePoint",19,0,0,0,0
"3440","Klay Thompson",6475,401070997,"2019",0,20.0249843945008,0,"Midrange",20,0,0,0,0
"3441","Klay Thompson",6475,401071192,"2019",1,2,0,"Close",1,NA,NA,NA,NA
"3442","Klay Thompson",6475,401071192,"2019",1,25,0,"ThreePoint",2,1,NA,NA,NA
"3443","Klay Thompson",6475,401071192,"2019",0,12.369316876853,0,"Midrange",3,1,1,NA,NA
"3444","Klay Thompson",6475,401071192,"2019",0,15.8113883008419,0,"Midrange",4,0,1,1,2
"3445","Klay Thompson",6475,401071192,"2019",1,17.1172427686237,0,"Midrange",5,0,0,1,1
"3446","Klay Thompson",6475,401071192,"2019",0,22.0227155455452,0,"ThreePoint",6,1,0,0,1
"3447","Klay Thompson",6475,401071192,"2019",0,18.4390889145858,0,"Midrange",7,0,1,0,1
"3448","Klay Thompson",6475,401071192,"2019",0,18.7882942280559,0,"Midrange",8,0,0,1,1
"3449","Klay Thompson",6475,401071192,"2019",0,14.3178210632764,0,"Midrange",9,0,0,0,0
"3450","Klay Thompson",6475,401071192,"2019",0,24.3310501211929,0,"ThreePoint",10,0,0,0,0
"3451","Klay Thompson",6475,401071192,"2019",0,26.6833281282527,0,"ThreePoint",11,0,0,0,0
"3452","Klay Thompson",6475,401071192,"2019",1,8.24621125123532,0,"Midrange",12,0,0,0,0
"3453","Klay Thompson",6475,401071192,"2019",0,27.5862284482674,0,"ThreePoint",13,1,0,0,1
"3454","Klay Thompson",6475,401071192,"2019",0,23.3452350598575,0,"ThreePoint",14,0,1,0,1
"3455","Klay Thompson",6475,401071192,"2019",1,26.4007575648882,0,"ThreePoint",15,0,0,1,1
"3456","Klay Thompson",6475,401071192,"2019",0,28.4604989415154,0,"ThreePoint",16,1,0,0,1
"3457","Klay Thompson",6475,401071192,"2019",0,4.12310562561766,0,"Close",17,0,1,0,1
"3458","Klay Thompson",6475,401071192,"2019",0,26.1725046566048,0,"ThreePoint",18,0,0,1,1
"3459","Klay Thompson",6475,401071192,"2019",1,2,0,"Close",19,0,0,0,0
"3460","Klay Thompson",6475,401071241,"2019",0,29.1547594742265,0,"ThreePoint",1,NA,NA,NA,NA
"3461","Klay Thompson",6475,401071241,"2019",1,2,0,"Close",2,0,NA,NA,NA
"3462","Klay Thompson",6475,401071241,"2019",1,20.0997512422418,0,"Midrange",3,1,0,NA,NA
"3463","Klay Thompson",6475,401071241,"2019",1,2.82842712474619,0,"Close",4,1,1,0,2
"3464","Klay Thompson",6475,401071241,"2019",1,2,1,"Close",5,1,1,1,3
"3465","Klay Thompson",6475,401071241,"2019",1,21.3775583264319,1,"Midrange",6,1,1,1,3
"3466","Klay Thompson",6475,401071241,"2019",0,26.2488094968134,1,"ThreePoint",7,1,1,1,3
"3467","Klay Thompson",6475,401071241,"2019",0,11.0453610171873,0,"Midrange",8,0,1,1,2
"3468","Klay Thompson",6475,401071241,"2019",1,23.7697286480094,0,"ThreePoint",9,0,0,1,1
"3469","Klay Thompson",6475,401071241,"2019",1,23.5372045918796,0,"ThreePoint",10,1,0,0,1
"3470","Klay Thompson",6475,401071241,"2019",1,24.3515913237718,0,"ThreePoint",11,1,1,0,2
"3471","Klay Thompson",6475,401071241,"2019",0,12.8062484748657,1,"Midrange",12,1,1,1,3
"3472","Klay Thompson",6475,401071241,"2019",0,2,0,"Close",13,0,1,1,2
"3473","Klay Thompson",6475,401071241,"2019",0,15.2970585407784,0,"Midrange",14,0,0,1,1
"3474","Klay Thompson",6475,401071241,"2019",0,26.9072480941474,0,"ThreePoint",15,0,0,0,0
"3475","Klay Thompson",6475,401071241,"2019",1,27.5862284482674,0,"ThreePoint",16,0,0,0,0
"3476","Klay Thompson",6475,401071241,"2019",0,28.2311884269862,0,"ThreePoint",17,1,0,0,1
"3477","Klay Thompson",6475,401071241,"2019",1,16.0312195418814,0,"Midrange",18,0,1,0,1
"3478","Klay Thompson",6475,401071241,"2019",0,16.4012194668567,0,"Midrange",19,1,0,1,2
"3479","Klay Thompson",6475,401071241,"2019",1,2.23606797749979,0,"Close",20,0,1,0,1
"3480","Klay Thompson",6475,401071852,"2019",1,26.2488094968134,0,"ThreePoint",1,NA,NA,NA,NA
"3481","Klay Thompson",6475,401071852,"2019",0,25.8069758011279,0,"ThreePoint",2,1,NA,NA,NA
"3482","Klay Thompson",6475,401071852,"2019",1,24.3310501211929,0,"ThreePoint",3,0,1,NA,NA
"3483","Klay Thompson",6475,401071852,"2019",0,25.8069758011279,0,"ThreePoint",4,1,0,1,2
"3484","Klay Thompson",6475,401071852,"2019",0,13,0,"Midrange",5,0,1,0,1
"3485","Klay Thompson",6475,401071852,"2019",0,23.0867927612304,0,"ThreePoint",6,0,0,1,1
"3486","Klay Thompson",6475,401071852,"2019",1,25.4950975679639,0,"ThreePoint",7,0,0,0,0
"3487","Klay Thompson",6475,401071852,"2019",0,25.4950975679639,0,"ThreePoint",8,1,0,0,1
"3488","Klay Thompson",6475,401071852,"2019",0,22.2036033111745,0,"ThreePoint",9,0,1,0,1
"3489","Klay Thompson",6475,401071852,"2019",0,17,0,"Midrange",10,0,0,1,1
"3490","Klay Thompson",6475,401071852,"2019",0,17.464249196573,0,"Midrange",11,0,0,0,0
"3491","Klay Thompson",6475,401468514,"2023",0,9.05538513813742,0,"Midrange",1,NA,NA,NA,NA
"3492","Klay Thompson",6475,401468514,"2023",1,26.1725046566048,0,"ThreePoint",2,0,NA,NA,NA
"3493","Klay Thompson",6475,401468514,"2023",0,26.1725046566048,0,"ThreePoint",3,1,0,NA,NA
"3494","Klay Thompson",6475,401468514,"2023",1,28.6006992921502,0,"ThreePoint",4,0,1,0,1
"3495","Klay Thompson",6475,401468514,"2023",0,26.1725046566048,0,"ThreePoint",5,1,0,1,2
"3496","Klay Thompson",6475,401468514,"2023",0,0,0,"Close",6,0,1,0,1
"3497","Klay Thompson",6475,401468514,"2023",1,26.4007575648882,0,"ThreePoint",7,0,0,1,1
"3498","Klay Thompson",6475,401468514,"2023",1,26.4007575648882,0,"ThreePoint",8,1,0,0,1
"3499","Klay Thompson",6475,401468514,"2023",1,26.8328157299975,0,"ThreePoint",9,1,1,0,2
"3500","Klay Thompson",6475,401468514,"2023",0,4.47213595499958,1,"Close",10,1,1,1,3
"3501","Klay Thompson",6475,401468514,"2023",0,24.0831891575846,0,"ThreePoint",11,0,1,1,2
"3502","Klay Thompson",6475,401468514,"2023",1,16.1245154965971,0,"Midrange",12,0,0,1,1
"3503","Klay Thompson",6475,401468514,"2023",0,6.70820393249937,0,"Close",13,1,0,0,1
"3504","Klay Thompson",6475,401468514,"2023",0,24.6981780704569,0,"ThreePoint",14,0,1,0,1
"3505","Klay Thompson",6475,401468514,"2023",0,27.2029410174709,0,"ThreePoint",15,0,0,1,1
"3506","Klay Thompson",6475,401468514,"2023",1,26.4007575648882,0,"ThreePoint",16,0,0,0,0
"3507","Klay Thompson",6475,401468514,"2023",0,25.9422435421457,0,"ThreePoint",17,1,0,0,1
"3508","Klay Thompson",6475,401468514,"2023",0,25.4950975679639,0,"ThreePoint",18,0,1,0,1
"3509","Klay Thompson",6475,401468514,"2023",0,27.2029410174709,0,"ThreePoint",19,0,0,1,1
"3510","Klay Thompson",6475,401468514,"2023",1,23.1948270094864,0,"ThreePoint",20,0,0,0,0
"3511","Klay Thompson",6475,401468514,"2023",1,27.7848879788996,0,"ThreePoint",21,1,0,0,1
"3512","Klay Thompson",6475,401468514,"2023",0,10.0498756211209,0,"Midrange",22,1,1,0,2
"3513","Klay Thompson",6475,401468514,"2023",0,6.70820393249937,0,"Close",23,0,1,1,2
"3514","Klay Thompson",6475,401468805,"2023",1,26.0768096208106,0,"ThreePoint",1,NA,NA,NA,NA
"3515","Klay Thompson",6475,401468805,"2023",0,25.0798724079689,0,"ThreePoint",2,1,NA,NA,NA
"3516","Klay Thompson",6475,401468805,"2023",0,3.16227766016838,0,"Close",3,0,1,NA,NA
"3517","Klay Thompson",6475,401468805,"2023",0,25.8069758011279,0,"ThreePoint",4,0,0,1,1
"3518","Klay Thompson",6475,401468805,"2023",0,27.5862284482674,0,"ThreePoint",5,0,0,0,0
"3519","Klay Thompson",6475,401468805,"2023",1,25.4950975679639,0,"ThreePoint",6,0,0,0,0
"3520","Klay Thompson",6475,401468805,"2023",0,18.8679622641132,0,"Midrange",7,1,0,0,1
"3521","Klay Thompson",6475,401468805,"2023",1,23.0217288664427,0,"ThreePoint",8,0,1,0,1
"3522","Klay Thompson",6475,401468805,"2023",1,29.9666481275434,0,"ThreePoint",9,1,0,1,2
"3523","Klay Thompson",6475,401468805,"2023",1,25.5538646783613,0,"ThreePoint",10,1,1,0,2
"3524","Klay Thompson",6475,401468805,"2023",0,28.6006992921502,1,"ThreePoint",11,1,1,1,3
"3525","Klay Thompson",6475,401468805,"2023",1,26.2488094968134,0,"ThreePoint",12,0,1,1,2
"3526","Klay Thompson",6475,401468805,"2023",0,1,0,"Close",13,1,0,1,2
"3527","Klay Thompson",6475,401468805,"2023",0,23.1948270094864,0,"ThreePoint",14,0,1,0,1
"3528","Klay Thompson",6475,401468805,"2023",0,20.2484567313166,0,"Midrange",15,0,0,1,1
"3529","Klay Thompson",6475,401468805,"2023",1,24.8394846967484,0,"ThreePoint",16,0,0,0,0
"3530","Klay Thompson",6475,401468805,"2023",0,17.0880074906351,0,"Midrange",17,1,0,0,1
"3531","Klay Thompson",6475,401468805,"2023",0,25.6124969497314,0,"ThreePoint",18,0,1,0,1
"3532","Klay Thompson",6475,401468805,"2023",1,25.6124969497314,0,"ThreePoint",19,0,0,1,1
"3533","Klay Thompson",6475,401468805,"2023",1,15.6204993518133,0,"Midrange",20,1,0,0,1
"3534","Klay Thompson",6475,401468805,"2023",0,26.9072480941474,0,"ThreePoint",21,1,1,0,2
"3535","Klay Thompson",6475,401469290,"2023",0,19.4164878389476,0,"Midrange",1,NA,NA,NA,NA
"3536","Klay Thompson",6475,401469290,"2023",0,12.0415945787923,0,"Midrange",2,0,NA,NA,NA
"3537","Klay Thompson",6475,401469290,"2023",0,17.464249196573,0,"Midrange",3,0,0,NA,NA
"3538","Klay Thompson",6475,401469290,"2023",1,2.23606797749979,0,"Close",4,0,0,0,0
"3539","Klay Thompson",6475,401469290,"2023",0,27.2029410174709,0,"ThreePoint",5,1,0,0,1
"3540","Klay Thompson",6475,401469290,"2023",1,26.6270539113887,0,"ThreePoint",6,0,1,0,1
"3541","Klay Thompson",6475,401469290,"2023",0,23.0867927612304,0,"ThreePoint",7,1,0,1,2
"3542","Klay Thompson",6475,401469290,"2023",1,23.3452350598575,0,"ThreePoint",8,0,1,0,1
"3543","Klay Thompson",6475,401469290,"2023",0,11.1803398874989,0,"Midrange",9,1,0,1,2
"3544","Klay Thompson",6475,401469290,"2023",0,26.1725046566048,0,"ThreePoint",10,0,1,0,1
"3545","Klay Thompson",6475,401469290,"2023",0,27.0185121722126,0,"ThreePoint",11,0,0,1,1
"3546","Klay Thompson",6475,401469290,"2023",1,25.4950975679639,0,"ThreePoint",12,0,0,0,0
"3547","Klay Thompson",6475,401469290,"2023",1,25.8069758011279,0,"ThreePoint",13,1,0,0,1
"3548","Klay Thompson",6475,401469290,"2023",0,29.0172362570938,0,"ThreePoint",14,1,1,0,2
"3549","Klay Thompson",6475,401469290,"2023",0,26.8700576850888,0,"ThreePoint",15,0,1,1,2
"3550","Klay Thompson",6475,401469290,"2023",1,30.886890422961,0,"ThreePoint",16,0,0,1,1
"3551","Klay Thompson",6475,401585278,"2024",0,16.4012194668567,0,"Midrange",1,NA,NA,NA,NA
"3552","Klay Thompson",6475,401585278,"2024",1,11,0,"Midrange",2,0,NA,NA,NA
"3553","Klay Thompson",6475,401585278,"2024",0,26.8700576850888,0,"ThreePoint",3,1,0,NA,NA
"3554","Klay Thompson",6475,401585278,"2024",0,7.07106781186548,0,"Close",4,0,1,0,1
"3555","Klay Thompson",6475,401585278,"2024",0,8,0,"Close",5,0,0,1,1
"3556","Klay Thompson",6475,401585278,"2024",0,33.2415402771893,0,"ThreePoint",6,0,0,0,0
"3557","Klay Thompson",6475,401585278,"2024",0,24.0416305603426,0,"ThreePoint",7,0,0,0,0
"3558","Klay Thompson",6475,401585278,"2024",0,30,0,"ThreePoint",8,0,0,0,0
"3559","Klay Thompson",6475,401585278,"2024",0,25.8069758011279,0,"ThreePoint",9,0,0,0,0
"3560","Klay Thompson",6475,401585278,"2024",0,6.40312423743285,0,"Close",10,0,0,0,0
"3561","Klay Thompson",6475,401585278,"2024",1,28.8444102037119,0,"ThreePoint",11,0,0,0,0
"3562","Klay Thompson",6475,401585278,"2024",1,25.9422435421457,0,"ThreePoint",12,1,0,0,1
"3563","Klay Thompson",6475,401585278,"2024",0,27.2029410174709,0,"ThreePoint",13,1,1,0,2
"3564","Klay Thompson",6475,401585278,"2024",1,28.6530975637888,0,"ThreePoint",14,0,1,1,2
"3565","Klay Thompson",6475,401585278,"2024",1,27.1661554144122,0,"ThreePoint",15,1,0,1,2
"3566","Klay Thompson",6475,401585278,"2024",1,18.0277563773199,0,"Midrange",16,1,1,0,2
"3567","Klay Thompson",6475,401585278,"2024",0,30.4138126514911,1,"ThreePoint",17,1,1,1,3
"3568","Klay Thompson",6475,401585278,"2024",1,5,0,"Close",18,0,1,1,2
"3569","Klay Thompson",6475,401585278,"2024",0,26.4196896272458,0,"ThreePoint",19,1,0,1,2
"3570","Klay Thompson",6475,401585278,"2024",1,27.459060435492,0,"ThreePoint",20,0,1,0,1
"3571","Klay Thompson",6475,401585278,"2024",0,26.9072480941474,0,"ThreePoint",21,1,0,1,2
"3572","Klay Thompson",6475,401585278,"2024",0,23.0217288664427,0,"ThreePoint",22,0,1,0,1
"3573","Klay Thompson",6475,401585278,"2024",1,25.4950975679639,0,"ThreePoint",23,0,0,1,1
"3574","Klay Thompson",6475,401585278,"2024",0,53.7587202228625,0,"ThreePoint",24,1,0,0,1
"3575","Kyle Lowry",3012,400827911,"2016",0,20.6155281280883,0,"Midrange",1,NA,NA,NA,NA
"3576","Kyle Lowry",3012,400827911,"2016",1,1.4142135623731,0,"Close",2,0,NA,NA,NA
"3577","Kyle Lowry",3012,400827911,"2016",0,21.4709105535839,0,"Midrange",3,1,0,NA,NA
"3578","Kyle Lowry",3012,400827911,"2016",0,1.4142135623731,0,"Close",4,0,1,0,1
"3579","Kyle Lowry",3012,400827911,"2016",0,2,0,"Close",5,0,0,1,1
"3580","Kyle Lowry",3012,400827911,"2016",1,2,0,"Close",6,0,0,0,0
"3581","Kyle Lowry",3012,400827911,"2016",0,26.8700576850888,0,"ThreePoint",7,1,0,0,1
"3582","Kyle Lowry",3012,400827911,"2016",1,1,0,"Close",8,0,1,0,1
"3583","Kyle Lowry",3012,400827911,"2016",0,2.23606797749979,0,"Close",9,1,0,1,2
"3584","Kyle Lowry",3012,400827911,"2016",0,21.540659228538,0,"Midrange",10,0,1,0,1
"3585","Kyle Lowry",3012,400827911,"2016",0,3,0,"Close",11,0,0,1,1
"3586","Kyle Lowry",3012,400974769,"2018",0,28.2311884269862,0,"ThreePoint",1,NA,NA,NA,NA
"3587","Kyle Lowry",3012,400974769,"2018",1,14.3178210632764,0,"Midrange",2,0,NA,NA,NA
"3588","Kyle Lowry",3012,400974769,"2018",0,15,0,"Midrange",3,1,0,NA,NA
"3589","Kyle Lowry",3012,400974769,"2018",0,26.6270539113887,0,"ThreePoint",4,0,1,0,1
"3590","Kyle Lowry",3012,400974769,"2018",1,26.3058928759318,0,"ThreePoint",5,0,0,1,1
"3591","Kyle Lowry",3012,400974769,"2018",1,1.4142135623731,0,"Close",6,1,0,0,1
"3592","Kyle Lowry",3012,400974769,"2018",1,2.23606797749979,0,"Close",7,1,1,0,2
"3593","Kyle Lowry",3012,400974904,"2018",1,1,0,"Close",1,NA,NA,NA,NA
"3594","Kyle Lowry",3012,400974904,"2018",0,26.0768096208106,0,"ThreePoint",2,1,NA,NA,NA
"3595","Kyle Lowry",3012,400974904,"2018",1,5.65685424949238,0,"Close",3,0,1,NA,NA
"3596","Kyle Lowry",3012,400974904,"2018",1,5.09901951359278,0,"Close",4,1,0,1,2
"3597","Kyle Lowry",3012,400974904,"2018",1,2.23606797749979,0,"Close",5,1,1,0,2
"3598","Kyle Lowry",3012,400974904,"2018",1,26.9258240356725,1,"ThreePoint",6,1,1,1,3
"3599","Kyle Lowry",3012,400974904,"2018",0,26.9258240356725,1,"ThreePoint",7,1,1,1,3
"3600","Kyle Lowry",3012,400974904,"2018",1,0,0,"Close",8,0,1,1,2
"3601","Kyle Lowry",3012,400974904,"2018",0,28.1780056072107,0,"ThreePoint",9,1,0,1,2
"3602","Kyle Lowry",3012,400974904,"2018",1,5.3851648071345,0,"Close",10,0,1,0,1
"3603","Kyle Lowry",3012,400974904,"2018",0,2.82842712474619,0,"Close",11,1,0,1,2
"3604","Kyle Lowry",3012,400974904,"2018",0,5.8309518948453,0,"Close",12,0,1,0,1
"3605","Kyle Lowry",3012,400974904,"2018",0,0,0,"Close",13,0,0,1,1
"3606","Kyle Lowry",3012,400975306,"2018",1,16.5529453572468,0,"Midrange",1,NA,NA,NA,NA
"3607","Kyle Lowry",3012,400975306,"2018",0,15.0332963783729,0,"Midrange",2,1,NA,NA,NA
"3608","Kyle Lowry",3012,400975306,"2018",1,3.16227766016838,0,"Close",3,0,1,NA,NA
"3609","Kyle Lowry",3012,400975306,"2018",0,26.1725046566048,0,"ThreePoint",4,1,0,1,2
"3610","Kyle Lowry",3012,400975306,"2018",0,26,0,"ThreePoint",5,0,1,0,1
"3611","Kyle Lowry",3012,400975306,"2018",0,8.94427190999916,0,"Midrange",6,0,0,1,1
"3612","Kyle Lowry",3012,400975306,"2018",0,24.0208242989286,0,"ThreePoint",7,0,0,0,0
"3613","Kyle Lowry",3012,400975306,"2018",0,23,0,"ThreePoint",8,0,0,0,0
"3614","Kyle Lowry",3012,400975306,"2018",0,20.6155281280883,0,"Midrange",9,0,0,0,0
"3615","Kyle Lowry",3012,400975306,"2018",0,22.561028345357,0,"ThreePoint",10,0,0,0,0
"3616","Kyle Lowry",3012,400975306,"2018",1,23.8537208837531,0,"ThreePoint",11,0,0,0,0
"3617","Kyle Lowry",3012,400975306,"2018",0,25.0599281722833,0,"ThreePoint",12,1,0,0,1
"3618","Kyle Lowry",3012,400975306,"2018",1,0,0,"Close",13,0,1,0,1
"3619","Kyle Lowry",3012,400975306,"2018",1,25.5538646783613,0,"ThreePoint",14,1,0,1,2
"3620","Kyrie Irving",6442,400975489,"2018",1,26,0,"ThreePoint",1,NA,NA,NA,NA
"3621","Kyrie Irving",6442,400975489,"2018",1,26.3058928759318,0,"ThreePoint",2,1,NA,NA,NA
"3622","Kyrie Irving",6442,400975489,"2018",1,6.40312423743285,0,"Close",3,1,1,NA,NA
"3623","Kyrie Irving",6442,400975489,"2018",1,1.4142135623731,1,"Close",4,1,1,1,3
"3624","Kyrie Irving",6442,400975489,"2018",1,2.82842712474619,1,"Close",5,1,1,1,3
"3625","Kyrie Irving",6442,400975489,"2018",0,26.2488094968134,1,"ThreePoint",6,1,1,1,3
"3626","Kyrie Irving",6442,400975489,"2018",1,2.23606797749979,0,"Close",7,0,1,1,2
"3627","Kyrie Irving",6442,400975489,"2018",1,3.60555127546399,0,"Close",8,1,0,1,2
"3628","Kyrie Irving",6442,400975489,"2018",0,9.4339811320566,0,"Midrange",9,1,1,0,2
"3629","Kyrie Irving",6442,400975489,"2018",0,1.4142135623731,0,"Close",10,0,1,1,2
"3630","Kyrie Irving",6442,400975489,"2018",0,28.6356421265527,0,"ThreePoint",11,0,0,1,1
"3631","Kyrie Irving",6442,400975489,"2018",1,2.23606797749979,0,"Close",12,0,0,0,0
"3632","Kyrie Irving",6442,400975489,"2018",1,1,0,"Close",13,1,0,0,1
"3633","Kyrie Irving",6442,400975489,"2018",0,15.8113883008419,0,"Midrange",14,1,1,0,2
"3634","Kyrie Irving",6442,400975489,"2018",1,3.60555127546399,0,"Close",15,0,1,1,2
"3635","Kyrie Irving",6442,400975489,"2018",1,2,0,"Close",16,1,0,1,2
"3636","Kyrie Irving",6442,400975489,"2018",0,9.4339811320566,0,"Midrange",17,1,1,0,2
"3637","Kyrie Irving",6442,401071154,"2019",0,15.2315462117278,0,"Midrange",1,NA,NA,NA,NA
"3638","Kyrie Irving",6442,401071154,"2019",0,17.0293863659264,0,"Midrange",2,0,NA,NA,NA
"3639","Kyrie Irving",6442,401071154,"2019",0,15.6524758424985,0,"Midrange",3,0,0,NA,NA
"3640","Kyrie Irving",6442,401071154,"2019",1,26.9258240356725,0,"ThreePoint",4,0,0,0,0
"3641","Kyrie Irving",6442,401071154,"2019",1,10.6301458127346,0,"Midrange",5,1,0,0,1
"3642","Kyrie Irving",6442,401071154,"2019",1,1,0,"Close",6,1,1,0,2
"3643","Kyrie Irving",6442,401071154,"2019",1,17.6918060129541,1,"Midrange",7,1,1,1,3
"3644","Kyrie Irving",6442,401071154,"2019",0,25.4558441227157,1,"ThreePoint",8,1,1,1,3
"3645","Kyrie Irving",6442,401071154,"2019",0,25.4950975679639,0,"ThreePoint",9,0,1,1,2
"3646","Kyrie Irving",6442,401071154,"2019",1,7.07106781186548,0,"Close",10,0,0,1,1
"3647","Kyrie Irving",6442,401071154,"2019",0,1,0,"Close",11,1,0,0,1
"3648","Kyrie Irving",6442,401071154,"2019",0,1.4142135623731,0,"Close",12,0,1,0,1
"3649","Kyrie Irving",6442,401071154,"2019",1,2.23606797749979,0,"Close",13,0,0,1,1
"3650","Kyrie Irving",6442,401071154,"2019",1,2,0,"Close",14,1,0,0,1
"3651","Kyrie Irving",6442,401071154,"2019",0,9.48683298050514,0,"Midrange",15,1,1,0,2
"3652","Kyrie Irving",6442,401071154,"2019",0,7.21110255092798,0,"Close",16,0,1,1,2
"3653","Kyrie Irving",6442,401071154,"2019",0,11.4017542509914,0,"Midrange",17,0,0,1,1
"3654","Kyrie Irving",6442,401071154,"2019",0,24.7588368062799,0,"ThreePoint",18,0,0,0,0
"3655","Kyrie Irving",6442,401071154,"2019",0,0,0,"Close",19,0,0,0,0
"3656","Kyrie Irving",6442,401071154,"2019",0,13.6014705087354,0,"Midrange",20,0,0,0,0
"3657","Kyrie Irving",6442,401469138,"2023",1,12.369316876853,0,"Midrange",1,NA,NA,NA,NA
"3658","Kyrie Irving",6442,401469138,"2023",0,24.6981780704569,0,"ThreePoint",2,1,NA,NA,NA
"3659","Kyrie Irving",6442,401469138,"2023",1,6.70820393249937,0,"Close",3,0,1,NA,NA
"3660","Kyrie Irving",6442,401469138,"2023",0,2.82842712474619,0,"Close",4,1,0,1,2
"3661","Kyrie Irving",6442,401469138,"2023",1,26.4007575648882,0,"ThreePoint",5,0,1,0,1
"3662","Kyrie Irving",6442,401469138,"2023",1,26,0,"ThreePoint",6,1,0,1,2
"3663","Kyrie Irving",6442,401469138,"2023",1,2.23606797749979,0,"Close",7,1,1,0,2
"3664","Kyrie Irving",6442,401469138,"2023",0,26.4196896272458,1,"ThreePoint",8,1,1,1,3
"3665","Kyrie Irving",6442,401469138,"2023",0,5.8309518948453,0,"Close",9,0,1,1,2
"3666","Kyrie Irving",6442,401469138,"2023",0,24.6981780704569,0,"ThreePoint",10,0,0,1,1
"3667","Kyrie Irving",6442,401469138,"2023",1,4.47213595499958,0,"Close",11,0,0,0,0
"3668","Kyrie Irving",6442,401469138,"2023",0,5,0,"Close",12,1,0,0,1
"3669","Kyrie Irving",6442,401469138,"2023",0,14.142135623731,0,"Midrange",13,0,1,0,1
"3670","Kyrie Irving",6442,401469138,"2023",1,19.8494332412792,0,"Midrange",14,0,0,1,1
"3671","Kyrie Irving",6442,401469138,"2023",1,14.0356688476182,0,"Midrange",15,1,0,0,1
"3672","Kyrie Irving",6442,401469138,"2023",1,2.82842712474619,0,"Close",16,1,1,0,2
"3673","Kyrie Irving",6442,401469138,"2023",1,26.2488094968134,1,"ThreePoint",17,1,1,1,3
"3674","Kyrie Irving",6442,401469138,"2023",0,26.9072480941474,1,"ThreePoint",18,1,1,1,3
"3675","Kyrie Irving",6442,401584833,"2024",0,17.0293863659264,0,"Midrange",1,NA,NA,NA,NA
"3676","Kyrie Irving",6442,401584833,"2024",0,20.2484567313166,0,"Midrange",2,0,NA,NA,NA
"3677","Kyrie Irving",6442,401584833,"2024",0,12.5299640861417,0,"Midrange",3,0,0,NA,NA
"3678","Kyrie Irving",6442,401584833,"2024",0,5.09901951359278,0,"Close",4,0,0,0,0
"3679","Kyrie Irving",6442,401584833,"2024",1,13.8924439894498,0,"Midrange",5,0,0,0,0
"3680","Kyrie Irving",6442,401584833,"2024",0,26.0768096208106,0,"ThreePoint",6,1,0,0,1
"3681","Kyrie Irving",6442,401584833,"2024",0,10.295630140987,0,"Midrange",7,0,1,0,1
"3682","Kyrie Irving",6442,401584833,"2024",0,27.2029410174709,0,"ThreePoint",8,0,0,1,1
"3683","Kyrie Irving",6442,401584833,"2024",1,0,0,"Close",9,0,0,0,0
"3684","Kyrie Irving",6442,401584833,"2024",1,2.82842712474619,0,"Close",10,1,0,0,1
"3685","Kyrie Irving",6442,401584833,"2024",1,7.81024967590665,0,"Close",11,1,1,0,2
"3686","Kyrie Irving",6442,401584833,"2024",1,0,1,"Close",12,1,1,1,3
"3687","Kyrie Irving",6442,401584833,"2024",0,25.0599281722833,1,"ThreePoint",13,1,1,1,3
"3688","Kyrie Irving",6442,401584833,"2024",1,13.6014705087354,0,"Midrange",14,0,1,1,2
"3689","Kyrie Irving",6442,401584833,"2024",0,2,0,"Close",15,1,0,1,2
"3690","Kyrie Irving",6442,401584833,"2024",0,25.4558441227157,0,"ThreePoint",16,0,1,0,1
"3691","Kyrie Irving",6442,401584833,"2024",1,25,0,"ThreePoint",17,0,0,1,1
"3692","Kyrie Irving",6442,401584833,"2024",1,2.82842712474619,0,"Close",18,1,0,0,1
"3693","Kyrie Irving",6442,401584833,"2024",1,15.0332963783729,0,"Midrange",19,1,1,0,2
"3694","Kyrie Irving",6442,401584833,"2024",1,25.8069758011279,1,"ThreePoint",20,1,1,1,3
"3695","Kyrie Irving",6442,401584833,"2024",1,6.08276253029822,1,"Close",21,1,1,1,3
"3696","Kyrie Irving",6442,401584833,"2024",1,8.94427190999916,1,"Midrange",22,1,1,1,3
"3697","Kyrie Irving",6442,401584833,"2024",0,25.6124969497314,1,"ThreePoint",23,1,1,1,3
"3698","Kyrie Irving",6442,401584833,"2024",1,2,0,"Close",24,0,1,1,2
"3699","Kyrie Irving",6442,401584833,"2024",1,7.07106781186548,0,"Close",25,1,0,1,2
"3700","Kyrie Irving",6442,401584833,"2024",1,24.5153013442625,0,"ThreePoint",26,1,1,0,2
"3701","Kyrie Irving",6442,401584833,"2024",0,26.0768096208106,1,"ThreePoint",27,1,1,1,3
"3702","Kyrie Irving",6442,401584833,"2024",1,1,0,"Close",28,0,1,1,2
"3703","Kyrie Irving",6442,401584833,"2024",0,26.0768096208106,0,"ThreePoint",29,1,0,1,2
"3704","LaMarcus Aldridge",2983,400827977,"2016",1,2.23606797749979,0,"Close",1,NA,NA,NA,NA
"3705","LaMarcus Aldridge",2983,400827977,"2016",1,16.5529453572468,0,"Midrange",2,1,NA,NA,NA
"3706","LaMarcus Aldridge",2983,400827977,"2016",0,22,0,"Midrange",3,1,1,NA,NA
"3707","LaMarcus Aldridge",2983,400827977,"2016",0,15.1327459504216,0,"Midrange",4,0,1,1,2
"3708","LaMarcus Aldridge",2983,400827977,"2016",1,13.9283882771841,0,"Midrange",5,0,0,1,1
"3709","LaMarcus Aldridge",2983,400827977,"2016",1,8.06225774829855,0,"Midrange",6,1,0,0,1
"3710","LaMarcus Aldridge",2983,400827977,"2016",1,18.0277563773199,0,"Midrange",7,1,1,0,2
"3711","LaMarcus Aldridge",2983,400827977,"2016",0,19,1,"Midrange",8,1,1,1,3
"3712","LaMarcus Aldridge",2983,400827977,"2016",0,11.1803398874989,0,"Midrange",9,0,1,1,2
"3713","LaMarcus Aldridge",2983,400827977,"2016",1,2.23606797749979,0,"Close",10,0,0,1,1
"3714","LaMarcus Aldridge",2983,400828499,"2016",0,18.3847763108502,0,"Midrange",1,NA,NA,NA,NA
"3715","LaMarcus Aldridge",2983,400828499,"2016",1,2,0,"Close",2,0,NA,NA,NA
"3716","LaMarcus Aldridge",2983,400828499,"2016",1,14.0356688476182,0,"Midrange",3,1,0,NA,NA
"3717","LaMarcus Aldridge",2983,400828499,"2016",0,16.9705627484771,0,"Midrange",4,1,1,0,2
"3718","LaMarcus Aldridge",2983,400828499,"2016",0,8.54400374531753,0,"Midrange",5,0,1,1,2
"3719","LaMarcus Aldridge",2983,400828499,"2016",0,15.1327459504216,0,"Midrange",6,0,0,1,1
"3720","LaMarcus Aldridge",2983,400828499,"2016",1,2.23606797749979,0,"Close",7,0,0,0,0
"3721","LaMarcus Aldridge",2983,400828499,"2016",0,12.369316876853,0,"Midrange",8,1,0,0,1
"3722","LaMarcus Aldridge",2983,400828499,"2016",1,2,0,"Close",9,0,1,0,1
"3723","LaMarcus Aldridge",2983,400828499,"2016",0,15.8113883008419,0,"Midrange",10,1,0,1,2
"3724","LaMarcus Aldridge",2983,400828499,"2016",1,3.16227766016838,0,"Close",11,0,1,0,1
"3725","LaMarcus Aldridge",2983,400828499,"2016",1,9,0,"Midrange",12,1,0,1,2
"3726","LaMarcus Aldridge",2983,400828499,"2016",1,8.24621125123532,0,"Midrange",13,1,1,0,2
"3727","LaMarcus Aldridge",2983,400828499,"2016",1,12.0415945787923,1,"Midrange",14,1,1,1,3
"3728","LaMarcus Aldridge",2983,400828499,"2016",1,2,1,"Close",15,1,1,1,3
"3729","LaMarcus Aldridge",2983,400975788,"2018",0,26,0,"ThreePoint",1,NA,NA,NA,NA
"3730","LaMarcus Aldridge",2983,400975788,"2018",0,12,0,"Midrange",2,0,NA,NA,NA
"3731","LaMarcus Aldridge",2983,400975788,"2018",0,5,0,"Close",3,0,0,NA,NA
"3732","LaMarcus Aldridge",2983,400975788,"2018",0,0,0,"Close",4,0,0,0,0
"3733","LaMarcus Aldridge",2983,400975788,"2018",0,8.48528137423857,0,"Midrange",5,0,0,0,0
"3734","LaMarcus Aldridge",2983,400975788,"2018",1,13.6014705087354,0,"Midrange",6,0,0,0,0
"3735","LaMarcus Aldridge",2983,400975788,"2018",1,20.6155281280883,0,"Midrange",7,1,0,0,1
"3736","LaMarcus Aldridge",2983,400975788,"2018",1,2.23606797749979,0,"Close",8,1,1,0,2
"3737","LaMarcus Aldridge",2983,400975788,"2018",1,1,1,"Close",9,1,1,1,3
"3738","LaMarcus Aldridge",2983,400975788,"2018",1,1.4142135623731,1,"Close",10,1,1,1,3
"3739","LaMarcus Aldridge",2983,400975788,"2018",1,18.3575597506858,1,"Midrange",11,1,1,1,3
"3740","LaMarcus Aldridge",2983,400975788,"2018",1,0,1,"Close",12,1,1,1,3
"3741","LaMarcus Aldridge",2983,400975788,"2018",1,13,1,"Midrange",13,1,1,1,3
"3742","LaMarcus Aldridge",2983,400975788,"2018",0,18.6815416922694,1,"Midrange",14,1,1,1,3
"3743","LaMarcus Aldridge",2983,400975788,"2018",1,21.2132034355964,0,"Midrange",15,0,1,1,2
"3744","LaMarcus Aldridge",2983,400975788,"2018",0,26.9258240356725,0,"ThreePoint",16,1,0,1,2
"3745","LaMarcus Aldridge",2983,400975788,"2018",1,0,0,"Close",17,0,1,0,1
"3746","LaMarcus Aldridge",2983,400975788,"2018",1,11.6619037896906,0,"Midrange",18,1,0,1,2
"3747","LaMarcus Aldridge",2983,400975788,"2018",1,0,0,"Close",19,1,1,0,2
"3748","LaMarcus Aldridge",2983,400975788,"2018",0,0,1,"Close",20,1,1,1,3
"3749","LaMarcus Aldridge",2983,400975788,"2018",1,0,0,"Close",21,0,1,1,2
"3750","LaMarcus Aldridge",2983,400975788,"2018",1,17,0,"Midrange",22,1,0,1,2
"3751","LaMelo Ball",4432816,401360306,"2022",1,27.2946881279124,0,"ThreePoint",1,NA,NA,NA,NA
"3752","LaMelo Ball",4432816,401360306,"2022",0,15.8113883008419,0,"Midrange",2,1,NA,NA,NA
"3753","LaMelo Ball",4432816,401360306,"2022",0,25.5538646783613,0,"ThreePoint",3,0,1,NA,NA
"3754","LaMelo Ball",4432816,401360306,"2022",0,24.8394846967484,0,"ThreePoint",4,0,0,1,1
"3755","LaMelo Ball",4432816,401360306,"2022",1,14,0,"Midrange",5,0,0,0,0
"3756","LaMelo Ball",4432816,401360306,"2022",0,22.3606797749979,0,"ThreePoint",6,1,0,0,1
"3757","LaMelo Ball",4432816,401360306,"2022",0,11.4017542509914,0,"Midrange",7,0,1,0,1
"3758","LaMelo Ball",4432816,401360306,"2022",1,1.4142135623731,0,"Close",8,0,0,1,1
"3759","LaMelo Ball",4432816,401360306,"2022",0,29.1547594742265,0,"ThreePoint",9,1,0,0,1
"3760","LaMelo Ball",4432816,401360306,"2022",1,12.5299640861417,0,"Midrange",10,0,1,0,1
"3761","LaMelo Ball",4432816,401360306,"2022",1,6.08276253029822,0,"Close",11,1,0,1,2
"3762","Lauri Markkanen",4066336,401468718,"2023",0,3.60555127546399,0,"Close",1,NA,NA,NA,NA
"3763","Lauri Markkanen",4066336,401468718,"2023",1,25.9615099714943,0,"ThreePoint",2,0,NA,NA,NA
"3764","Lauri Markkanen",4066336,401468718,"2023",0,23.0217288664427,0,"ThreePoint",3,1,0,NA,NA
"3765","Lauri Markkanen",4066336,401468718,"2023",1,2.23606797749979,0,"Close",4,0,1,0,1
"3766","Lauri Markkanen",4066336,401468718,"2023",1,6.40312423743285,0,"Close",5,1,0,1,2
"3767","Lauri Markkanen",4066336,401468718,"2023",0,29,0,"ThreePoint",6,1,1,0,2
"3768","Lauri Markkanen",4066336,401468718,"2023",0,6.40312423743285,0,"Close",7,0,1,1,2
"3769","Lauri Markkanen",4066336,401468718,"2023",0,25,0,"ThreePoint",8,0,0,1,1
"3770","Lauri Markkanen",4066336,401468718,"2023",0,24.0416305603426,0,"ThreePoint",9,0,0,0,0
"3771","Lauri Markkanen",4066336,401468718,"2023",0,25.2388589282479,0,"ThreePoint",10,0,0,0,0
"3772","Lauri Markkanen",4066336,401468718,"2023",1,8.60232526704263,0,"Midrange",11,0,0,0,0
"3773","Lauri Markkanen",4066336,401468718,"2023",0,19.313207915828,0,"Midrange",12,1,0,0,1
"3774","Lauri Markkanen",4066336,401468718,"2023",1,2.82842712474619,0,"Close",13,0,1,0,1
"3775","Lauri Markkanen",4066336,401468718,"2023",0,25,0,"ThreePoint",14,1,0,1,2
"3776","Lauri Markkanen",4066336,401468718,"2023",1,2.23606797749979,0,"Close",15,0,1,0,1
"3777","Lauri Markkanen",4066336,401469138,"2023",1,26.3058928759318,0,"ThreePoint",1,NA,NA,NA,NA
"3778","Lauri Markkanen",4066336,401469138,"2023",0,28,0,"ThreePoint",2,1,NA,NA,NA
"3779","Lauri Markkanen",4066336,401469138,"2023",1,2.23606797749979,0,"Close",3,0,1,NA,NA
"3780","Lauri Markkanen",4066336,401469138,"2023",1,2.23606797749979,0,"Close",4,1,0,1,2
"3781","Lauri Markkanen",4066336,401469138,"2023",0,25.4950975679639,0,"ThreePoint",5,1,1,0,2
"3782","Lauri Markkanen",4066336,401469138,"2023",0,41.0487515035476,0,"ThreePoint",6,0,1,1,2
"3783","Lauri Markkanen",4066336,401469138,"2023",0,5,0,"Close",7,0,0,1,1
"3784","Lauri Markkanen",4066336,401469138,"2023",1,3.16227766016838,0,"Close",8,0,0,0,0
"3785","Lauri Markkanen",4066336,401469138,"2023",0,4,0,"Close",9,1,0,0,1
"3786","Lauri Markkanen",4066336,401469138,"2023",1,0,0,"Close",10,0,1,0,1
"3787","Lauri Markkanen",4066336,401469138,"2023",1,26.3058928759318,0,"ThreePoint",11,1,0,1,2
"3788","Lauri Markkanen",4066336,401469138,"2023",1,26.1725046566048,0,"ThreePoint",12,1,1,0,2
"3789","Lauri Markkanen",4066336,401469138,"2023",1,0,1,"Close",13,1,1,1,3
"3790","Lauri Markkanen",4066336,401469138,"2023",0,5,1,"Close",14,1,1,1,3
"3791","Lauri Markkanen",4066336,401469138,"2023",1,25.8069758011279,0,"ThreePoint",15,0,1,1,2
"3792","Lauri Markkanen",4066336,401469138,"2023",1,6,0,"Close",16,1,0,1,2
"3793","Lauri Markkanen",4066336,401469138,"2023",1,25.0798724079689,0,"ThreePoint",17,1,1,0,2
"3794","Lauri Markkanen",4066336,401469138,"2023",0,10.0498756211209,1,"Midrange",18,1,1,1,3
"3795","Lauri Markkanen",4066336,401469138,"2023",1,6,0,"Close",19,0,1,1,2
"3796","Lauri Markkanen",4066336,401469138,"2023",0,26.6270539113887,0,"ThreePoint",20,1,0,1,2
"3797","LeBron James",1966,400974443,"2018",0,3,0,"Close",1,NA,NA,NA,NA
"3798","LeBron James",1966,400974443,"2018",0,2,0,"Close",2,0,NA,NA,NA
"3799","LeBron James",1966,400974443,"2018",1,2,0,"Close",3,0,0,NA,NA
"3800","LeBron James",1966,400974443,"2018",0,1,0,"Close",4,1,0,0,1
"3801","LeBron James",1966,400974443,"2018",1,1.4142135623731,0,"Close",5,0,1,0,1
"3802","LeBron James",1966,400974443,"2018",1,3.16227766016838,0,"Close",6,1,0,1,2
"3803","LeBron James",1966,400974443,"2018",1,1.4142135623731,0,"Close",7,1,1,0,2
"3804","LeBron James",1966,400974443,"2018",0,20.2484567313166,1,"Midrange",8,1,1,1,3
"3805","LeBron James",1966,400974443,"2018",0,27.2946881279124,0,"ThreePoint",9,0,1,1,2
"3806","LeBron James",1966,400974443,"2018",1,2,0,"Close",10,0,0,1,1
"3807","LeBron James",1966,400974443,"2018",1,2,0,"Close",11,1,0,0,1
"3808","LeBron James",1966,400974443,"2018",1,0,0,"Close",12,1,1,0,2
"3809","LeBron James",1966,400974443,"2018",1,27.0739727413618,1,"ThreePoint",13,1,1,1,3
"3810","LeBron James",1966,400974443,"2018",1,26.9258240356725,1,"ThreePoint",14,1,1,1,3
"3811","LeBron James",1966,400974443,"2018",0,27.7308492477241,1,"ThreePoint",15,1,1,1,3
"3812","LeBron James",1966,400974443,"2018",1,2,0,"Close",16,0,1,1,2
"3813","LeBron James",1966,401360979,"2022",0,1,0,"Close",1,NA,NA,NA,NA
"3814","LeBron James",1966,401360979,"2022",1,0,0,"Close",2,0,NA,NA,NA
"3815","LeBron James",1966,401360979,"2022",1,13,0,"Midrange",3,1,0,NA,NA
"3816","LeBron James",1966,401360979,"2022",1,26.8700576850888,0,"ThreePoint",4,1,1,0,2
"3817","LeBron James",1966,401360979,"2022",1,21.095023109729,1,"Midrange",5,1,1,1,3
"3818","LeBron James",1966,401360979,"2022",0,22.2036033111745,1,"ThreePoint",6,1,1,1,3
"3819","LeBron James",1966,401360979,"2022",0,3.60555127546399,0,"Close",7,0,1,1,2
"3820","LeBron James",1966,401360979,"2022",1,1.4142135623731,0,"Close",8,0,0,1,1
"3821","LeBron James",1966,401360979,"2022",1,21.9544984001001,0,"Midrange",9,1,0,0,1
"3822","LeBron James",1966,401360979,"2022",0,3.60555127546399,0,"Close",10,1,1,0,2
"3823","LeBron James",1966,401360979,"2022",1,1.4142135623731,0,"Close",11,0,1,1,2
"3824","LeBron James",1966,401360979,"2022",1,27.0185121722126,0,"ThreePoint",12,1,0,1,2
"3825","LeBron James",1966,401360979,"2022",0,25.4950975679639,0,"ThreePoint",13,1,1,0,2
"3826","LeBron James",1966,401360979,"2022",1,2.82842712474619,0,"Close",14,0,1,1,2
"3827","LeBron James",1966,401360979,"2022",1,29.1547594742265,0,"ThreePoint",15,1,0,1,2
"3828","LeBron James",1966,401360979,"2022",0,28.0178514522438,0,"ThreePoint",16,1,1,0,2
"3829","LeBron James",1966,401360979,"2022",1,2.23606797749979,0,"Close",17,0,1,1,2
"3830","LeBron James",1966,401360979,"2022",1,1.4142135623731,0,"Close",18,1,0,1,2
"3831","LeBron James",1966,401360979,"2022",0,31.1448230047949,0,"ThreePoint",19,1,1,0,2
"3832","LeBron James",1966,401360979,"2022",1,1.4142135623731,0,"Close",20,0,1,1,2
"3833","LeBron James",1966,401360979,"2022",0,14.2126704035519,0,"Midrange",21,1,0,1,2
"3834","LeBron James",1966,401360979,"2022",0,3.60555127546399,0,"Close",22,0,1,0,1
"3835","LeBron James",1966,401360979,"2022",0,26.9258240356725,0,"ThreePoint",23,0,0,1,1
"3836","LeBron James",1966,401584114,"2024",1,19.4164878389476,0,"Midrange",1,NA,NA,NA,NA
"3837","LeBron James",1966,401584114,"2024",1,27.7848879788996,0,"ThreePoint",2,1,NA,NA,NA
"3838","LeBron James",1966,401584114,"2024",0,5,0,"Close",3,1,1,NA,NA
"3839","LeBron James",1966,401584114,"2024",1,26.4007575648882,0,"ThreePoint",4,0,1,1,2
"3840","LeBron James",1966,401584114,"2024",0,28.6006992921502,0,"ThreePoint",5,1,0,1,2
"3841","LeBron James",1966,401584114,"2024",0,26.3058928759318,0,"ThreePoint",6,0,1,0,1
"3842","LeBron James",1966,401584114,"2024",0,19,0,"Midrange",7,0,0,1,1
"3843","LeBron James",1966,401584114,"2024",0,26.0768096208106,0,"ThreePoint",8,0,0,0,0
"3844","LeBron James",1966,401584114,"2024",1,9.8488578017961,0,"Midrange",9,0,0,0,0
"3845","LeBron James",1966,401584114,"2024",1,25.6124969497314,0,"ThreePoint",10,1,0,0,1
"3846","LeBron James",1966,401584114,"2024",1,2.82842712474619,0,"Close",11,1,1,0,2
"3847","LeBron James",1966,401585031,"2024",0,8.54400374531753,0,"Midrange",1,NA,NA,NA,NA
"3848","LeBron James",1966,401585031,"2024",0,4.24264068711928,0,"Close",2,0,NA,NA,NA
"3849","LeBron James",1966,401585031,"2024",0,2.23606797749979,0,"Close",3,0,0,NA,NA
"3850","LeBron James",1966,401585031,"2024",0,2,0,"Close",4,0,0,0,0
"3851","LeBron James",1966,401585031,"2024",1,3.16227766016838,0,"Close",5,0,0,0,0
"3852","LeBron James",1966,401585031,"2024",0,3.16227766016838,0,"Close",6,1,0,0,1
"3853","LeBron James",1966,401585031,"2024",1,25.8069758011279,0,"ThreePoint",7,0,1,0,1
"3854","LeBron James",1966,401585031,"2024",1,3,0,"Close",8,1,0,1,2
"3855","LeBron James",1966,401585031,"2024",0,6.08276253029822,0,"Close",9,1,1,0,2
"3856","LeBron James",1966,401585031,"2024",0,2.23606797749979,0,"Close",10,0,1,1,2
"3857","LeBron James",1966,401585031,"2024",1,5.3851648071345,0,"Close",11,0,0,1,1
"3858","LeBron James",1966,401585031,"2024",0,25.8069758011279,0,"ThreePoint",12,1,0,0,1
"3859","LeBron James",1966,401585031,"2024",0,3.16227766016838,0,"Close",13,0,1,0,1
"3860","LeBron James",1966,401585031,"2024",1,1.4142135623731,0,"Close",14,0,0,1,1
"3861","LeBron James",1966,401585278,"2024",1,12,0,"Midrange",1,NA,NA,NA,NA
"3862","LeBron James",1966,401585278,"2024",1,16.0312195418814,0,"Midrange",2,1,NA,NA,NA
"3863","LeBron James",1966,401585278,"2024",1,24.8394846967484,0,"ThreePoint",3,1,1,NA,NA
"3864","LeBron James",1966,401585278,"2024",0,12.369316876853,1,"Midrange",4,1,1,1,3
"3865","LeBron James",1966,401585278,"2024",0,23.5372045918796,0,"ThreePoint",5,0,1,1,2
"3866","LeBron James",1966,401585278,"2024",1,2.82842712474619,0,"Close",6,0,0,1,1
"3867","LeBron James",1966,401585278,"2024",1,12.369316876853,0,"Midrange",7,1,0,0,1
"3868","LeBron James",1966,401585278,"2024",0,6.08276253029822,0,"Close",8,1,1,0,2
"3869","LeBron James",1966,401585278,"2024",1,28.3019433961698,0,"ThreePoint",9,0,1,1,2
"3870","LeBron James",1966,401585278,"2024",1,8.94427190999916,0,"Midrange",10,1,0,1,2
"3871","LeBron James",1966,401585278,"2024",0,22.8254244210267,0,"ThreePoint",11,1,1,0,2
"3872","LeBron James",1966,401585278,"2024",0,4.24264068711928,0,"Close",12,0,1,1,2
"3873","LeBron James",1966,401585278,"2024",0,29.1547594742265,0,"ThreePoint",13,0,0,1,1
"3874","LeBron James",1966,401585278,"2024",1,4.47213595499958,0,"Close",14,0,0,0,0
"3875","LeBron James",1966,401585278,"2024",0,4.12310562561766,0,"Close",15,1,0,0,1
"3876","LeBron James",1966,401585278,"2024",1,12.1655250605964,0,"Midrange",16,0,1,0,1
"3877","LeBron James",1966,401585278,"2024",0,3.16227766016838,0,"Close",17,1,0,1,2
"3878","LeBron James",1966,401585278,"2024",0,16.2788205960997,0,"Midrange",18,0,1,0,1
"3879","LeBron James",1966,401585278,"2024",1,4.47213595499958,0,"Close",19,0,0,1,1
"3880","LeBron James",1966,401585278,"2024",1,23.3452350598575,0,"ThreePoint",20,1,0,0,1
"3881","LeBron James",1966,401585278,"2024",1,20.2237484161567,0,"Midrange",21,1,1,0,2
"3882","LeBron James",1966,401585278,"2024",1,20,1,"Midrange",22,1,1,1,3
"3883","LeBron James",1966,401585278,"2024",0,10.4403065089106,1,"Midrange",23,1,1,1,3
"3884","LeBron James",1966,401585278,"2024",1,0,0,"Close",24,0,1,1,2
"3885","LeBron James",1966,401585278,"2024",0,10.770329614269,0,"Midrange",25,1,0,1,2
"3886","LeBron James",1966,401705151,"2025",0,13.6014705087354,0,"Midrange",1,NA,NA,NA,NA
"3887","LeBron James",1966,401705151,"2025",1,2.23606797749979,0,"Close",2,0,NA,NA,NA
"3888","LeBron James",1966,401705151,"2025",1,26.9258240356725,0,"ThreePoint",3,1,0,NA,NA
"3889","LeBron James",1966,401705151,"2025",1,25.9615099714943,0,"ThreePoint",4,1,1,0,2
"3890","LeBron James",1966,401705151,"2025",1,2.23606797749979,1,"Close",5,1,1,1,3
"3891","LeBron James",1966,401705151,"2025",1,2.82842712474619,1,"Close",6,1,1,1,3
"3892","LeBron James",1966,401705151,"2025",0,18.6010752377383,1,"Midrange",7,1,1,1,3
"3893","LeBron James",1966,401705151,"2025",0,5.3851648071345,0,"Close",8,0,1,1,2
"3894","LeBron James",1966,401705151,"2025",0,27.6586333718787,0,"ThreePoint",9,0,0,1,1
"3895","LeBron James",1966,401705151,"2025",1,4.12310562561766,0,"Close",10,0,0,0,0
"3896","LeBron James",1966,401705151,"2025",1,12.1655250605964,0,"Midrange",11,1,0,0,1
"3897","LeBron James",1966,401705151,"2025",1,3.16227766016838,0,"Close",12,1,1,0,2
"3898","LeBron James",1966,401705151,"2025",0,58.0775343829264,1,"ThreePoint",13,1,1,1,3
"3899","LeBron James",1966,401705151,"2025",1,11.1803398874989,0,"Midrange",14,0,1,1,2
"3900","LeBron James",1966,401705151,"2025",1,27.5136329843952,0,"ThreePoint",15,1,0,1,2
"3901","LeBron James",1966,401705151,"2025",1,28.2842712474619,0,"ThreePoint",16,1,1,0,2
"3902","LeBron James",1966,401705151,"2025",1,3.16227766016838,1,"Close",17,1,1,1,3
"3903","LeBron James",1966,401705240,"2025",1,18.4390889145858,0,"Midrange",1,NA,NA,NA,NA
"3904","LeBron James",1966,401705240,"2025",0,6.32455532033676,0,"Close",2,1,NA,NA,NA
"3905","LeBron James",1966,401705240,"2025",1,31.9530906173409,0,"ThreePoint",3,0,1,NA,NA
"3906","LeBron James",1966,401705240,"2025",1,1,0,"Close",4,1,0,1,2
"3907","LeBron James",1966,401705240,"2025",1,2,0,"Close",5,1,1,0,2
"3908","LeBron James",1966,401705240,"2025",0,3,1,"Close",6,1,1,1,3
"3909","LeBron James",1966,401705240,"2025",0,25,0,"ThreePoint",7,0,1,1,2
"3910","LeBron James",1966,401705240,"2025",0,5.3851648071345,0,"Close",8,0,0,1,1
"3911","LeBron James",1966,401705240,"2025",1,2.23606797749979,0,"Close",9,0,0,0,0
"3912","LeBron James",1966,401705240,"2025",0,10.6301458127346,0,"Midrange",10,1,0,0,1
"3913","LeBron James",1966,401705240,"2025",1,12,0,"Midrange",11,0,1,0,1
"3914","LeBron James",1966,401705240,"2025",0,9.21954445729289,0,"Midrange",12,1,0,1,2
"3915","LeBron James",1966,401705240,"2025",0,5.8309518948453,0,"Close",13,0,1,0,1
"3916","LeBron James",1966,401705240,"2025",1,10.6301458127346,0,"Midrange",14,0,0,1,1
"3917","LeBron James",1966,401705240,"2025",0,34.8855270850248,0,"ThreePoint",15,1,0,0,1
"3918","LeBron James",1966,401705240,"2025",1,16.0312195418814,0,"Midrange",16,0,1,0,1
"3919","LeBron James",1966,401705240,"2025",0,25.8069758011279,0,"ThreePoint",17,1,0,1,2
"3920","LeBron James",1966,401705240,"2025",0,14.3178210632764,0,"Midrange",18,0,1,0,1
"3921","LeBron James",1966,401705240,"2025",1,1,0,"Close",19,0,0,1,1
"3922","Luka Doncic",3945274,401267559,"2021",0,8.24621125123532,0,"Midrange",1,NA,NA,NA,NA
"3923","Luka Doncic",3945274,401267559,"2021",0,13,0,"Midrange",2,0,NA,NA,NA
"3924","Luka Doncic",3945274,401267559,"2021",1,13.8924439894498,0,"Midrange",3,0,0,NA,NA
"3925","Luka Doncic",3945274,401267559,"2021",0,12.0830459735946,0,"Midrange",4,1,0,0,1
"3926","Luka Doncic",3945274,401267559,"2021",0,6.32455532033676,0,"Close",5,0,1,0,1
"3927","Luka Doncic",3945274,401267559,"2021",0,2.82842712474619,0,"Close",6,0,0,1,1
"3928","Luka Doncic",3945274,401267559,"2021",1,1,0,"Close",7,0,0,0,0
"3929","Luka Doncic",3945274,401267559,"2021",1,24.5153013442625,0,"ThreePoint",8,1,0,0,1
"3930","Luka Doncic",3945274,401267559,"2021",1,13.4164078649987,0,"Midrange",9,1,1,0,2
"3931","Luka Doncic",3945274,401267559,"2021",1,12.0415945787923,1,"Midrange",10,1,1,1,3
"3932","Luka Doncic",3945274,401267559,"2021",0,14.142135623731,1,"Midrange",11,1,1,1,3
"3933","Luka Doncic",3945274,401267559,"2021",0,13.9283882771841,0,"Midrange",12,0,1,1,2
"3934","Luka Doncic",3945274,401267559,"2021",1,0,0,"Close",13,0,0,1,1
"3935","Luka Doncic",3945274,401267559,"2021",1,0,0,"Close",14,1,0,0,1
"3936","Luka Doncic",3945274,401267559,"2021",0,25.8069758011279,0,"ThreePoint",15,1,1,0,2
"3937","Luka Doncic",3945274,401267559,"2021",1,16.6433169770932,0,"Midrange",16,0,1,1,2
"3938","Luka Doncic",3945274,401267559,"2021",1,27.5136329843952,0,"ThreePoint",17,1,0,1,2
"3939","Luka Doncic",3945274,401267559,"2021",1,25.6320112359526,0,"ThreePoint",18,1,1,0,2
"3940","Luka Doncic",3945274,401267559,"2021",1,28.6356421265527,1,"ThreePoint",19,1,1,1,3
"3941","Luka Doncic",3945274,401267559,"2021",1,1.4142135623731,1,"Close",20,1,1,1,3
"3942","Luka Doncic",3945274,401267559,"2021",0,25.6320112359526,1,"ThreePoint",21,1,1,1,3
"3943","Luka Doncic",3945274,401267559,"2021",0,6.32455532033676,0,"Close",22,0,1,1,2
"3944","Luka Doncic",3945274,401267559,"2021",0,3,0,"Close",23,0,0,1,1
"3945","Luka Doncic",3945274,401267559,"2021",1,25.298221281347,0,"ThreePoint",24,0,0,0,0
"3946","Luka Doncic",3945274,401267559,"2021",1,13,0,"Midrange",25,1,0,0,1
"3947","Luka Doncic",3945274,401267559,"2021",0,2,0,"Close",26,1,1,0,2
"3948","Luka Doncic",3945274,401267559,"2021",1,15.6524758424985,0,"Midrange",27,0,1,1,2
"3949","Luka Doncic",3945274,401267559,"2021",1,1.4142135623731,0,"Close",28,1,0,1,2
"3950","Luka Doncic",3945274,401267559,"2021",0,29.732137494637,0,"ThreePoint",29,1,1,0,2
"3951","Luka Doncic",3945274,401267559,"2021",1,1.4142135623731,0,"Close",30,0,1,1,2
"3952","Luka Doncic",3945274,401360953,"2022",1,1.4142135623731,0,"Close",1,NA,NA,NA,NA
"3953","Luka Doncic",3945274,401360953,"2022",0,3,0,"Close",2,1,NA,NA,NA
"3954","Luka Doncic",3945274,401360953,"2022",1,2.23606797749979,0,"Close",3,0,1,NA,NA
"3955","Luka Doncic",3945274,401360953,"2022",1,6.08276253029822,0,"Close",4,1,0,1,2
"3956","Luka Doncic",3945274,401360953,"2022",1,28.2311884269862,0,"ThreePoint",5,1,1,0,2
"3957","Luka Doncic",3945274,401360953,"2022",0,25.2388589282479,1,"ThreePoint",6,1,1,1,3
"3958","Luka Doncic",3945274,401360953,"2022",1,28.0178514522438,0,"ThreePoint",7,0,1,1,2
"3959","Luka Doncic",3945274,401360953,"2022",1,29.1547594742265,0,"ThreePoint",8,1,0,1,2
"3960","Luka Doncic",3945274,401360953,"2022",0,5.3851648071345,0,"Close",9,1,1,0,2
"3961","Luka Doncic",3945274,401360953,"2022",1,1,0,"Close",10,0,1,1,2
"3962","Luka Doncic",3945274,401360953,"2022",0,25.4558441227157,0,"ThreePoint",11,1,0,1,2
"3963","Luka Doncic",3945274,401360953,"2022",0,25.298221281347,0,"ThreePoint",12,0,1,0,1
"3964","Luka Doncic",3945274,401360953,"2022",1,15.2315462117278,0,"Midrange",13,0,0,1,1
"3965","Luka Doncic",3945274,401360953,"2022",0,14.142135623731,0,"Midrange",14,1,0,0,1
"3966","Luka Doncic",3945274,401360953,"2022",0,25.6320112359526,0,"ThreePoint",15,0,1,0,1
"3967","Luka Doncic",3945274,401360953,"2022",1,2,0,"Close",16,0,0,1,1
"3968","Luka Doncic",3945274,401360953,"2022",1,27.2029410174709,0,"ThreePoint",17,1,0,0,1
"3969","Luka Doncic",3945274,401360953,"2022",0,33.0605505096331,0,"ThreePoint",18,1,1,0,2
"3970","Luka Doncic",3945274,401360953,"2022",1,1.4142135623731,0,"Close",19,0,1,1,2
"3971","Luka Doncic",3945274,401360953,"2022",0,23,0,"ThreePoint",20,1,0,1,2
"3972","Luka Doncic",3945274,401360953,"2022",1,7.21110255092798,0,"Close",21,0,1,0,1
"3973","Luka Doncic",3945274,401360953,"2022",0,26.4007575648882,0,"ThreePoint",22,1,0,1,2
"3974","Luka Doncic",3945274,401360953,"2022",0,28,0,"ThreePoint",23,0,1,0,1
"3975","Luka Doncic",3945274,401469138,"2023",0,26.5706605111728,0,"ThreePoint",1,NA,NA,NA,NA
"3976","Luka Doncic",3945274,401469138,"2023",1,25.9615099714943,0,"ThreePoint",2,0,NA,NA,NA
"3977","Luka Doncic",3945274,401469138,"2023",0,27.2029410174709,0,"ThreePoint",3,1,0,NA,NA
"3978","Luka Doncic",3945274,401469138,"2023",0,10.4403065089106,0,"Midrange",4,0,1,0,1
"3979","Luka Doncic",3945274,401469138,"2023",0,9.48683298050514,0,"Midrange",5,0,0,1,1
"3980","Luka Doncic",3945274,401469138,"2023",1,25.9615099714943,0,"ThreePoint",6,0,0,0,0
"3981","Luka Doncic",3945274,401469138,"2023",1,1,0,"Close",7,1,0,0,1
"3982","Luka Doncic",3945274,401469138,"2023",0,26.1725046566048,0,"ThreePoint",8,1,1,0,2
"3983","Luka Doncic",3945274,401469138,"2023",0,26.9258240356725,0,"ThreePoint",9,0,1,1,2
"3984","Luka Doncic",3945274,401469138,"2023",1,6.40312423743285,0,"Close",10,0,0,1,1
"3985","Luka Doncic",3945274,401469138,"2023",1,3.60555127546399,0,"Close",11,1,0,0,1
"3986","Luka Doncic",3945274,401469138,"2023",0,25.2388589282479,0,"ThreePoint",12,1,1,0,2
"3987","Luka Doncic",3945274,401469138,"2023",1,2.23606797749979,0,"Close",13,0,1,1,2
"3988","Luka Doncic",3945274,401469138,"2023",1,8.48528137423857,0,"Midrange",14,1,0,1,2
"3989","Luka Doncic",3945274,401469138,"2023",0,4.24264068711928,0,"Close",15,1,1,0,2
"3990","Luka Doncic",3945274,401469138,"2023",1,5,0,"Close",16,0,1,1,2
"3991","Luka Doncic",3945274,401469138,"2023",0,11.7046999107196,0,"Midrange",17,1,0,1,2
"3992","Luka Doncic",3945274,401469138,"2023",0,3.60555127546399,0,"Close",18,0,1,0,1
"3993","Luka Doncic",3945274,401469138,"2023",1,25.0599281722833,0,"ThreePoint",19,0,0,1,1
"3994","Luka Doncic",3945274,401469138,"2023",0,15.6524758424985,0,"Midrange",20,1,0,0,1
"3995","Luka Doncic",3945274,401469138,"2023",1,24.5967477524977,0,"ThreePoint",21,0,1,0,1
"3996","Luka Doncic",3945274,401469138,"2023",0,29.5296461204668,0,"ThreePoint",22,1,0,1,2
"3997","Luka Doncic",3945274,401469138,"2023",0,25.6124969497314,0,"ThreePoint",23,0,1,0,1
"3998","Luka Doncic",3945274,401469365,"2023",0,26,0,"ThreePoint",1,NA,NA,NA,NA
"3999","Luka Doncic",3945274,401469365,"2023",0,2.82842712474619,0,"Close",2,0,NA,NA,NA
"4000","Luka Doncic",3945274,401469365,"2023",0,25.2388589282479,0,"ThreePoint",3,0,0,NA,NA
"4001","Luka Doncic",3945274,401469365,"2023",0,7.61577310586391,0,"Close",4,0,0,0,0
"4002","Luka Doncic",3945274,401469365,"2023",0,24.5967477524977,0,"ThreePoint",5,0,0,0,0
"4003","Luka Doncic",3945274,401469365,"2023",1,1.4142135623731,0,"Close",6,0,0,0,0
"4004","Luka Doncic",3945274,401469365,"2023",0,27.2029410174709,0,"ThreePoint",7,1,0,0,1
"4005","Luka Doncic",3945274,401469365,"2023",1,1.4142135623731,0,"Close",8,0,1,0,1
"4006","Luka Doncic",3945274,401469365,"2023",1,10.1980390271856,0,"Midrange",9,1,0,1,2
"4007","Luka Doncic",3945274,401469365,"2023",0,27.8926513619627,0,"ThreePoint",10,1,1,0,2
"4008","Luka Doncic",3945274,401469365,"2023",1,1,0,"Close",11,0,1,1,2
"4009","Luka Doncic",3945274,401584833,"2024",1,13.8924439894498,0,"Midrange",1,NA,NA,NA,NA
"4010","Luka Doncic",3945274,401584833,"2024",1,27.0185121722126,0,"ThreePoint",2,1,NA,NA,NA
"4011","Luka Doncic",3945274,401584833,"2024",0,17.8044938147649,0,"Midrange",3,1,1,NA,NA
"4012","Luka Doncic",3945274,401584833,"2024",1,3,0,"Close",4,0,1,1,2
"4013","Luka Doncic",3945274,401584833,"2024",0,12.6491106406735,0,"Midrange",5,1,0,1,2
"4014","Luka Doncic",3945274,401584833,"2024",1,14.0356688476182,0,"Midrange",6,0,1,0,1
"4015","Luka Doncic",3945274,401584833,"2024",1,24.6981780704569,0,"ThreePoint",7,1,0,1,2
"4016","Luka Doncic",3945274,401584833,"2024",0,26.3058928759318,0,"ThreePoint",8,1,1,0,2
"4017","Luka Doncic",3945274,401584833,"2024",1,27.2946881279124,0,"ThreePoint",9,0,1,1,2
"4018","Luka Doncic",3945274,401584833,"2024",0,33.6005952328229,0,"ThreePoint",10,1,0,1,2
"4019","Luka Doncic",3945274,401584833,"2024",0,12.6491106406735,0,"Midrange",11,0,1,0,1
"4020","Luka Doncic",3945274,401584833,"2024",0,10,0,"Midrange",12,0,0,1,1
"4021","Luka Doncic",3945274,401584833,"2024",1,13.4164078649987,0,"Midrange",13,0,0,0,0
"4022","Luka Doncic",3945274,401584833,"2024",0,25.9422435421457,0,"ThreePoint",14,1,0,0,1
"4023","Luka Doncic",3945274,401584833,"2024",1,15.2970585407784,0,"Midrange",15,0,1,0,1
"4024","Luka Doncic",3945274,401584833,"2024",1,1,0,"Close",16,1,0,1,2
"4025","Luka Doncic",3945274,401584833,"2024",1,26.4007575648882,0,"ThreePoint",17,1,1,0,2
"4026","Luka Doncic",3945274,401584833,"2024",1,5.65685424949238,1,"Close",18,1,1,1,3
"4027","Luka Doncic",3945274,401584833,"2024",0,26.2488094968134,1,"ThreePoint",19,1,1,1,3
"4028","Luka Doncic",3945274,401584833,"2024",1,18.4390889145858,0,"Midrange",20,0,1,1,2
"4029","Luka Doncic",3945274,401584833,"2024",1,15.0332963783729,0,"Midrange",21,1,0,1,2
"4030","Luka Doncic",3945274,401584833,"2024",1,14.8660687473185,0,"Midrange",22,1,1,0,2
"4031","Luka Doncic",3945274,401584833,"2024",0,27.459060435492,1,"ThreePoint",23,1,1,1,3
"4032","Luka Doncic",3945274,401584833,"2024",0,14.3178210632764,0,"Midrange",24,0,1,1,2
"4033","Luka Doncic",3945274,401584833,"2024",0,8.06225774829855,0,"Midrange",25,0,0,1,1
"4034","Luka Doncic",3945274,401584833,"2024",1,5.3851648071345,0,"Close",26,0,0,0,0
"4035","Malcolm Brogdon",2566769,401267240,"2021",1,28.0178514522438,0,"ThreePoint",1,NA,NA,NA,NA
"4036","Malcolm Brogdon",2566769,401267240,"2021",1,12.0415945787923,0,"Midrange",2,1,NA,NA,NA
"4037","Malcolm Brogdon",2566769,401267240,"2021",1,29.2061637330205,0,"ThreePoint",3,1,1,NA,NA
"4038","Malcolm Brogdon",2566769,401267240,"2021",1,26.8328157299975,1,"ThreePoint",4,1,1,1,3
"4039","Malcolm Brogdon",2566769,401267240,"2021",1,1,1,"Close",5,1,1,1,3
"4040","Malcolm Brogdon",2566769,401267240,"2021",1,25.8069758011279,1,"ThreePoint",6,1,1,1,3
"4041","Malcolm Brogdon",2566769,401267240,"2021",0,1,1,"Close",7,1,1,1,3
"4042","Malcolm Brogdon",2566769,401267240,"2021",0,14.7648230602334,0,"Midrange",8,0,1,1,2
"4043","Malcolm Brogdon",2566769,401267240,"2021",0,2,0,"Close",9,0,0,1,1
"4044","Malcolm Brogdon",2566769,401267240,"2021",1,20.591260281974,0,"Midrange",10,0,0,0,0
"4045","Malcolm Brogdon",2566769,401267240,"2021",1,25,0,"ThreePoint",11,1,0,0,1
"4046","Malcolm Brogdon",2566769,401267240,"2021",1,27.0185121722126,0,"ThreePoint",12,1,1,0,2
"4047","Malcolm Brogdon",2566769,401267240,"2021",1,2.23606797749979,1,"Close",13,1,1,1,3
"4048","Malcolm Brogdon",2566769,401267240,"2021",0,27.0739727413618,1,"ThreePoint",14,1,1,1,3
"4049","Malcolm Brogdon",2566769,401267240,"2021",1,7.28010988928052,0,"Close",15,0,1,1,2
"4050","Malcolm Brogdon",2566769,401267240,"2021",0,26.8700576850888,0,"ThreePoint",16,1,0,1,2
"4051","Malcolm Brogdon",2566769,401267240,"2021",0,28.0178514522438,0,"ThreePoint",17,0,1,0,1
"4052","Malcolm Brogdon",2566769,401267240,"2021",1,28.6530975637888,0,"ThreePoint",18,0,0,1,1
"4053","Marcus Morris",6462,400899742,"2017",1,26.4196896272458,0,"ThreePoint",1,NA,NA,NA,NA
"4054","Marcus Morris",6462,400899742,"2017",1,17.2626765016321,0,"Midrange",2,1,NA,NA,NA
"4055","Marcus Morris",6462,400899742,"2017",1,25.0798724079689,0,"ThreePoint",3,1,1,NA,NA
"4056","Marcus Morris",6462,400899742,"2017",1,23.0217288664427,1,"ThreePoint",4,1,1,1,3
"4057","Marcus Morris",6462,400899742,"2017",1,23.0217288664427,1,"ThreePoint",5,1,1,1,3
"4058","Marcus Morris",6462,400899742,"2017",0,26.5706605111728,1,"ThreePoint",6,1,1,1,3
"4059","Marcus Morris",6462,400899742,"2017",0,1,0,"Close",7,0,1,1,2
"4060","Marcus Morris",6462,400899742,"2017",1,18.0277563773199,0,"Midrange",8,0,0,1,1
"4061","Marcus Morris",6462,400899742,"2017",0,26.5706605111728,0,"ThreePoint",9,1,0,0,1
"4062","Marcus Morris",6462,400899742,"2017",0,63.3245607959503,0,"ThreePoint",10,0,1,0,1
"4063","Marcus Morris",6462,400899742,"2017",1,26.0768096208106,0,"ThreePoint",11,0,0,1,1
"4064","Marcus Morris",6462,400899742,"2017",0,26.4007575648882,0,"ThreePoint",12,1,0,0,1
"4065","Michael Porter Jr.",4278104,401584968,"2024",0,23.0867927612304,0,"ThreePoint",1,NA,NA,NA,NA
"4066","Michael Porter Jr.",4278104,401584968,"2024",1,1,0,"Close",2,0,NA,NA,NA
"4067","Michael Porter Jr.",4278104,401584968,"2024",0,2.23606797749979,0,"Close",3,1,0,NA,NA
"4068","Michael Porter Jr.",4278104,401584968,"2024",1,24.8394846967484,0,"ThreePoint",4,0,1,0,1
"4069","Michael Porter Jr.",4278104,401584968,"2024",0,13.6014705087354,0,"Midrange",5,1,0,1,2
"4070","Michael Porter Jr.",4278104,401584968,"2024",0,14.142135623731,0,"Midrange",6,0,1,0,1
"4071","Michael Porter Jr.",4278104,401584968,"2024",0,14.7648230602334,0,"Midrange",7,0,0,1,1
"4072","Michael Porter Jr.",4278104,401584968,"2024",1,26.9072480941474,0,"ThreePoint",8,0,0,0,0
"4073","Michael Porter Jr.",4278104,401584968,"2024",1,2.23606797749979,0,"Close",9,1,0,0,1
"4074","Michael Porter Jr.",4278104,401584968,"2024",0,25.0798724079689,0,"ThreePoint",10,1,1,0,2
"4075","Michael Porter Jr.",4278104,401584968,"2024",0,13.3416640641263,0,"Midrange",11,0,1,1,2
"4076","Michael Porter Jr.",4278104,401584968,"2024",1,23.5372045918796,0,"ThreePoint",12,0,0,1,1
"4077","Michael Porter Jr.",4278104,401584968,"2024",0,3.60555127546399,0,"Close",13,1,0,0,1
"4078","Michael Porter Jr.",4278104,401584968,"2024",0,26,0,"ThreePoint",14,0,1,0,1
"4079","Michael Porter Jr.",4278104,401584968,"2024",1,25.4558441227157,0,"ThreePoint",15,0,0,1,1
"4080","Michael Porter Jr.",4278104,401584968,"2024",0,23.0217288664427,0,"ThreePoint",16,1,0,0,1
"4081","Michael Porter Jr.",4278104,401584968,"2024",1,0,0,"Close",17,0,1,0,1
"4082","Michael Porter Jr.",4278104,401584968,"2024",1,21.0237960416286,0,"Midrange",18,1,0,1,2
"4083","Michael Porter Jr.",4278104,401704760,"2025",0,25.1793566240283,0,"ThreePoint",1,NA,NA,NA,NA
"4084","Michael Porter Jr.",4278104,401704760,"2025",1,2.23606797749979,0,"Close",2,0,NA,NA,NA
"4085","Michael Porter Jr.",4278104,401704760,"2025",1,24.4131112314674,0,"ThreePoint",3,1,0,NA,NA
"4086","Michael Porter Jr.",4278104,401704760,"2025",1,28.8444102037119,0,"ThreePoint",4,1,1,0,2
"4087","Michael Porter Jr.",4278104,401704760,"2025",0,13.3416640641263,1,"Midrange",5,1,1,1,3
"4088","Michael Porter Jr.",4278104,401704760,"2025",1,2.82842712474619,0,"Close",6,0,1,1,2
"4089","Michael Porter Jr.",4278104,401704760,"2025",0,26.1725046566048,0,"ThreePoint",7,1,0,1,2
"4090","Michael Porter Jr.",4278104,401704760,"2025",0,26,0,"ThreePoint",8,0,1,0,1
"4091","Michael Porter Jr.",4278104,401704760,"2025",1,25.6124969497314,0,"ThreePoint",9,0,0,1,1
"4092","Michael Porter Jr.",4278104,401704760,"2025",1,26.4007575648882,0,"ThreePoint",10,1,0,0,1
"4093","Michael Porter Jr.",4278104,401704760,"2025",1,3.60555127546399,0,"Close",11,1,1,0,2
"4094","Michael Porter Jr.",4278104,401704760,"2025",0,22.8254244210267,1,"ThreePoint",12,1,1,1,3
"4095","Michael Porter Jr.",4278104,401704760,"2025",0,25.6124969497314,0,"ThreePoint",13,0,1,1,2
"4096","Michael Porter Jr.",4278104,401704760,"2025",1,26.4007575648882,0,"ThreePoint",14,0,0,1,1
"4097","Michael Porter Jr.",4278104,401704760,"2025",0,28.3019433961698,0,"ThreePoint",15,1,0,0,1
"4098","Mikal Bridges",3147657,401468249,"2023",1,25.0599281722833,0,"ThreePoint",1,NA,NA,NA,NA
"4099","Mikal Bridges",3147657,401468249,"2023",0,10.4403065089106,0,"Midrange",2,1,NA,NA,NA
"4100","Mikal Bridges",3147657,401468249,"2023",0,25.4558441227157,0,"ThreePoint",3,0,1,NA,NA
"4101","Mikal Bridges",3147657,401468249,"2023",1,1.4142135623731,0,"Close",4,0,0,1,1
"4102","Mikal Bridges",3147657,401468249,"2023",1,0,0,"Close",5,1,0,0,1
"4103","Mikal Bridges",3147657,401468249,"2023",1,23.0867927612304,0,"ThreePoint",6,1,1,0,2
"4104","Mikal Bridges",3147657,401468249,"2023",1,1,1,"Close",7,1,1,1,3
"4105","Mikal Bridges",3147657,401468758,"2023",1,2,0,"Close",1,NA,NA,NA,NA
"4106","Mikal Bridges",3147657,401468758,"2023",1,10.770329614269,0,"Midrange",2,1,NA,NA,NA
"4107","Mikal Bridges",3147657,401468758,"2023",0,12.0415945787923,0,"Midrange",3,1,1,NA,NA
"4108","Mikal Bridges",3147657,401468758,"2023",1,25.4950975679639,0,"ThreePoint",4,0,1,1,2
"4109","Mikal Bridges",3147657,401468758,"2023",1,2,0,"Close",5,1,0,1,2
"4110","Mikal Bridges",3147657,401468758,"2023",1,13.8924439894498,0,"Midrange",6,1,1,0,2
"4111","Mikal Bridges",3147657,401468758,"2023",1,12.0415945787923,1,"Midrange",7,1,1,1,3
"4112","Mikal Bridges",3147657,401468758,"2023",1,8.94427190999916,1,"Midrange",8,1,1,1,3
"4113","Mikal Bridges",3147657,401468758,"2023",0,5.8309518948453,1,"Close",9,1,1,1,3
"4114","Mikal Bridges",3147657,401468758,"2023",0,10.816653826392,0,"Midrange",10,0,1,1,2
"4115","Mikal Bridges",3147657,401584910,"2024",0,5.65685424949238,0,"Close",1,NA,NA,NA,NA
"4116","Mikal Bridges",3147657,401584910,"2024",1,23.0217288664427,0,"ThreePoint",2,0,NA,NA,NA
"4117","Mikal Bridges",3147657,401584910,"2024",0,3.60555127546399,0,"Close",3,1,0,NA,NA
"4118","Mikal Bridges",3147657,401584910,"2024",1,3.60555127546399,0,"Close",4,0,1,0,1
"4119","Mikal Bridges",3147657,401584910,"2024",0,18.8679622641132,0,"Midrange",5,1,0,1,2
"4120","Mikal Bridges",3147657,401584910,"2024",1,13.6014705087354,0,"Midrange",6,0,1,0,1
"4121","Mikal Bridges",3147657,401584910,"2024",1,23.0867927612304,0,"ThreePoint",7,1,0,1,2
"4122","Mikal Bridges",3147657,401584910,"2024",1,23,0,"ThreePoint",8,1,1,0,2
"4123","Mikal Bridges",3147657,401584910,"2024",1,1,1,"Close",9,1,1,1,3
"4124","Mikal Bridges",3147657,401584910,"2024",1,2.82842712474619,1,"Close",10,1,1,1,3
"4125","Mikal Bridges",3147657,401584910,"2024",1,2.23606797749979,1,"Close",11,1,1,1,3
"4126","Mikal Bridges",3147657,401584910,"2024",0,27.8028775489157,1,"ThreePoint",12,1,1,1,3
"4127","Mikal Bridges",3147657,401584910,"2024",1,10.0498756211209,0,"Midrange",13,0,1,1,2
"4128","Mikal Bridges",3147657,401584910,"2024",1,2.82842712474619,0,"Close",14,1,0,1,2
"4129","Mikal Bridges",3147657,401584910,"2024",0,23.0217288664427,0,"ThreePoint",15,1,1,0,2
"4130","Mikal Bridges",3147657,401584910,"2024",0,16.2788205960997,0,"Midrange",16,0,1,1,2
"4131","Mikal Bridges",3147657,401584910,"2024",0,13,0,"Midrange",17,0,0,1,1
"4132","Mikal Bridges",3147657,401584910,"2024",1,3.60555127546399,0,"Close",18,0,0,0,0
"4133","Mikal Bridges",3147657,401584910,"2024",1,12.1655250605964,0,"Midrange",19,1,0,0,1
"4134","Mikal Bridges",3147657,401584910,"2024",0,28.7923600977759,0,"ThreePoint",20,1,1,0,2
"4135","Mikal Bridges",3147657,401704785,"2025",0,23.0217288664427,0,"ThreePoint",1,NA,NA,NA,NA
"4136","Mikal Bridges",3147657,401704785,"2025",1,11,0,"Midrange",2,0,NA,NA,NA
"4137","Mikal Bridges",3147657,401704785,"2025",1,1.4142135623731,0,"Close",3,1,0,NA,NA
"4138","Mikal Bridges",3147657,401704785,"2025",1,19.2353840616713,0,"Midrange",4,1,1,0,2
"4139","Mikal Bridges",3147657,401704785,"2025",0,23,1,"ThreePoint",5,1,1,1,3
"4140","Mikal Bridges",3147657,401704785,"2025",0,14.142135623731,0,"Midrange",6,0,1,1,2
"4141","Mikal Bridges",3147657,401704785,"2025",1,1,0,"Close",7,0,0,1,1
"4142","Mikal Bridges",3147657,401704785,"2025",1,7.07106781186548,0,"Close",8,1,0,0,1
"4143","Mikal Bridges",3147657,401704785,"2025",0,5.8309518948453,0,"Close",9,1,1,0,2
"4144","Mikal Bridges",3147657,401704785,"2025",0,22.1359436211787,0,"ThreePoint",10,0,1,1,2
"4145","Mikal Bridges",3147657,401704785,"2025",1,23.0217288664427,0,"ThreePoint",11,0,0,1,1
"4146","Mikal Bridges",3147657,401704785,"2025",0,1,0,"Close",12,1,0,0,1
"4147","Mikal Bridges",3147657,401704785,"2025",1,14.0356688476182,0,"Midrange",13,0,1,0,1
"4148","Mikal Bridges",3147657,401704785,"2025",0,48.3838816136118,0,"ThreePoint",14,1,0,1,2
"4149","Mikal Bridges",3147657,401704785,"2025",1,11.6619037896906,0,"Midrange",15,0,1,0,1
"4150","Mikal Bridges",3147657,401705268,"2025",1,11.6619037896906,0,"Midrange",1,NA,NA,NA,NA
"4151","Mikal Bridges",3147657,401705268,"2025",0,11.4017542509914,0,"Midrange",2,1,NA,NA,NA
"4152","Mikal Bridges",3147657,401705268,"2025",0,5,0,"Close",3,0,1,NA,NA
"4153","Mikal Bridges",3147657,401705268,"2025",1,1,0,"Close",4,0,0,1,1
"4154","Mikal Bridges",3147657,401705268,"2025",1,1.4142135623731,0,"Close",5,1,0,0,1
"4155","Mikal Bridges",3147657,401705268,"2025",0,23,0,"ThreePoint",6,1,1,0,2
"4156","Mikal Bridges",3147657,401705268,"2025",1,23.1948270094864,0,"ThreePoint",7,0,1,1,2
"4157","Mikal Bridges",3147657,401705268,"2025",1,26.4007575648882,0,"ThreePoint",8,1,0,1,2
"4158","Mikal Bridges",3147657,401705268,"2025",1,12.369316876853,0,"Midrange",9,1,1,0,2
"4159","Mikal Bridges",3147657,401705268,"2025",1,1.4142135623731,1,"Close",10,1,1,1,3
"4160","Mikal Bridges",3147657,401705268,"2025",0,23.0217288664427,1,"ThreePoint",11,1,1,1,3
"4161","Mikal Bridges",3147657,401705268,"2025",0,2,0,"Close",12,0,1,1,2
"4162","Mikal Bridges",3147657,401705268,"2025",0,1.4142135623731,0,"Close",13,0,0,1,1
"4163","Mikal Bridges",3147657,401705268,"2025",0,24.8394846967484,0,"ThreePoint",14,0,0,0,0
"4164","Mikal Bridges",3147657,401705268,"2025",1,3.60555127546399,0,"Close",15,0,0,0,0
"4165","Mikal Bridges",3147657,401705268,"2025",0,26.0768096208106,0,"ThreePoint",16,1,0,0,1
"4166","Mikal Bridges",3147657,401705268,"2025",0,25.0798724079689,0,"ThreePoint",17,0,1,0,1
"4167","Mikal Bridges",3147657,401705268,"2025",1,8.24621125123532,0,"Midrange",18,0,0,1,1
"4168","Miles Bridges",4066383,401360306,"2022",1,22.0227155455452,0,"ThreePoint",1,NA,NA,NA,NA
"4169","Miles Bridges",4066383,401360306,"2022",0,25,0,"ThreePoint",2,1,NA,NA,NA
"4170","Miles Bridges",4066383,401360306,"2022",1,2.82842712474619,0,"Close",3,0,1,NA,NA
"4171","Miles Bridges",4066383,401360306,"2022",1,5,0,"Close",4,1,0,1,2
"4172","Miles Bridges",4066383,401360306,"2022",0,23,0,"ThreePoint",5,1,1,0,2
"4173","Miles Bridges",4066383,401360306,"2022",0,23.3452350598575,0,"ThreePoint",6,0,1,1,2
"4174","Miles Bridges",4066383,401360306,"2022",0,25.4950975679639,0,"ThreePoint",7,0,0,1,1
"4175","Miles Bridges",4066383,401360306,"2022",0,3.60555127546399,0,"Close",8,0,0,0,0
"4176","Miles Bridges",4066383,401360306,"2022",1,2.23606797749979,0,"Close",9,0,0,0,0
"4177","Miles Bridges",4066383,401360306,"2022",1,4.12310562561766,0,"Close",10,1,0,0,1
"4178","Miles Bridges",4066383,401360306,"2022",0,23.0217288664427,0,"ThreePoint",11,1,1,0,2
"4179","Miles Bridges",4066383,401360306,"2022",0,26.0768096208106,0,"ThreePoint",12,0,1,1,2
"4180","Miles Bridges",4066383,401360306,"2022",1,5.65685424949238,0,"Close",13,0,0,1,1
"4181","Miles Bridges",4066383,401360306,"2022",0,4.47213595499958,0,"Close",14,1,0,0,1
"4182","Miles Bridges",4066383,401584876,"2024",0,3,0,"Close",1,NA,NA,NA,NA
"4183","Miles Bridges",4066383,401584876,"2024",1,2.23606797749979,0,"Close",2,0,NA,NA,NA
"4184","Miles Bridges",4066383,401584876,"2024",1,0,0,"Close",3,1,0,NA,NA
"4185","Miles Bridges",4066383,401584876,"2024",1,1,0,"Close",4,1,1,0,2
"4186","Miles Bridges",4066383,401584876,"2024",0,3.16227766016838,1,"Close",5,1,1,1,3
"4187","Miles Bridges",4066383,401584876,"2024",0,3.60555127546399,0,"Close",6,0,1,1,2
"4188","Miles Bridges",4066383,401584876,"2024",1,3.16227766016838,0,"Close",7,0,0,1,1
"4189","Miles Bridges",4066383,401584876,"2024",1,6.08276253029822,0,"Close",8,1,0,0,1
"4190","Miles Bridges",4066383,401584876,"2024",0,27.1661554144122,0,"ThreePoint",9,1,1,0,2
"4191","Miles Bridges",4066383,401584876,"2024",0,23.0217288664427,0,"ThreePoint",10,0,1,1,2
"4192","Miles Bridges",4066383,401584876,"2024",0,1.4142135623731,0,"Close",11,0,0,1,1
"4193","Miles Bridges",4066383,401584876,"2024",1,2,0,"Close",12,0,0,0,0
"4194","Miles Bridges",4066383,401584876,"2024",1,2.23606797749979,0,"Close",13,1,0,0,1
"4195","Miles Bridges",4066383,401584876,"2024",0,16.6433169770932,0,"Midrange",14,1,1,0,2
"4196","Miles Bridges",4066383,401584876,"2024",0,28.0178514522438,0,"ThreePoint",15,0,1,1,2
"4197","Miles Bridges",4066383,401584876,"2024",1,2.82842712474619,0,"Close",16,0,0,1,1
"4198","Miles Bridges",4066383,401584876,"2024",1,26.0768096208106,0,"ThreePoint",17,1,0,0,1
"4199","Miles Bridges",4066383,401584954,"2024",1,0,0,"Close",1,NA,NA,NA,NA
"4200","Miles Bridges",4066383,401584954,"2024",0,26.8328157299975,0,"ThreePoint",2,1,NA,NA,NA
"4201","Miles Bridges",4066383,401584954,"2024",1,10.816653826392,0,"Midrange",3,0,1,NA,NA
"4202","Miles Bridges",4066383,401584954,"2024",0,2,0,"Close",4,1,0,1,2
"4203","Miles Bridges",4066383,401584954,"2024",0,17.2626765016321,0,"Midrange",5,0,1,0,1
"4204","Miles Bridges",4066383,401584954,"2024",0,9.05538513813742,0,"Midrange",6,0,0,1,1
"4205","Miles Bridges",4066383,401584954,"2024",0,25,0,"ThreePoint",7,0,0,0,0
"4206","Miles Bridges",4066383,401584954,"2024",1,25.298221281347,0,"ThreePoint",8,0,0,0,0
"4207","Miles Bridges",4066383,401584954,"2024",0,1.4142135623731,0,"Close",9,1,0,0,1
"4208","Miles Bridges",4066383,401584954,"2024",0,7.28010988928052,0,"Close",10,0,1,0,1
"4209","Miles Bridges",4066383,401584954,"2024",0,25.9422435421457,0,"ThreePoint",11,0,0,1,1
"4210","Miles Bridges",4066383,401584954,"2024",0,7.28010988928052,0,"Close",12,0,0,0,0
"4211","Miles Bridges",4066383,401584954,"2024",1,3.16227766016838,0,"Close",13,0,0,0,0
"4212","Miles Bridges",4066383,401584954,"2024",1,3.16227766016838,0,"Close",14,1,0,0,1
"4213","Miles Bridges",4066383,401584954,"2024",0,26.3058928759318,0,"ThreePoint",15,1,1,0,2
"4214","Miles Bridges",4066383,401584954,"2024",1,3.16227766016838,0,"Close",16,0,1,1,2
"4215","Miles Bridges",4066383,401584954,"2024",1,3.16227766016838,0,"Close",17,1,0,1,2
"4216","Miles Bridges",4066383,401584954,"2024",0,11.4017542509914,0,"Midrange",18,1,1,0,2
"4217","Miles Bridges",4066383,401584954,"2024",0,25.5538646783613,0,"ThreePoint",19,0,1,1,2
"4218","Miles Bridges",4066383,401584954,"2024",1,2,0,"Close",20,0,0,1,1
"4219","Miles Bridges",4066383,401584954,"2024",1,3.16227766016838,0,"Close",21,1,0,0,1
"4220","Miles Bridges",4066383,401584954,"2024",0,7.81024967590665,0,"Close",22,1,1,0,2
"4221","Miles Bridges",4066383,401584954,"2024",0,28.2842712474619,0,"ThreePoint",23,0,1,1,2
"4222","Miles Bridges",4066383,401584954,"2024",1,28.6356421265527,0,"ThreePoint",24,0,0,1,1
"4223","Nikola Jokic",3112335,400975489,"2018",1,20.0249843945008,0,"Midrange",1,NA,NA,NA,NA
"4224","Nikola Jokic",3112335,400975489,"2018",1,10.770329614269,0,"Midrange",2,1,NA,NA,NA
"4225","Nikola Jokic",3112335,400975489,"2018",1,17.7200451466693,0,"Midrange",3,1,1,NA,NA
"4226","Nikola Jokic",3112335,400975489,"2018",0,25.0199920063936,1,"ThreePoint",4,1,1,1,3
"4227","Nikola Jokic",3112335,400975489,"2018",0,0,0,"Close",5,0,1,1,2
"4228","Nikola Jokic",3112335,400975489,"2018",0,13.1529464379659,0,"Midrange",6,0,0,1,1
"4229","Nikola Jokic",3112335,400975489,"2018",1,1.4142135623731,0,"Close",7,0,0,0,0
"4230","Nikola Jokic",3112335,400975489,"2018",0,1.4142135623731,0,"Close",8,1,0,0,1
"4231","Nikola Jokic",3112335,400975489,"2018",0,3.60555127546399,0,"Close",9,0,1,0,1
"4232","Nikola Jokic",3112335,400975489,"2018",1,22.0907220343745,0,"ThreePoint",10,0,0,1,1
"4233","Nikola Jokic",3112335,400975489,"2018",0,25.9615099714943,0,"ThreePoint",11,1,0,0,1
"4234","Nikola Jokic",3112335,400975489,"2018",0,25.0199920063936,0,"ThreePoint",12,0,1,0,1
"4235","Nikola Jokic",3112335,400975489,"2018",0,2.82842712474619,0,"Close",13,0,0,1,1
"4236","Nikola Jokic",3112335,400975489,"2018",1,26,0,"ThreePoint",14,0,0,0,0
"4237","Nikola Jokic",3112335,400975489,"2018",1,4,0,"Close",15,1,0,0,1
"4238","Nikola Jokic",3112335,400975489,"2018",1,2.23606797749979,0,"Close",16,1,1,0,2
"4239","Nikola Jokic",3112335,400975489,"2018",0,3.16227766016838,1,"Close",17,1,1,1,3
"4240","Nikola Jokic",3112335,401070732,"2019",0,13.8924439894498,0,"Midrange",1,NA,NA,NA,NA
"4241","Nikola Jokic",3112335,401070732,"2019",1,3.16227766016838,0,"Close",2,0,NA,NA,NA
"4242","Nikola Jokic",3112335,401070732,"2019",1,2.23606797749979,0,"Close",3,1,0,NA,NA
"4243","Nikola Jokic",3112335,401070732,"2019",1,2,0,"Close",4,1,1,0,2
"4244","Nikola Jokic",3112335,401070732,"2019",0,2.23606797749979,1,"Close",5,1,1,1,3
"4245","Nikola Jokic",3112335,401070732,"2019",1,2,0,"Close",6,0,1,1,2
"4246","Nikola Jokic",3112335,401070732,"2019",1,5.8309518948453,0,"Close",7,1,0,1,2
"4247","Nikola Jokic",3112335,401070732,"2019",1,24.6981780704569,0,"ThreePoint",8,1,1,0,2
"4248","Nikola Jokic",3112335,401070732,"2019",0,24.7588368062799,1,"ThreePoint",9,1,1,1,3
"4249","Nikola Jokic",3112335,401070732,"2019",0,18.3847763108502,0,"Midrange",10,0,1,1,2
"4250","Nikola Jokic",3112335,401070732,"2019",0,3.16227766016838,0,"Close",11,0,0,1,1
"4251","Nikola Jokic",3112335,401071061,"2019",1,13.0384048104053,0,"Midrange",1,NA,NA,NA,NA
"4252","Nikola Jokic",3112335,401071061,"2019",1,2.23606797749979,0,"Close",2,1,NA,NA,NA
"4253","Nikola Jokic",3112335,401071061,"2019",1,3,0,"Close",3,1,1,NA,NA
"4254","Nikola Jokic",3112335,401071061,"2019",1,7.07106781186548,1,"Close",4,1,1,1,3
"4255","Nikola Jokic",3112335,401071061,"2019",0,27.2029410174709,1,"ThreePoint",5,1,1,1,3
"4256","Nikola Jokic",3112335,401071061,"2019",0,13.8924439894498,0,"Midrange",6,0,1,1,2
"4257","Nikola Jokic",3112335,401071061,"2019",0,2,0,"Close",7,0,0,1,1
"4258","Nikola Jokic",3112335,401071061,"2019",1,14.142135623731,0,"Midrange",8,0,0,0,0
"4259","Nikola Jokic",3112335,401071061,"2019",1,8.06225774829855,0,"Midrange",9,1,0,0,1
"4260","Nikola Jokic",3112335,401071061,"2019",0,3.16227766016838,0,"Close",10,1,1,0,2
"4261","Nikola Jokic",3112335,401071061,"2019",0,2.23606797749979,0,"Close",11,0,1,1,2
"4262","Nikola Jokic",3112335,401071061,"2019",0,6.70820393249937,0,"Close",12,0,0,1,1
"4263","Nikola Jokic",3112335,401071061,"2019",1,2,0,"Close",13,0,0,0,0
"4264","Nikola Jokic",3112335,401071061,"2019",1,7.07106781186548,0,"Close",14,1,0,0,1
"4265","Nikola Jokic",3112335,401071061,"2019",1,1,0,"Close",15,1,1,0,2
"4266","Nikola Jokic",3112335,401071061,"2019",0,13.9283882771841,1,"Midrange",16,1,1,1,3
"4267","Nikola Jokic",3112335,401071061,"2019",0,26.9258240356725,0,"ThreePoint",17,0,1,1,2
"4268","Nikola Jokic",3112335,401360306,"2022",0,14.142135623731,0,"Midrange",1,NA,NA,NA,NA
"4269","Nikola Jokic",3112335,401360306,"2022",1,11.1803398874989,0,"Midrange",2,0,NA,NA,NA
"4270","Nikola Jokic",3112335,401360306,"2022",0,11.7046999107196,0,"Midrange",3,1,0,NA,NA
"4271","Nikola Jokic",3112335,401360306,"2022",0,1,0,"Close",4,0,1,0,1
"4272","Nikola Jokic",3112335,401360306,"2022",1,2,0,"Close",5,0,0,1,1
"4273","Nikola Jokic",3112335,401360306,"2022",0,26.3058928759318,0,"ThreePoint",6,1,0,0,1
"4274","Nikola Jokic",3112335,401360306,"2022",1,5,0,"Close",7,0,1,0,1
"4275","Nikola Jokic",3112335,401360306,"2022",0,7.07106781186548,0,"Close",8,1,0,1,2
"4276","Nikola Jokic",3112335,401360306,"2022",0,3,0,"Close",9,0,1,0,1
"4277","Nikola Jokic",3112335,401360306,"2022",0,1,0,"Close",10,0,0,1,1
"4278","Nikola Jokic",3112335,401360306,"2022",0,6.08276253029822,0,"Close",11,0,0,0,0
"4279","Nikola Jokic",3112335,401360306,"2022",0,26.0768096208106,0,"ThreePoint",12,0,0,0,0
"4280","Nikola Jokic",3112335,401360306,"2022",1,2.23606797749979,0,"Close",13,0,0,0,0
"4281","Nikola Jokic",3112335,401360306,"2022",0,10,0,"Midrange",14,1,0,0,1
"4282","Nikola Jokic",3112335,401360306,"2022",1,2.23606797749979,0,"Close",15,0,1,0,1
"4283","Nikola Jokic",3112335,401360306,"2022",1,2,0,"Close",16,1,0,1,2
"4284","Nikola Jokic",3112335,401360306,"2022",0,14,0,"Midrange",17,1,1,0,2
"4285","Nikola Jokic",3112335,401360306,"2022",0,17.0293863659264,0,"Midrange",18,0,1,1,2
"4286","Nikola Jokic",3112335,401360306,"2022",0,4.12310562561766,0,"Close",19,0,0,1,1
"4287","Nikola Jokic",3112335,401360306,"2022",1,0,0,"Close",20,0,0,0,0
"4288","Nikola Jokic",3112335,401360306,"2022",0,19.723082923316,0,"Midrange",21,1,0,0,1
"4289","Nikola Jokic",3112335,401360306,"2022",1,4,0,"Close",22,0,1,0,1
"4290","Nikola Jokic",3112335,401360306,"2022",0,25.9615099714943,0,"ThreePoint",23,1,0,1,2
"4291","Nikola Jokic",3112335,401360306,"2022",0,23.1948270094864,0,"ThreePoint",24,0,1,0,1
"4292","Nikola Jokic",3112335,401360306,"2022",1,3.16227766016838,0,"Close",25,0,0,1,1
"4293","Nikola Jokic",3112335,401360306,"2022",1,27.1661554144122,0,"ThreePoint",26,1,0,0,1
"4294","Nikola Jokic",3112335,401360306,"2022",1,7.07106781186548,0,"Close",27,1,1,0,2
"4295","Nikola Jokic",3112335,401360306,"2022",1,11.0453610171873,1,"Midrange",28,1,1,1,3
"4296","Nikola Jokic",3112335,401360306,"2022",0,3.60555127546399,1,"Close",29,1,1,1,3
"4297","Nikola Jokic",3112335,401360306,"2022",1,2,0,"Close",30,0,1,1,2
"4298","Nikola Jokic",3112335,401360306,"2022",0,6.32455532033676,0,"Close",31,1,0,1,2
"4299","Nikola Jokic",3112335,401360306,"2022",0,4.12310562561766,0,"Close",32,0,1,0,1
"4300","Nikola Jokic",3112335,401360306,"2022",0,4.47213595499958,0,"Close",33,0,0,1,1
"4301","Nikola Jokic",3112335,401360306,"2022",0,27.7308492477241,0,"ThreePoint",34,0,0,0,0
"4302","Nikola Jokic",3112335,401468644,"2023",1,6.70820393249937,0,"Close",1,NA,NA,NA,NA
"4303","Nikola Jokic",3112335,401468644,"2023",0,10.4403065089106,0,"Midrange",2,1,NA,NA,NA
"4304","Nikola Jokic",3112335,401468644,"2023",1,2.82842712474619,0,"Close",3,0,1,NA,NA
"4305","Nikola Jokic",3112335,401468644,"2023",0,3.60555127546399,0,"Close",4,1,0,1,2
"4306","Nikola Jokic",3112335,401468644,"2023",1,4.47213595499958,0,"Close",5,0,1,0,1
"4307","Nikola Jokic",3112335,401468644,"2023",1,1.4142135623731,0,"Close",6,1,0,1,2
"4308","Nikola Jokic",3112335,401468644,"2023",1,2.82842712474619,0,"Close",7,1,1,0,2
"4309","Nikola Jokic",3112335,401468644,"2023",0,13.1529464379659,1,"Midrange",8,1,1,1,3
"4310","Nikola Jokic",3112335,401468644,"2023",0,10.0498756211209,0,"Midrange",9,0,1,1,2
"4311","Nikola Jokic",3112335,401468644,"2023",0,3.60555127546399,0,"Close",10,0,0,1,1
"4312","Nikola Jokic",3112335,401468644,"2023",1,8.06225774829855,0,"Midrange",11,0,0,0,0
"4313","Nikola Jokic",3112335,401468644,"2023",0,3.60555127546399,0,"Close",12,1,0,0,1
"4314","Nikola Jokic",3112335,401468644,"2023",1,16.2788205960997,0,"Midrange",13,0,1,0,1
"4315","Nikola Jokic",3112335,401468644,"2023",0,3.60555127546399,0,"Close",14,1,0,1,2
"4316","Nikola Jokic",3112335,401468644,"2023",0,10,0,"Midrange",15,0,1,0,1
"4317","Nikola Jokic",3112335,401468644,"2023",1,2.82842712474619,0,"Close",16,0,0,1,1
"4318","Nikola Jokic",3112335,401468644,"2023",1,2.23606797749979,0,"Close",17,1,0,0,1
"4319","Nikola Jokic",3112335,401468644,"2023",1,17.0293863659264,0,"Midrange",18,1,1,0,2
"4320","Nikola Jokic",3112335,401468644,"2023",1,2.82842712474619,1,"Close",19,1,1,1,3
"4321","Nikola Jokic",3112335,401468644,"2023",0,7.61577310586391,1,"Close",20,1,1,1,3
"4322","Nikola Jokic",3112335,401468644,"2023",1,15.556349186104,0,"Midrange",21,0,1,1,2
"4323","Nikola Jokic",3112335,401584968,"2024",1,5,0,"Close",1,NA,NA,NA,NA
"4324","Nikola Jokic",3112335,401584968,"2024",0,2.23606797749979,0,"Close",2,1,NA,NA,NA
"4325","Nikola Jokic",3112335,401584968,"2024",1,5.3851648071345,0,"Close",3,0,1,NA,NA
"4326","Nikola Jokic",3112335,401584968,"2024",1,14.142135623731,0,"Midrange",4,1,0,1,2
"4327","Nikola Jokic",3112335,401584968,"2024",1,11.1803398874989,0,"Midrange",5,1,1,0,2
"4328","Nikola Jokic",3112335,401584968,"2024",1,6.32455532033676,1,"Close",6,1,1,1,3
"4329","Nikola Jokic",3112335,401584968,"2024",1,1.4142135623731,1,"Close",7,1,1,1,3
"4330","Nikola Jokic",3112335,401584968,"2024",0,5,1,"Close",8,1,1,1,3
"4331","Nikola Jokic",3112335,401584968,"2024",0,5,0,"Close",9,0,1,1,2
"4332","Nikola Jokic",3112335,401584968,"2024",0,1,0,"Close",10,0,0,1,1
"4333","Nikola Jokic",3112335,401584968,"2024",0,4.12310562561766,0,"Close",11,0,0,0,0
"4334","Nikola Jokic",3112335,401584968,"2024",1,1.4142135623731,0,"Close",12,0,0,0,0
"4335","Nikola Jokic",3112335,401584968,"2024",1,25,0,"ThreePoint",13,1,0,0,1
"4336","Nikola Jokic",3112335,401584968,"2024",0,1.4142135623731,0,"Close",14,1,1,0,2
"4337","Nikola Jokic",3112335,401584968,"2024",0,27.2946881279124,0,"ThreePoint",15,0,1,1,2
"4338","Nikola Jokic",3112335,401704760,"2025",1,4,0,"Close",1,NA,NA,NA,NA
"4339","Nikola Jokic",3112335,401704760,"2025",1,1,0,"Close",2,1,NA,NA,NA
"4340","Nikola Jokic",3112335,401704760,"2025",0,12.369316876853,0,"Midrange",3,1,1,NA,NA
"4341","Nikola Jokic",3112335,401704760,"2025",1,1,0,"Close",4,0,1,1,2
"4342","Nikola Jokic",3112335,401704760,"2025",1,3,0,"Close",5,1,0,1,2
"4343","Nikola Jokic",3112335,401704760,"2025",1,3.16227766016838,0,"Close",6,1,1,0,2
"4344","Nikola Jokic",3112335,401704760,"2025",1,2,1,"Close",7,1,1,1,3
"4345","Nikola Jokic",3112335,401704760,"2025",1,1.4142135623731,1,"Close",8,1,1,1,3
"4346","Nikola Jokic",3112335,401704760,"2025",1,0,1,"Close",9,1,1,1,3
"4347","Nikola Jokic",3112335,401704760,"2025",1,7.28010988928052,1,"Close",10,1,1,1,3
"4348","Nikola Jokic",3112335,401704760,"2025",1,5,1,"Close",11,1,1,1,3
"4349","Nikola Jokic",3112335,401704760,"2025",0,4.12310562561766,1,"Close",12,1,1,1,3
"4350","Nikola Jokic",3112335,401704760,"2025",1,25.0798724079689,0,"ThreePoint",13,0,1,1,2
"4351","Nikola Vucevic",6478,400828507,"2016",0,19.0262975904404,0,"Midrange",1,NA,NA,NA,NA
"4352","Nikola Vucevic",6478,400828507,"2016",0,19.6468827043885,0,"Midrange",2,0,NA,NA,NA
"4353","Nikola Vucevic",6478,400828507,"2016",1,18.9736659610103,0,"Midrange",3,0,0,NA,NA
"4354","Nikola Vucevic",6478,400828507,"2016",1,17.0293863659264,0,"Midrange",4,1,0,0,1
"4355","Nikola Vucevic",6478,400828507,"2016",1,17.8044938147649,0,"Midrange",5,1,1,0,2
"4356","Nikola Vucevic",6478,400828507,"2016",0,2,1,"Close",6,1,1,1,3
"4357","Nikola Vucevic",6478,400828507,"2016",0,20.2484567313166,0,"Midrange",7,0,1,1,2
"4358","Nikola Vucevic",6478,400828507,"2016",1,8,0,"Close",8,0,0,1,1
"4359","Nikola Vucevic",6478,400828507,"2016",0,14,0,"Midrange",9,1,0,0,1
"4360","Nikola Vucevic",6478,400828507,"2016",0,1,0,"Close",10,0,1,0,1
"4361","Nikola Vucevic",6478,400899742,"2017",0,2,0,"Close",1,NA,NA,NA,NA
"4362","Nikola Vucevic",6478,400899742,"2017",1,1,0,"Close",2,0,NA,NA,NA
"4363","Nikola Vucevic",6478,400899742,"2017",0,27.5136329843952,0,"ThreePoint",3,1,0,NA,NA
"4364","Nikola Vucevic",6478,400899742,"2017",1,14.3178210632764,0,"Midrange",4,0,1,0,1
"4365","Nikola Vucevic",6478,400899742,"2017",1,16.9705627484771,0,"Midrange",5,1,0,1,2
"4366","Nikola Vucevic",6478,400899742,"2017",1,8.06225774829855,0,"Midrange",6,1,1,0,2
"4367","Nikola Vucevic",6478,400899742,"2017",1,13.1529464379659,1,"Midrange",7,1,1,1,3
"4368","Nikola Vucevic",6478,400899742,"2017",1,20.8086520466848,1,"Midrange",8,1,1,1,3
"4369","Nikola Vucevic",6478,400899742,"2017",0,18.4390889145858,1,"Midrange",9,1,1,1,3
"4370","Nikola Vucevic",6478,400899742,"2017",0,12.1655250605964,0,"Midrange",10,0,1,1,2
"4371","Nikola Vucevic",6478,400899742,"2017",0,18.3847763108502,0,"Midrange",11,0,0,1,1
"4372","Nikola Vucevic",6478,400899742,"2017",1,5.8309518948453,0,"Close",12,0,0,0,0
"4373","Nikola Vucevic",6478,400899742,"2017",1,8.54400374531753,0,"Midrange",13,1,0,0,1
"4374","Nikola Vucevic",6478,400899742,"2017",0,17.7200451466693,0,"Midrange",14,1,1,0,2
"4375","Nikola Vucevic",6478,400900019,"2017",1,4.12310562561766,0,"Close",1,NA,NA,NA,NA
"4376","Nikola Vucevic",6478,400900019,"2017",1,12.5299640861417,0,"Midrange",2,1,NA,NA,NA
"4377","Nikola Vucevic",6478,400900019,"2017",1,8.48528137423857,0,"Midrange",3,1,1,NA,NA
"4378","Nikola Vucevic",6478,400900019,"2017",0,12.0830459735946,1,"Midrange",4,1,1,1,3
"4379","Nikola Vucevic",6478,400900019,"2017",0,9.21954445729289,0,"Midrange",5,0,1,1,2
"4380","Nikola Vucevic",6478,400900019,"2017",1,4.47213595499958,0,"Close",6,0,0,1,1
"4381","Nikola Vucevic",6478,400900019,"2017",1,15.0332963783729,0,"Midrange",7,1,0,0,1
"4382","Nikola Vucevic",6478,400900019,"2017",1,18.8679622641132,0,"Midrange",8,1,1,0,2
"4383","Nikola Vucevic",6478,400900019,"2017",1,3,1,"Close",9,1,1,1,3
"4384","Nikola Vucevic",6478,400900019,"2017",0,19,1,"Midrange",10,1,1,1,3
"4385","Nikola Vucevic",6478,400900019,"2017",0,9,0,"Midrange",11,0,1,1,2
"4386","Nikola Vucevic",6478,400900019,"2017",1,19.1049731745428,0,"Midrange",12,0,0,1,1
"4387","Nikola Vucevic",6478,400900019,"2017",1,12.0415945787923,0,"Midrange",13,1,0,0,1
"4388","Nikola Vucevic",6478,400900019,"2017",0,0,0,"Close",14,1,1,0,2
"4389","Nikola Vucevic",6478,400900019,"2017",1,18.1107702762748,0,"Midrange",15,0,1,1,2
"4390","Nikola Vucevic",6478,400900019,"2017",1,2,0,"Close",16,1,0,1,2
"4391","Nikola Vucevic",6478,400900019,"2017",1,16.4924225024706,0,"Midrange",17,1,1,0,2
"4392","Nikola Vucevic",6478,400900019,"2017",1,18.6010752377383,1,"Midrange",18,1,1,1,3
"4393","Nikola Vucevic",6478,401161199,"2020",0,26.4196896272458,0,"ThreePoint",1,NA,NA,NA,NA
"4394","Nikola Vucevic",6478,401161199,"2020",1,13.6014705087354,0,"Midrange",2,0,NA,NA,NA
"4395","Nikola Vucevic",6478,401161199,"2020",1,3.60555127546399,0,"Close",3,1,0,NA,NA
"4396","Nikola Vucevic",6478,401161199,"2020",1,5.09901951359278,0,"Close",4,1,1,0,2
"4397","Nikola Vucevic",6478,401161199,"2020",0,5.3851648071345,1,"Close",5,1,1,1,3
"4398","Nikola Vucevic",6478,401161199,"2020",0,26.9258240356725,0,"ThreePoint",6,0,1,1,2
"4399","Nikola Vucevic",6478,401161199,"2020",0,11.1803398874989,0,"Midrange",7,0,0,1,1
"4400","Nikola Vucevic",6478,401161199,"2020",1,6,0,"Close",8,0,0,0,0
"4401","Nikola Vucevic",6478,401161199,"2020",1,2.23606797749979,0,"Close",9,1,0,0,1
"4402","Nikola Vucevic",6478,401161199,"2020",1,24.0416305603426,0,"ThreePoint",10,1,1,0,2
"4403","Nikola Vucevic",6478,401161199,"2020",0,27.2946881279124,1,"ThreePoint",11,1,1,1,3
"4404","Nikola Vucevic",6478,401161199,"2020",1,5.65685424949238,0,"Close",12,0,1,1,2
"4405","Nikola Vucevic",6478,401161199,"2020",1,2.82842712474619,0,"Close",13,1,0,1,2
"4406","Nikola Vucevic",6478,401161199,"2020",0,5.09901951359278,0,"Close",14,1,1,0,2
"4407","Nikola Vucevic",6478,401161199,"2020",1,0,0,"Close",15,0,1,1,2
"4408","Nikola Vucevic",6478,401161199,"2020",1,15.2643375224737,0,"Midrange",16,1,0,1,2
"4409","Nikola Vucevic",6478,401161199,"2020",0,25.9422435421457,0,"ThreePoint",17,1,1,0,2
"4410","Nikola Vucevic",6478,401161199,"2020",1,2.23606797749979,0,"Close",18,0,1,1,2
"4411","Nikola Vucevic",6478,401161199,"2020",1,27.0739727413618,0,"ThreePoint",19,1,0,1,2
"4412","Nikola Vucevic",6478,401161199,"2020",0,3.16227766016838,0,"Close",20,1,1,0,2
"4413","Nikola Vucevic",6478,401360095,"2022",0,8.60232526704263,0,"Midrange",1,NA,NA,NA,NA
"4414","Nikola Vucevic",6478,401360095,"2022",0,12,0,"Midrange",2,0,NA,NA,NA
"4415","Nikola Vucevic",6478,401360095,"2022",0,26.9258240356725,0,"ThreePoint",3,0,0,NA,NA
"4416","Nikola Vucevic",6478,401360095,"2022",1,1.4142135623731,0,"Close",4,0,0,0,0
"4417","Nikola Vucevic",6478,401360095,"2022",0,16.1245154965971,0,"Midrange",5,1,0,0,1
"4418","Nikola Vucevic",6478,401360095,"2022",0,14.3178210632764,0,"Midrange",6,0,1,0,1
"4419","Nikola Vucevic",6478,401360095,"2022",1,10.1980390271856,0,"Midrange",7,0,0,1,1
"4420","Nikola Vucevic",6478,401360095,"2022",1,27.1661554144122,0,"ThreePoint",8,1,0,0,1
"4421","Nikola Vucevic",6478,401360095,"2022",1,19,0,"Midrange",9,1,1,0,2
"4422","Nikola Vucevic",6478,401360095,"2022",0,2.82842712474619,1,"Close",10,1,1,1,3
"4423","Nikola Vucevic",6478,401360095,"2022",0,11.1803398874989,0,"Midrange",11,0,1,1,2
"4424","Nikola Vucevic",6478,401360095,"2022",1,10.1980390271856,0,"Midrange",12,0,0,1,1
"4425","Nikola Vucevic",6478,401360095,"2022",0,19.2353840616713,0,"Midrange",13,1,0,0,1
"4426","Nikola Vucevic",6478,401360095,"2022",0,26.0768096208106,0,"ThreePoint",14,0,1,0,1
"4427","Nikola Vucevic",6478,401360095,"2022",1,25,0,"ThreePoint",15,0,0,1,1
"4428","Nikola Vucevic",6478,401360095,"2022",0,26,0,"ThreePoint",16,1,0,0,1
"4429","Nikola Vucevic",6478,401468805,"2023",0,5,0,"Close",1,NA,NA,NA,NA
"4430","Nikola Vucevic",6478,401468805,"2023",1,3,0,"Close",2,0,NA,NA,NA
"4431","Nikola Vucevic",6478,401468805,"2023",0,20,0,"Midrange",3,1,0,NA,NA
"4432","Nikola Vucevic",6478,401468805,"2023",1,25.9615099714943,0,"ThreePoint",4,0,1,0,1
"4433","Nikola Vucevic",6478,401468805,"2023",1,18.2482875908947,0,"Midrange",5,1,0,1,2
"4434","Nikola Vucevic",6478,401468805,"2023",1,7.28010988928052,0,"Close",6,1,1,0,2
"4435","Nikola Vucevic",6478,401468805,"2023",1,25.4950975679639,1,"ThreePoint",7,1,1,1,3
"4436","Nikola Vucevic",6478,401468805,"2023",0,18.4390889145858,1,"Midrange",8,1,1,1,3
"4437","Nikola Vucevic",6478,401468805,"2023",1,9.21954445729289,0,"Midrange",9,0,1,1,2
"4438","Nikola Vucevic",6478,401468805,"2023",1,0,0,"Close",10,1,0,1,2
"4439","Nikola Vucevic",6478,401468805,"2023",0,12.6491106406735,0,"Midrange",11,1,1,0,2
"4440","Nikola Vucevic",6478,401468805,"2023",0,24.5967477524977,0,"ThreePoint",12,0,1,1,2
"4441","Nikola Vucevic",6478,401468805,"2023",0,9.05538513813742,0,"Midrange",13,0,0,1,1
"4442","Nikola Vucevic",6478,401468805,"2023",0,1,0,"Close",14,0,0,0,0
"4443","Nikola Vucevic",6478,401468805,"2023",1,9.48683298050514,0,"Midrange",15,0,0,0,0
"4444","Nikola Vucevic",6478,401468805,"2023",0,25.0599281722833,0,"ThreePoint",16,1,0,0,1
"4445","Nikola Vucevic",6478,401468805,"2023",0,25.4950975679639,0,"ThreePoint",17,0,1,0,1
"4446","Nikola Vucevic",6478,401468805,"2023",1,26.0192236625154,0,"ThreePoint",18,0,0,1,1
"4447","Nikola Vucevic",6478,401468805,"2023",1,1,0,"Close",19,1,0,0,1
"4448","Nikola Vucevic",6478,401468805,"2023",0,6.40312423743285,0,"Close",20,1,1,0,2
"4449","Nikola Vucevic",6478,401468805,"2023",1,4,0,"Close",21,0,1,1,2
"4450","Nikola Vucevic",6478,401468805,"2023",1,19.1049731745428,0,"Midrange",22,1,0,1,2
"4451","Nikola Vucevic",6478,401468805,"2023",1,27.8926513619627,0,"ThreePoint",23,1,1,0,2
"4452","Nikola Vucevic",6478,401468805,"2023",1,25.9615099714943,1,"ThreePoint",24,1,1,1,3
"4453","Nikola Vucevic",6478,401468805,"2023",0,26.4007575648882,1,"ThreePoint",25,1,1,1,3
"4454","Nikola Vucevic",6478,401468805,"2023",1,8.48528137423857,0,"Midrange",26,0,1,1,2
"4455","Nikola Vucevic",6478,401468805,"2023",0,27.3130005674953,0,"ThreePoint",27,1,0,1,2
"4456","Nikola Vucevic",6478,401468805,"2023",1,6,0,"Close",28,0,1,0,1
"4457","Nikola Vucevic",6478,401468805,"2023",1,2.23606797749979,0,"Close",29,1,0,1,2
"4458","Nikola Vucevic",6478,401468805,"2023",0,0,0,"Close",30,1,1,0,2
"4459","Nikola Vucevic",6478,401468805,"2023",1,0,0,"Close",31,0,1,1,2
"4460","Nikola Vucevic",6478,401469365,"2023",0,26,0,"ThreePoint",1,NA,NA,NA,NA
"4461","Nikola Vucevic",6478,401469365,"2023",1,9.48683298050514,0,"Midrange",2,0,NA,NA,NA
"4462","Nikola Vucevic",6478,401469365,"2023",0,26.1725046566048,0,"ThreePoint",3,1,0,NA,NA
"4463","Nikola Vucevic",6478,401469365,"2023",1,12,0,"Midrange",4,0,1,0,1
"4464","Nikola Vucevic",6478,401469365,"2023",1,3,0,"Close",5,1,0,1,2
"4465","Nikola Vucevic",6478,401469365,"2023",0,17.8885438199983,0,"Midrange",6,1,1,0,2
"4466","Nikola Vucevic",6478,401469365,"2023",1,6.08276253029822,0,"Close",7,0,1,1,2
"4467","Nikola Vucevic",6478,401469365,"2023",1,6.08276253029822,0,"Close",8,1,0,1,2
"4468","Nikola Vucevic",6478,401469365,"2023",1,13,0,"Midrange",9,1,1,0,2
"4469","Nikola Vucevic",6478,401469365,"2023",0,5,1,"Close",10,1,1,1,3
"4470","Nikola Vucevic",6478,401469365,"2023",1,25.1793566240283,0,"ThreePoint",11,0,1,1,2
"4471","Nikola Vucevic",6478,401704785,"2025",1,16.4924225024706,0,"Midrange",1,NA,NA,NA,NA
"4472","Nikola Vucevic",6478,401704785,"2025",1,4.24264068711928,0,"Close",2,1,NA,NA,NA
"4473","Nikola Vucevic",6478,401704785,"2025",1,7.28010988928052,0,"Close",3,1,1,NA,NA
"4474","Nikola Vucevic",6478,401704785,"2025",0,26,1,"ThreePoint",4,1,1,1,3
"4475","Nikola Vucevic",6478,401704785,"2025",0,14.3178210632764,0,"Midrange",5,0,1,1,2
"4476","Nikola Vucevic",6478,401704785,"2025",1,6,0,"Close",6,0,0,1,1
"4477","Nikola Vucevic",6478,401704785,"2025",1,2,0,"Close",7,1,0,0,1
"4478","Nikola Vucevic",6478,401704785,"2025",1,1,0,"Close",8,1,1,0,2
"4479","Nikola Vucevic",6478,401704785,"2025",1,3,1,"Close",9,1,1,1,3
"4480","Nikola Vucevic",6478,401704785,"2025",0,25.0798724079689,1,"ThreePoint",10,1,1,1,3
"4481","Nikola Vucevic",6478,401704785,"2025",0,7.81024967590665,0,"Close",11,0,1,1,2
"4482","Nikola Vucevic",6478,401704785,"2025",1,3.16227766016838,0,"Close",12,0,0,1,1
"4483","Nikola Vucevic",6478,401704785,"2025",1,1.4142135623731,0,"Close",13,1,0,0,1
"4484","Nikola Vucevic",6478,401704785,"2025",0,18.3847763108502,0,"Midrange",14,1,1,0,2
"4485","OG Anunoby",3934719,401704785,"2025",0,24.2074368738204,0,"ThreePoint",1,NA,NA,NA,NA
"4486","OG Anunoby",3934719,401704785,"2025",0,2.23606797749979,0,"Close",2,0,NA,NA,NA
"4487","OG Anunoby",3934719,401704785,"2025",0,25.0798724079689,0,"ThreePoint",3,0,0,NA,NA
"4488","OG Anunoby",3934719,401704785,"2025",1,22,0,"Midrange",4,0,0,0,0
"4489","OG Anunoby",3934719,401704785,"2025",0,3,0,"Close",5,1,0,0,1
"4490","OG Anunoby",3934719,401704785,"2025",0,3,0,"Close",6,0,1,0,1
"4491","OG Anunoby",3934719,401704785,"2025",0,25.4950975679639,0,"ThreePoint",7,0,0,1,1
"4492","OG Anunoby",3934719,401704785,"2025",0,25.4950975679639,0,"ThreePoint",8,0,0,0,0
"4493","OG Anunoby",3934719,401704785,"2025",0,22.0907220343745,0,"ThreePoint",9,0,0,0,0
"4494","OG Anunoby",3934719,401704785,"2025",1,26.0768096208106,0,"ThreePoint",10,0,0,0,0
"4495","OG Anunoby",3934719,401704785,"2025",0,10,0,"Midrange",11,1,0,0,1
"4496","OG Anunoby",3934719,401704785,"2025",1,1,0,"Close",12,0,1,0,1
"4497","OG Anunoby",3934719,401704785,"2025",1,1,0,"Close",13,1,0,1,2
"4498","OG Anunoby",3934719,401704785,"2025",1,1.4142135623731,0,"Close",14,1,1,0,2
"4499","Paolo Banchero",4432573,401468634,"2023",1,25.8069758011279,0,"ThreePoint",1,NA,NA,NA,NA
"4500","Paolo Banchero",4432573,401468634,"2023",0,16.1245154965971,0,"Midrange",2,1,NA,NA,NA
"4501","Paolo Banchero",4432573,401468634,"2023",1,1.4142135623731,0,"Close",3,0,1,NA,NA
"4502","Paolo Banchero",4432573,401468634,"2023",0,15,0,"Midrange",4,1,0,1,2
"4503","Paolo Banchero",4432573,401468634,"2023",0,8.24621125123532,0,"Midrange",5,0,1,0,1
"4504","Paolo Banchero",4432573,401468634,"2023",0,26.4007575648882,0,"ThreePoint",6,0,0,1,1
"4505","Paolo Banchero",4432573,401468634,"2023",0,2,0,"Close",7,0,0,0,0
"4506","Paolo Banchero",4432573,401468634,"2023",1,1.4142135623731,0,"Close",8,0,0,0,0
"4507","Paolo Banchero",4432573,401468634,"2023",1,25,0,"ThreePoint",9,1,0,0,1
"4508","Paolo Banchero",4432573,401468634,"2023",0,23.7697286480094,0,"ThreePoint",10,1,1,0,2
"4509","Paolo Banchero",4432573,401468634,"2023",0,2,0,"Close",11,0,1,1,2
"4510","Paolo Banchero",4432573,401468634,"2023",1,1,0,"Close",12,0,0,1,1
"4511","Paolo Banchero",4432573,401468634,"2023",1,26.8328157299975,0,"ThreePoint",13,1,0,0,1
"4512","Paolo Banchero",4432573,401468634,"2023",0,25,0,"ThreePoint",14,1,1,0,2
"4513","Paolo Banchero",4432573,401468634,"2023",1,3.16227766016838,0,"Close",15,0,1,1,2
"4514","Paolo Banchero",4432573,401584876,"2024",1,9.05538513813742,0,"Midrange",1,NA,NA,NA,NA
"4515","Paolo Banchero",4432573,401584876,"2024",0,17.464249196573,0,"Midrange",2,1,NA,NA,NA
"4516","Paolo Banchero",4432573,401584876,"2024",1,2.23606797749979,0,"Close",3,0,1,NA,NA
"4517","Paolo Banchero",4432573,401584876,"2024",0,14.142135623731,0,"Midrange",4,1,0,1,2
"4518","Paolo Banchero",4432573,401584876,"2024",1,2.23606797749979,0,"Close",5,0,1,0,1
"4519","Paolo Banchero",4432573,401584876,"2024",1,2,0,"Close",6,1,0,1,2
"4520","Paolo Banchero",4432573,401584876,"2024",0,27,0,"ThreePoint",7,1,1,0,2
"4521","Paolo Banchero",4432573,401584876,"2024",1,27.8567765543682,0,"ThreePoint",8,0,1,1,2
"4522","Paolo Banchero",4432573,401584876,"2024",0,1.4142135623731,0,"Close",9,1,0,1,2
"4523","Paolo Banchero",4432573,401584876,"2024",0,26.1725046566048,0,"ThreePoint",10,0,1,0,1
"4524","Paolo Banchero",4432573,401584876,"2024",0,15.2970585407784,0,"Midrange",11,0,0,1,1
"4525","Paolo Banchero",4432573,401584876,"2024",1,2,0,"Close",12,0,0,0,0
"4526","Paolo Banchero",4432573,401584876,"2024",0,9.21954445729289,0,"Midrange",13,1,0,0,1
"4527","Paolo Banchero",4432573,401584876,"2024",1,1.4142135623731,0,"Close",14,0,1,0,1
"4528","Paolo Banchero",4432573,401584876,"2024",1,7.28010988928052,0,"Close",15,1,0,1,2
"4529","Paolo Banchero",4432573,401584876,"2024",0,3.60555127546399,0,"Close",16,1,1,0,2
"4530","Paolo Banchero",4432573,401584876,"2024",0,27.2029410174709,0,"ThreePoint",17,0,1,1,2
"4531","Paolo Banchero",4432573,401584876,"2024",1,24.7588368062799,0,"ThreePoint",18,0,0,1,1
"4532","Paolo Banchero",4432573,401584910,"2024",1,3,0,"Close",1,NA,NA,NA,NA
"4533","Paolo Banchero",4432573,401584910,"2024",0,15.6524758424985,0,"Midrange",2,1,NA,NA,NA
"4534","Paolo Banchero",4432573,401584910,"2024",0,12.7279220613579,0,"Midrange",3,0,1,NA,NA
"4535","Paolo Banchero",4432573,401584910,"2024",0,7.21110255092798,0,"Close",4,0,0,1,1
"4536","Paolo Banchero",4432573,401584910,"2024",0,8.24621125123532,0,"Midrange",5,0,0,0,0
"4537","Paolo Banchero",4432573,401584910,"2024",1,2,0,"Close",6,0,0,0,0
"4538","Paolo Banchero",4432573,401584910,"2024",0,10.0498756211209,0,"Midrange",7,1,0,0,1
"4539","Paolo Banchero",4432573,401584910,"2024",1,1,0,"Close",8,0,1,0,1
"4540","Paolo Banchero",4432573,401584910,"2024",0,18.0277563773199,0,"Midrange",9,1,0,1,2
"4541","Paolo Banchero",4432573,401584910,"2024",0,27.459060435492,0,"ThreePoint",10,0,1,0,1
"4542","Paolo Banchero",4432573,401584910,"2024",1,1,0,"Close",11,0,0,1,1
"4543","Paolo Banchero",4432573,401584910,"2024",1,2.82842712474619,0,"Close",12,1,0,0,1
"4544","Paolo Banchero",4432573,401584910,"2024",0,11.1803398874989,0,"Midrange",13,1,1,0,2
"4545","Paolo Banchero",4432573,401584910,"2024",1,3.60555127546399,0,"Close",14,0,1,1,2
"4546","Paolo Banchero",4432573,401584910,"2024",0,27.0185121722126,0,"ThreePoint",15,1,0,1,2
"4547","Pascal Siakam",3149673,401267452,"2021",1,10.1980390271856,0,"Midrange",1,NA,NA,NA,NA
"4548","Pascal Siakam",3149673,401267452,"2021",0,25.4950975679639,0,"ThreePoint",2,1,NA,NA,NA
"4549","Pascal Siakam",3149673,401267452,"2021",1,2,0,"Close",3,0,1,NA,NA
"4550","Pascal Siakam",3149673,401267452,"2021",0,16.2788205960997,0,"Midrange",4,1,0,1,2
"4551","Pascal Siakam",3149673,401267452,"2021",0,6.70820393249937,0,"Close",5,0,1,0,1
"4552","Pascal Siakam",3149673,401267452,"2021",1,1.4142135623731,0,"Close",6,0,0,1,1
"4553","Pascal Siakam",3149673,401267452,"2021",1,5.09901951359278,0,"Close",7,1,0,0,1
"4554","Pascal Siakam",3149673,401267452,"2021",0,17.7200451466693,0,"Midrange",8,1,1,0,2
"4555","Pascal Siakam",3149673,401267452,"2021",0,4.24264068711928,0,"Close",9,0,1,1,2
"4556","Pascal Siakam",3149673,401267452,"2021",1,3,0,"Close",10,0,0,1,1
"4557","Pascal Siakam",3149673,401267452,"2021",0,3.60555127546399,0,"Close",11,1,0,0,1
"4558","Pascal Siakam",3149673,401267452,"2021",1,1.4142135623731,0,"Close",12,0,1,0,1
"4559","Pascal Siakam",3149673,401267452,"2021",0,2.23606797749979,0,"Close",13,1,0,1,2
"4560","Pascal Siakam",3149673,401267452,"2021",1,3.60555127546399,0,"Close",14,0,1,0,1
"4561","Pascal Siakam",3149673,401267452,"2021",1,1.4142135623731,0,"Close",15,1,0,1,2
"4562","Pascal Siakam",3149673,401267452,"2021",1,1.4142135623731,0,"Close",16,1,1,0,2
"4563","Pascal Siakam",3149673,401267452,"2021",1,4.47213595499958,1,"Close",17,1,1,1,3
"4564","Pascal Siakam",3149673,401267452,"2021",0,9.8488578017961,1,"Midrange",18,1,1,1,3
"4565","Pascal Siakam",3149673,401267452,"2021",0,2.82842712474619,0,"Close",19,0,1,1,2
"4566","Pascal Siakam",3149673,401267452,"2021",1,0,0,"Close",20,0,0,1,1
"4567","Paul George",4251,401585631,"2024",0,23.5372045918796,0,"ThreePoint",1,NA,NA,NA,NA
"4568","Paul George",4251,401585631,"2024",1,3.16227766016838,0,"Close",2,0,NA,NA,NA
"4569","Paul George",4251,401585631,"2024",1,16.1245154965971,0,"Midrange",3,1,0,NA,NA
"4570","Paul George",4251,401585631,"2024",1,23.5372045918796,0,"ThreePoint",4,1,1,0,2
"4571","Paul George",4251,401585631,"2024",0,14.0356688476182,1,"Midrange",5,1,1,1,3
"4572","Paul George",4251,401585631,"2024",0,24.0416305603426,0,"ThreePoint",6,0,1,1,2
"4573","Paul George",4251,401585631,"2024",1,14.8660687473185,0,"Midrange",7,0,0,1,1
"4574","Paul George",4251,401585631,"2024",1,27.6586333718787,0,"ThreePoint",8,1,0,0,1
"4575","Paul George",4251,401585631,"2024",0,16.2788205960997,0,"Midrange",9,1,1,0,2
"4576","Paul George",4251,401585631,"2024",0,9.4339811320566,0,"Midrange",10,0,1,1,2
"4577","Paul George",4251,401585631,"2024",0,16.4012194668567,0,"Midrange",11,0,0,1,1
"4578","Paul George",4251,401585631,"2024",1,16.0312195418814,0,"Midrange",12,0,0,0,0
"4579","Paul George",4251,401585631,"2024",1,25.0798724079689,0,"ThreePoint",13,1,0,0,1
"4580","Paul George",4251,401585631,"2024",0,25.4950975679639,0,"ThreePoint",14,1,1,0,2
"4581","Paul George",4251,401585631,"2024",1,15.2643375224737,0,"Midrange",15,0,1,1,2
"4582","Paul George",4251,401585631,"2024",0,7.07106781186548,0,"Close",16,1,0,1,2
"4583","Paul George",4251,401585631,"2024",1,1.4142135623731,0,"Close",17,0,1,0,1
"4584","Paul George",4251,401585631,"2024",1,25.3179778023443,0,"ThreePoint",18,1,0,1,2
"4585","Paul Millsap",3015,400828507,"2016",1,6,0,"Close",1,NA,NA,NA,NA
"4586","Paul Millsap",3015,400828507,"2016",1,1,0,"Close",2,1,NA,NA,NA
"4587","Paul Millsap",3015,400828507,"2016",0,16.4012194668567,0,"Midrange",3,1,1,NA,NA
"4588","Paul Millsap",3015,400828507,"2016",0,11.4017542509914,0,"Midrange",4,0,1,1,2
"4589","Paul Millsap",3015,400828507,"2016",0,1.4142135623731,0,"Close",5,0,0,1,1
"4590","Paul Millsap",3015,400828507,"2016",1,0,0,"Close",6,0,0,0,0
"4591","Paul Millsap",3015,400900555,"2017",0,24.5967477524977,0,"ThreePoint",1,NA,NA,NA,NA
"4592","Paul Millsap",3015,400900555,"2017",0,10,0,"Midrange",2,0,NA,NA,NA
"4593","Paul Millsap",3015,400900555,"2017",1,1,0,"Close",3,0,0,NA,NA
"4594","Paul Millsap",3015,400900555,"2017",1,18.0277563773199,0,"Midrange",4,1,0,0,1
"4595","Paul Millsap",3015,400900555,"2017",1,17.2626765016321,0,"Midrange",5,1,1,0,2
"4596","Paul Millsap",3015,400900555,"2017",1,12.2065556157337,1,"Midrange",6,1,1,1,3
"4597","Paul Millsap",3015,400900555,"2017",0,17.0293863659264,1,"Midrange",7,1,1,1,3
"4598","Paul Millsap",3015,400900555,"2017",1,0,0,"Close",8,0,1,1,2
"4599","Paul Millsap",3015,400900555,"2017",1,12.0830459735946,0,"Midrange",9,1,0,1,2
"4600","Paul Millsap",3015,400900555,"2017",0,16.5529453572468,0,"Midrange",10,1,1,0,2
"4601","Paul Millsap",3015,400900555,"2017",1,10.816653826392,0,"Midrange",11,0,1,1,2
"4602","Paul Millsap",3015,400900555,"2017",1,23,0,"ThreePoint",12,1,0,1,2
"4603","Paul Millsap",3015,400900555,"2017",0,25.0199920063936,0,"ThreePoint",13,1,1,0,2
"4604","Paul Millsap",3015,400900555,"2017",0,16.7630546142402,0,"Midrange",14,0,1,1,2
"4605","Paul Millsap",3015,400900555,"2017",0,0,0,"Close",15,0,0,1,1
"4606","RJ Barrett",4395625,401267240,"2021",0,10.6301458127346,0,"Midrange",1,NA,NA,NA,NA
"4607","RJ Barrett",4395625,401267240,"2021",1,18.7882942280559,0,"Midrange",2,0,NA,NA,NA
"4608","RJ Barrett",4395625,401267240,"2021",1,23.0867927612304,0,"ThreePoint",3,1,0,NA,NA
"4609","RJ Barrett",4395625,401267240,"2021",1,27.7308492477241,0,"ThreePoint",4,1,1,0,2
"4610","RJ Barrett",4395625,401267240,"2021",0,1,1,"Close",5,1,1,1,3
"4611","RJ Barrett",4395625,401267240,"2021",0,24.0208242989286,0,"ThreePoint",6,0,1,1,2
"4612","RJ Barrett",4395625,401267240,"2021",1,7,0,"Close",7,0,0,1,1
"4613","RJ Barrett",4395625,401267240,"2021",0,12.2065556157337,0,"Midrange",8,1,0,0,1
"4614","RJ Barrett",4395625,401267240,"2021",1,0,0,"Close",9,0,1,0,1
"4615","RJ Barrett",4395625,401267240,"2021",0,8.48528137423857,0,"Midrange",10,1,0,1,2
"4616","RJ Barrett",4395625,401267240,"2021",1,24,0,"ThreePoint",11,0,1,0,1
"4617","RJ Barrett",4395625,401267240,"2021",1,23.1948270094864,0,"ThreePoint",12,1,0,1,2
"4618","RJ Barrett",4395625,401267240,"2021",1,4.12310562561766,0,"Close",13,1,1,0,2
"4619","RJ Barrett",4395625,401267240,"2021",0,21.2602916254693,1,"Midrange",14,1,1,1,3
"4620","RJ Barrett",4395625,401267240,"2021",0,22.3606797749979,0,"ThreePoint",15,0,1,1,2
"4621","RJ Barrett",4395625,401468347,"2023",1,1,0,"Close",1,NA,NA,NA,NA
"4622","RJ Barrett",4395625,401468347,"2023",0,25.6124969497314,0,"ThreePoint",2,1,NA,NA,NA
"4623","RJ Barrett",4395625,401468347,"2023",0,7.81024967590665,0,"Close",3,0,1,NA,NA
"4624","RJ Barrett",4395625,401468347,"2023",1,1,0,"Close",4,0,0,1,1
"4625","RJ Barrett",4395625,401468347,"2023",0,5.3851648071345,0,"Close",5,1,0,0,1
"4626","RJ Barrett",4395625,401468347,"2023",0,1,0,"Close",6,0,1,0,1
"4627","RJ Barrett",4395625,401468347,"2023",0,23.0867927612304,0,"ThreePoint",7,0,0,1,1
"4628","RJ Barrett",4395625,401468347,"2023",0,3.16227766016838,0,"Close",8,0,0,0,0
"4629","RJ Barrett",4395625,401468347,"2023",0,1,0,"Close",9,0,0,0,0
"4630","RJ Barrett",4395625,401468347,"2023",0,1.4142135623731,0,"Close",10,0,0,0,0
"4631","RJ Barrett",4395625,401705421,"2025",1,1.4142135623731,0,"Close",1,NA,NA,NA,NA
"4632","RJ Barrett",4395625,401705421,"2025",1,1,0,"Close",2,1,NA,NA,NA
"4633","RJ Barrett",4395625,401705421,"2025",0,8,0,"Close",3,1,1,NA,NA
"4634","RJ Barrett",4395625,401705421,"2025",0,8.06225774829855,0,"Midrange",4,0,1,1,2
"4635","RJ Barrett",4395625,401705421,"2025",0,2.23606797749979,0,"Close",5,0,0,1,1
"4636","RJ Barrett",4395625,401705421,"2025",1,25.4558441227157,0,"ThreePoint",6,0,0,0,0
"4637","RJ Barrett",4395625,401705421,"2025",0,9.89949493661167,0,"Midrange",7,1,0,0,1
"4638","RJ Barrett",4395625,401705421,"2025",0,26.8328157299975,0,"ThreePoint",8,0,1,0,1
"4639","RJ Barrett",4395625,401705421,"2025",0,25.4950975679639,0,"ThreePoint",9,0,0,1,1
"4640","RJ Barrett",4395625,401705421,"2025",1,1.4142135623731,0,"Close",10,0,0,0,0
"4641","RJ Barrett",4395625,401705421,"2025",1,2.23606797749979,0,"Close",11,1,0,0,1
"4642","RJ Barrett",4395625,401705421,"2025",0,3,0,"Close",12,1,1,0,2
"4643","RJ Barrett",4395625,401705421,"2025",1,1,0,"Close",13,0,1,1,2
"4644","RJ Barrett",4395625,401705421,"2025",0,25.4950975679639,0,"ThreePoint",14,1,0,1,2
"4645","RJ Barrett",4395625,401705421,"2025",0,2.82842712474619,0,"Close",15,0,1,0,1
"4646","RJ Barrett",4395625,401705421,"2025",0,6.40312423743285,0,"Close",16,0,0,1,1
"4647","RJ Barrett",4395625,401705421,"2025",1,0,0,"Close",17,0,0,0,0
"4648","RJ Barrett",4395625,401705421,"2025",0,1.4142135623731,0,"Close",18,1,0,0,1
"4649","RJ Barrett",4395625,401705421,"2025",1,1.4142135623731,0,"Close",19,0,1,0,1
"4650","Russell Westbrook",3468,401307404,"2021",0,20.8806130178211,0,"Midrange",1,NA,NA,NA,NA
"4651","Russell Westbrook",3468,401307404,"2021",0,7.28010988928052,0,"Close",2,0,NA,NA,NA
"4652","Russell Westbrook",3468,401307404,"2021",1,5.09901951359278,0,"Close",3,0,0,NA,NA
"4653","Russell Westbrook",3468,401307404,"2021",0,28.2311884269862,0,"ThreePoint",4,1,0,0,1
"4654","Russell Westbrook",3468,401307404,"2021",0,16.9705627484771,0,"Midrange",5,0,1,0,1
"4655","Russell Westbrook",3468,401307404,"2021",0,2.23606797749979,0,"Close",6,0,0,1,1
"4656","Russell Westbrook",3468,401307404,"2021",0,21.540659228538,0,"Midrange",7,0,0,0,0
"4657","Russell Westbrook",3468,401307404,"2021",0,13.6014705087354,0,"Midrange",8,0,0,0,0
"4658","Russell Westbrook",3468,401307404,"2021",1,2,0,"Close",9,0,0,0,0
"4659","Russell Westbrook",3468,401307404,"2021",0,5.3851648071345,0,"Close",10,1,0,0,1
"4660","Russell Westbrook",3468,401307404,"2021",1,7.07106781186548,0,"Close",11,0,1,0,1
"4661","Russell Westbrook",3468,401307404,"2021",1,27.8028775489157,0,"ThreePoint",12,1,0,1,2
"4662","Russell Westbrook",3468,401307404,"2021",0,5.3851648071345,0,"Close",13,1,1,0,2
"4663","Russell Westbrook",3468,401307404,"2021",0,28.4604989415154,0,"ThreePoint",14,0,1,1,2
"4664","Russell Westbrook",3468,401307404,"2021",1,5.3851648071345,0,"Close",15,0,0,1,1
"4665","Russell Westbrook",3468,401307404,"2021",0,5,0,"Close",16,1,0,0,1
"4666","Russell Westbrook",3468,401307404,"2021",1,3.16227766016838,0,"Close",17,0,1,0,1
"4667","Russell Westbrook",3468,401307404,"2021",1,4.12310562561766,0,"Close",18,1,0,1,2
"4668","Russell Westbrook",3468,401307404,"2021",1,5.3851648071345,0,"Close",19,1,1,0,2
"4669","Russell Westbrook",3468,401307569,"2021",1,26.4764045897475,0,"ThreePoint",1,NA,NA,NA,NA
"4670","Russell Westbrook",3468,401307569,"2021",0,2.23606797749979,0,"Close",2,1,NA,NA,NA
"4671","Russell Westbrook",3468,401307569,"2021",1,4.24264068711928,0,"Close",3,0,1,NA,NA
"4672","Russell Westbrook",3468,401307569,"2021",1,15.6524758424985,0,"Midrange",4,1,0,1,2
"4673","Russell Westbrook",3468,401307569,"2021",1,3.60555127546399,0,"Close",5,1,1,0,2
"4674","Russell Westbrook",3468,401307569,"2021",0,2.23606797749979,1,"Close",6,1,1,1,3
"4675","Russell Westbrook",3468,401307569,"2021",0,11.0453610171873,0,"Midrange",7,0,1,1,2
"4676","Russell Westbrook",3468,401307569,"2021",1,24.4131112314674,0,"ThreePoint",8,0,0,1,1
"4677","Russell Westbrook",3468,401307569,"2021",1,2,0,"Close",9,1,0,0,1
"4678","Russell Westbrook",3468,401307569,"2021",1,17.464249196573,0,"Midrange",10,1,1,0,2
"4679","Russell Westbrook",3468,401307569,"2021",1,26.3058928759318,1,"ThreePoint",11,1,1,1,3
"4680","Russell Westbrook",3468,401360953,"2022",0,25.6124969497314,0,"ThreePoint",1,NA,NA,NA,NA
"4681","Russell Westbrook",3468,401360953,"2022",1,12.6491106406735,0,"Midrange",2,0,NA,NA,NA
"4682","Russell Westbrook",3468,401360953,"2022",1,1.4142135623731,0,"Close",3,1,0,NA,NA
"4683","Russell Westbrook",3468,401360953,"2022",0,4.12310562561766,0,"Close",4,1,1,0,2
"4684","Russell Westbrook",3468,401360953,"2022",1,2,0,"Close",5,0,1,1,2
"4685","Russell Westbrook",3468,401360953,"2022",0,26.0768096208106,0,"ThreePoint",6,1,0,1,2
"4686","Russell Westbrook",3468,401360953,"2022",1,2.23606797749979,0,"Close",7,0,1,0,1
"4687","Russell Westbrook",3468,401360953,"2022",1,18.8679622641132,0,"Midrange",8,1,0,1,2
"4688","Russell Westbrook",3468,401360953,"2022",1,3.16227766016838,0,"Close",9,1,1,0,2
"4689","Russell Westbrook",3468,401360953,"2022",1,1,1,"Close",10,1,1,1,3
"4690","Russell Westbrook",3468,401360953,"2022",0,24.8394846967484,1,"ThreePoint",11,1,1,1,3
"4691","Russell Westbrook",3468,401360953,"2022",0,19.2353840616713,0,"Midrange",12,0,1,1,2
"4692","Russell Westbrook",3468,401360953,"2022",0,9.8488578017961,0,"Midrange",13,0,0,1,1
"4693","Russell Westbrook",3468,401360953,"2022",1,25.4950975679639,0,"ThreePoint",14,0,0,0,0
"4694","Russell Westbrook",3468,401360953,"2022",0,14.7648230602334,0,"Midrange",15,1,0,0,1
"4695","Russell Westbrook",3468,401360953,"2022",1,2.82842712474619,0,"Close",16,0,1,0,1
"4696","Russell Westbrook",3468,401360953,"2022",0,26.1725046566048,0,"ThreePoint",17,1,0,1,2
"4697","Russell Westbrook",3468,401360979,"2022",1,0,0,"Close",1,NA,NA,NA,NA
"4698","Russell Westbrook",3468,401360979,"2022",0,25.298221281347,0,"ThreePoint",2,1,NA,NA,NA
"4699","Russell Westbrook",3468,401360979,"2022",0,4.47213595499958,0,"Close",3,0,1,NA,NA
"4700","Russell Westbrook",3468,401360979,"2022",0,12.0830459735946,0,"Midrange",4,0,0,1,1
"4701","Russell Westbrook",3468,401360979,"2022",0,1.4142135623731,0,"Close",5,0,0,0,0
"4702","Russell Westbrook",3468,401360979,"2022",0,16.1245154965971,0,"Midrange",6,0,0,0,0
"4703","Russell Westbrook",3468,401360979,"2022",0,0,0,"Close",7,0,0,0,0
"4704","Russell Westbrook",3468,401360979,"2022",0,15.6524758424985,0,"Midrange",8,0,0,0,0
"4705","Russell Westbrook",3468,401360979,"2022",1,25.0599281722833,0,"ThreePoint",9,0,0,0,0
"4706","Russell Westbrook",3468,401360979,"2022",1,25.9422435421457,0,"ThreePoint",10,1,0,0,1
"4707","Russell Westbrook",3468,401360979,"2022",1,1,0,"Close",11,1,1,0,2
"4708","Russell Westbrook",3468,401360979,"2022",0,25.2388589282479,1,"ThreePoint",12,1,1,1,3
"4709","Russell Westbrook",3468,401360979,"2022",0,2.23606797749979,0,"Close",13,0,1,1,2
"4710","Russell Westbrook",3468,401360979,"2022",1,2.23606797749979,0,"Close",14,0,0,1,1
"4711","Russell Westbrook",3468,401360979,"2022",0,2.23606797749979,0,"Close",15,1,0,0,1
"4712","Saddiq Bey",4397136,401360694,"2022",1,25.2388589282479,0,"ThreePoint",1,NA,NA,NA,NA
"4713","Saddiq Bey",4397136,401360694,"2022",1,29.0688837074973,0,"ThreePoint",2,1,NA,NA,NA
"4714","Saddiq Bey",4397136,401360694,"2022",0,7.07106781186548,0,"Close",3,1,1,NA,NA
"4715","Saddiq Bey",4397136,401360694,"2022",1,0,0,"Close",4,0,1,1,2
"4716","Saddiq Bey",4397136,401360694,"2022",0,4.24264068711928,0,"Close",5,1,0,1,2
"4717","Saddiq Bey",4397136,401360694,"2022",0,41.194659848092,0,"ThreePoint",6,0,1,0,1
"4718","Saddiq Bey",4397136,401360694,"2022",1,26.0768096208106,0,"ThreePoint",7,0,0,1,1
"4719","Saddiq Bey",4397136,401360694,"2022",1,25.4950975679639,0,"ThreePoint",8,1,0,0,1
"4720","Saddiq Bey",4397136,401360694,"2022",0,25.6124969497314,0,"ThreePoint",9,1,1,0,2
"4721","Saddiq Bey",4397136,401360694,"2022",0,0,0,"Close",10,0,1,1,2
"4722","Saddiq Bey",4397136,401360694,"2022",0,26.4196896272458,0,"ThreePoint",11,0,0,1,1
"4723","Saddiq Bey",4397136,401360694,"2022",1,25.0798724079689,0,"ThreePoint",12,0,0,0,0
"4724","Saddiq Bey",4397136,401360694,"2022",1,0,0,"Close",13,1,0,0,1
"4725","Scottie Barnes",4433134,401705421,"2025",1,6,0,"Close",1,NA,NA,NA,NA
"4726","Scottie Barnes",4433134,401705421,"2025",0,8.06225774829855,0,"Midrange",2,1,NA,NA,NA
"4727","Scottie Barnes",4433134,401705421,"2025",1,25.4950975679639,0,"ThreePoint",3,0,1,NA,NA
"4728","Scottie Barnes",4433134,401705421,"2025",1,1,0,"Close",4,1,0,1,2
"4729","Scottie Barnes",4433134,401705421,"2025",1,1,0,"Close",5,1,1,0,2
"4730","Scottie Barnes",4433134,401705421,"2025",1,22.0227155455452,1,"ThreePoint",6,1,1,1,3
"4731","Scottie Barnes",4433134,401705421,"2025",1,1.4142135623731,1,"Close",7,1,1,1,3
"4732","Scottie Barnes",4433134,401705421,"2025",0,2.23606797749979,1,"Close",8,1,1,1,3
"4733","Scottie Barnes",4433134,401705421,"2025",1,13.6014705087354,0,"Midrange",9,0,1,1,2
"4734","Scottie Barnes",4433134,401705421,"2025",0,25.9615099714943,0,"ThreePoint",10,1,0,1,2
"4735","Scottie Barnes",4433134,401705421,"2025",0,0,0,"Close",11,0,1,0,1
"4736","Scottie Barnes",4433134,401705421,"2025",1,1,0,"Close",12,0,0,1,1
"4737","Scottie Barnes",4433134,401705421,"2025",1,1,0,"Close",13,1,0,0,1
"4738","Scottie Barnes",4433134,401705421,"2025",0,11.0453610171873,0,"Midrange",14,1,1,0,2
"4739","Scottie Barnes",4433134,401705421,"2025",1,1,0,"Close",15,0,1,1,2
"4740","Scottie Barnes",4433134,401705421,"2025",0,2,0,"Close",16,1,0,1,2
"4741","Scottie Barnes",4433134,401705421,"2025",0,2.23606797749979,0,"Close",17,0,1,0,1
"4742","Scottie Barnes",4433134,401705421,"2025",0,2.23606797749979,0,"Close",18,0,0,1,1
"4743","Scottie Barnes",4433134,401705421,"2025",0,15.0332963783729,0,"Midrange",19,0,0,0,0
"4744","Serge Ibaka",3439,400899742,"2017",1,26,0,"ThreePoint",1,NA,NA,NA,NA
"4745","Serge Ibaka",3439,400899742,"2017",1,6.32455532033676,0,"Close",2,1,NA,NA,NA
"4746","Serge Ibaka",3439,400899742,"2017",1,10.0498756211209,0,"Midrange",3,1,1,NA,NA
"4747","Serge Ibaka",3439,400899742,"2017",0,26.4196896272458,1,"ThreePoint",4,1,1,1,3
"4748","Serge Ibaka",3439,400899742,"2017",1,16.4924225024706,0,"Midrange",5,0,1,1,2
"4749","Serge Ibaka",3439,400899742,"2017",1,18.7882942280559,0,"Midrange",6,1,0,1,2
"4750","Serge Ibaka",3439,400899742,"2017",1,10.4403065089106,0,"Midrange",7,1,1,0,2
"4751","Serge Ibaka",3439,400899742,"2017",0,25.8069758011279,1,"ThreePoint",8,1,1,1,3
"4752","Serge Ibaka",3439,400899742,"2017",1,0,0,"Close",9,0,1,1,2
"4753","Serge Ibaka",3439,400899742,"2017",1,16.4012194668567,0,"Midrange",10,1,0,1,2
"4754","Serge Ibaka",3439,400899742,"2017",1,26.0768096208106,0,"ThreePoint",11,1,1,0,2
"4755","Serge Ibaka",3439,400900019,"2017",1,0,0,"Close",1,NA,NA,NA,NA
"4756","Serge Ibaka",3439,400900019,"2017",0,18.0277563773199,0,"Midrange",2,1,NA,NA,NA
"4757","Serge Ibaka",3439,400900019,"2017",0,1.4142135623731,0,"Close",3,0,1,NA,NA
"4758","Serge Ibaka",3439,400900019,"2017",0,16.0312195418814,0,"Midrange",4,0,0,1,1
"4759","Serge Ibaka",3439,400900019,"2017",0,27.0739727413618,0,"ThreePoint",5,0,0,0,0
"4760","Serge Ibaka",3439,400900019,"2017",1,25.6124969497314,0,"ThreePoint",6,0,0,0,0
"4761","Serge Ibaka",3439,400900019,"2017",1,26.4007575648882,0,"ThreePoint",7,1,0,0,1
"4762","Serge Ibaka",3439,400900019,"2017",1,26.1725046566048,0,"ThreePoint",8,1,1,0,2
"4763","Serge Ibaka",3439,400900019,"2017",0,26.1725046566048,1,"ThreePoint",9,1,1,1,3
"4764","Serge Ibaka",3439,400900019,"2017",0,24,0,"ThreePoint",10,0,1,1,2
"4765","Serge Ibaka",3439,400900284,"2017",0,25.4558441227157,0,"ThreePoint",1,NA,NA,NA,NA
"4766","Serge Ibaka",3439,400900284,"2017",0,24.0831891575846,0,"ThreePoint",2,0,NA,NA,NA
"4767","Serge Ibaka",3439,400900284,"2017",0,13.1529464379659,0,"Midrange",3,0,0,NA,NA
"4768","Serge Ibaka",3439,400900284,"2017",1,25,0,"ThreePoint",4,0,0,0,0
"4769","Serge Ibaka",3439,400900284,"2017",0,12.5299640861417,0,"Midrange",5,1,0,0,1
"4770","Serge Ibaka",3439,400900284,"2017",1,19.0262975904404,0,"Midrange",6,0,1,0,1
"4771","Serge Ibaka",3439,400900284,"2017",1,0,0,"Close",7,1,0,1,2
"4772","Serge Ibaka",3439,400900284,"2017",1,16.1554944214035,0,"Midrange",8,1,1,0,2
"4773","Serge Ibaka",3439,400900284,"2017",0,9.4339811320566,1,"Midrange",9,1,1,1,3
"4774","Serge Ibaka",3439,400900284,"2017",0,26,0,"ThreePoint",10,0,1,1,2
"4775","Serge Ibaka",3439,400900284,"2017",1,2,0,"Close",11,0,0,1,1
"4776","Serge Ibaka",3439,400900284,"2017",1,25.1793566240283,0,"ThreePoint",12,1,0,0,1
"4777","Serge Ibaka",3439,400900284,"2017",1,14,0,"Midrange",13,1,1,0,2
"4778","Serge Ibaka",3439,400900284,"2017",1,11.1803398874989,1,"Midrange",14,1,1,1,3
"4779","Serge Ibaka",3439,400900284,"2017",0,10.295630140987,1,"Midrange",15,1,1,1,3
"4780","Shai Gilgeous-Alexander",4278073,401360224,"2022",0,26.1725046566048,0,"ThreePoint",1,NA,NA,NA,NA
"4781","Shai Gilgeous-Alexander",4278073,401360224,"2022",1,2.23606797749979,0,"Close",2,0,NA,NA,NA
"4782","Shai Gilgeous-Alexander",4278073,401360224,"2022",1,14.3178210632764,0,"Midrange",3,1,0,NA,NA
"4783","Shai Gilgeous-Alexander",4278073,401360224,"2022",0,24.7588368062799,0,"ThreePoint",4,1,1,0,2
"4784","Shai Gilgeous-Alexander",4278073,401360224,"2022",0,6.08276253029822,0,"Close",5,0,1,1,2
"4785","Shai Gilgeous-Alexander",4278073,401360224,"2022",0,26.0768096208106,0,"ThreePoint",6,0,0,1,1
"4786","Shai Gilgeous-Alexander",4278073,401360224,"2022",1,18.0277563773199,0,"Midrange",7,0,0,0,0
"4787","Shai Gilgeous-Alexander",4278073,401360224,"2022",0,5.3851648071345,0,"Close",8,1,0,0,1
"4788","Shai Gilgeous-Alexander",4278073,401360224,"2022",1,12.5299640861417,0,"Midrange",9,0,1,0,1
"4789","Shai Gilgeous-Alexander",4278073,401360224,"2022",0,3.16227766016838,0,"Close",10,1,0,1,2
"4790","Shai Gilgeous-Alexander",4278073,401360224,"2022",1,1,0,"Close",11,0,1,0,1
"4791","Shai Gilgeous-Alexander",4278073,401360224,"2022",0,25.4950975679639,0,"ThreePoint",12,1,0,1,2
"4792","Shai Gilgeous-Alexander",4278073,401360224,"2022",0,16.6433169770932,0,"Midrange",13,0,1,0,1
"4793","Shai Gilgeous-Alexander",4278073,401360224,"2022",0,3.16227766016838,0,"Close",14,0,0,1,1
"4794","Shai Gilgeous-Alexander",4278073,401360224,"2022",1,25.0599281722833,0,"ThreePoint",15,0,0,0,0
"4795","Shai Gilgeous-Alexander",4278073,401468347,"2023",0,14.142135623731,0,"Midrange",1,NA,NA,NA,NA
"4796","Shai Gilgeous-Alexander",4278073,401468347,"2023",0,30.0166620396073,0,"ThreePoint",2,0,NA,NA,NA
"4797","Shai Gilgeous-Alexander",4278073,401468347,"2023",1,1,0,"Close",3,0,0,NA,NA
"4798","Shai Gilgeous-Alexander",4278073,401468347,"2023",1,12.5299640861417,0,"Midrange",4,1,0,0,1
"4799","Shai Gilgeous-Alexander",4278073,401468347,"2023",0,1,0,"Close",5,1,1,0,2
"4800","Shai Gilgeous-Alexander",4278073,401468347,"2023",1,25.9615099714943,0,"ThreePoint",6,0,1,1,2
"4801","Shai Gilgeous-Alexander",4278073,401468347,"2023",1,1,0,"Close",7,1,0,1,2
"4802","Shai Gilgeous-Alexander",4278073,401468347,"2023",0,13.0384048104053,0,"Midrange",8,1,1,0,2
"4803","Shai Gilgeous-Alexander",4278073,401468347,"2023",1,14.422205101856,0,"Midrange",9,0,1,1,2
"4804","Shai Gilgeous-Alexander",4278073,401468347,"2023",1,1,0,"Close",10,1,0,1,2
"4805","Shai Gilgeous-Alexander",4278073,401468347,"2023",0,14.3178210632764,0,"Midrange",11,1,1,0,2
"4806","Shai Gilgeous-Alexander",4278073,401468347,"2023",1,10.770329614269,0,"Midrange",12,0,1,1,2
"4807","Shai Gilgeous-Alexander",4278073,401468347,"2023",0,1.4142135623731,0,"Close",13,1,0,1,2
"4808","Shai Gilgeous-Alexander",4278073,401468347,"2023",1,1.4142135623731,0,"Close",14,0,1,0,1
"4809","Shai Gilgeous-Alexander",4278073,401468347,"2023",1,1,0,"Close",15,1,0,1,2
"4810","Shai Gilgeous-Alexander",4278073,401468347,"2023",1,1.4142135623731,0,"Close",16,1,1,0,2
"4811","Shai Gilgeous-Alexander",4278073,401468347,"2023",0,15.6524758424985,1,"Midrange",17,1,1,1,3
"4812","Shai Gilgeous-Alexander",4278073,401468347,"2023",1,25.4950975679639,0,"ThreePoint",18,0,1,1,2
"4813","Shai Gilgeous-Alexander",4278073,401468347,"2023",1,1,0,"Close",19,1,0,1,2
"4814","Shai Gilgeous-Alexander",4278073,401468347,"2023",0,6,0,"Close",20,1,1,0,2
"4815","Shai Gilgeous-Alexander",4278073,401468347,"2023",0,3.60555127546399,0,"Close",21,0,1,1,2
"4816","Shai Gilgeous-Alexander",4278073,401468347,"2023",1,13.0384048104053,0,"Midrange",22,0,0,1,1
"4817","Shai Gilgeous-Alexander",4278073,401469355,"2023",0,14.3178210632764,0,"Midrange",1,NA,NA,NA,NA
"4818","Shai Gilgeous-Alexander",4278073,401469355,"2023",0,5,0,"Close",2,0,NA,NA,NA
"4819","Shai Gilgeous-Alexander",4278073,401469355,"2023",0,25.298221281347,0,"ThreePoint",3,0,0,NA,NA
"4820","Shai Gilgeous-Alexander",4278073,401469355,"2023",1,25.0199920063936,0,"ThreePoint",4,0,0,0,0
"4821","Shai Gilgeous-Alexander",4278073,401469355,"2023",1,2,0,"Close",5,1,0,0,1
"4822","Shai Gilgeous-Alexander",4278073,401469355,"2023",0,17.0293863659264,0,"Midrange",6,1,1,0,2
"4823","Shai Gilgeous-Alexander",4278073,401469355,"2023",1,2,0,"Close",7,0,1,1,2
"4824","Shai Gilgeous-Alexander",4278073,401469355,"2023",0,6.40312423743285,0,"Close",8,1,0,1,2
"4825","Shai Gilgeous-Alexander",4278073,401469355,"2023",0,25.6320112359526,0,"ThreePoint",9,0,1,0,1
"4826","Shai Gilgeous-Alexander",4278073,401469355,"2023",0,12.0830459735946,0,"Midrange",10,0,0,1,1
"4827","Shai Gilgeous-Alexander",4278073,401469355,"2023",0,26.2488094968134,0,"ThreePoint",11,0,0,0,0
"4828","Shai Gilgeous-Alexander",4278073,401469355,"2023",0,3.60555127546399,0,"Close",12,0,0,0,0
"4829","Shai Gilgeous-Alexander",4278073,401469355,"2023",1,2.23606797749979,0,"Close",13,0,0,0,0
"4830","Shai Gilgeous-Alexander",4278073,401469355,"2023",0,19.6468827043885,0,"Midrange",14,1,0,0,1
"4831","Shai Gilgeous-Alexander",4278073,401469355,"2023",0,7.07106781186548,0,"Close",15,0,1,0,1
"4832","Shai Gilgeous-Alexander",4278073,401469355,"2023",1,3.16227766016838,0,"Close",16,0,0,1,1
"4833","Shai Gilgeous-Alexander",4278073,401469355,"2023",1,2.82842712474619,0,"Close",17,1,0,0,1
"4834","Shai Gilgeous-Alexander",4278073,401469355,"2023",1,16.2788205960997,0,"Midrange",18,1,1,0,2
"4835","Shai Gilgeous-Alexander",4278073,401469355,"2023",0,26.9258240356725,1,"ThreePoint",19,1,1,1,3
"4836","Shai Gilgeous-Alexander",4278073,401584968,"2024",0,7.07106781186548,0,"Close",1,NA,NA,NA,NA
"4837","Shai Gilgeous-Alexander",4278073,401584968,"2024",1,1,0,"Close",2,0,NA,NA,NA
"4838","Shai Gilgeous-Alexander",4278073,401584968,"2024",0,3.16227766016838,0,"Close",3,1,0,NA,NA
"4839","Shai Gilgeous-Alexander",4278073,401584968,"2024",1,2.23606797749979,0,"Close",4,0,1,0,1
"4840","Shai Gilgeous-Alexander",4278073,401584968,"2024",0,16.1554944214035,0,"Midrange",5,1,0,1,2
"4841","Shai Gilgeous-Alexander",4278073,401584968,"2024",0,18.0277563773199,0,"Midrange",6,0,1,0,1
"4842","Shai Gilgeous-Alexander",4278073,401584968,"2024",0,2.82842712474619,0,"Close",7,0,0,1,1
"4843","Shai Gilgeous-Alexander",4278073,401584968,"2024",0,2.23606797749979,0,"Close",8,0,0,0,0
"4844","Shai Gilgeous-Alexander",4278073,401584968,"2024",1,2.23606797749979,0,"Close",9,0,0,0,0
"4845","Shai Gilgeous-Alexander",4278073,401584968,"2024",0,7.81024967590665,0,"Close",10,1,0,0,1
"4846","Shai Gilgeous-Alexander",4278073,401584968,"2024",0,15.2970585407784,0,"Midrange",11,0,1,0,1
"4847","Shai Gilgeous-Alexander",4278073,401584968,"2024",0,25.9615099714943,0,"ThreePoint",12,0,0,1,1
"4848","Shai Gilgeous-Alexander",4278073,401584968,"2024",1,13.6014705087354,0,"Midrange",13,0,0,0,0
"4849","Shai Gilgeous-Alexander",4278073,401584968,"2024",1,1,0,"Close",14,1,0,0,1
"4850","Shai Gilgeous-Alexander",4278073,401584968,"2024",0,15,0,"Midrange",15,1,1,0,2
"4851","Shai Gilgeous-Alexander",4278073,401584968,"2024",0,26.2488094968134,0,"ThreePoint",16,0,1,1,2
"4852","Shai Gilgeous-Alexander",4278073,401584968,"2024",1,1,0,"Close",17,0,0,1,1
"4853","Shai Gilgeous-Alexander",4278073,401584968,"2024",1,13.1529464379659,0,"Midrange",18,1,0,0,1
"4854","Shai Gilgeous-Alexander",4278073,401584968,"2024",1,2,0,"Close",19,1,1,0,2
"4855","Shai Gilgeous-Alexander",4278073,401584968,"2024",1,8.48528137423857,1,"Midrange",20,1,1,1,3
"4856","Shai Gilgeous-Alexander",4278073,401585528,"2024",0,25.0798724079689,0,"ThreePoint",1,NA,NA,NA,NA
"4857","Shai Gilgeous-Alexander",4278073,401585528,"2024",1,11.4017542509914,0,"Midrange",2,0,NA,NA,NA
"4858","Shai Gilgeous-Alexander",4278073,401585528,"2024",0,16.1245154965971,0,"Midrange",3,1,0,NA,NA
"4859","Shai Gilgeous-Alexander",4278073,401585528,"2024",1,1,0,"Close",4,0,1,0,1
"4860","Shai Gilgeous-Alexander",4278073,401585528,"2024",1,2.23606797749979,0,"Close",5,1,0,1,2
"4861","Shai Gilgeous-Alexander",4278073,401585528,"2024",1,3.16227766016838,0,"Close",6,1,1,0,2
"4862","Shai Gilgeous-Alexander",4278073,401585528,"2024",0,17.2046505340853,1,"Midrange",7,1,1,1,3
"4863","Shai Gilgeous-Alexander",4278073,401585528,"2024",1,1.4142135623731,0,"Close",8,0,1,1,2
"4864","Shai Gilgeous-Alexander",4278073,401585528,"2024",0,19.7989898732233,0,"Midrange",9,1,0,1,2
"4865","Shai Gilgeous-Alexander",4278073,401585528,"2024",1,17.0293863659264,0,"Midrange",10,0,1,0,1
"4866","Shai Gilgeous-Alexander",4278073,401585528,"2024",1,8.06225774829855,0,"Midrange",11,1,0,1,2
"4867","Shai Gilgeous-Alexander",4278073,401585528,"2024",0,7.21110255092798,0,"Close",12,1,1,0,2
"4868","Shai Gilgeous-Alexander",4278073,401585528,"2024",0,24.5967477524977,0,"ThreePoint",13,0,1,1,2
"4869","Shai Gilgeous-Alexander",4278073,401585528,"2024",0,4.47213595499958,0,"Close",14,0,0,1,1
"4870","Shai Gilgeous-Alexander",4278073,401585528,"2024",1,3.60555127546399,0,"Close",15,0,0,0,0
"4871","Shai Gilgeous-Alexander",4278073,401585528,"2024",1,13,0,"Midrange",16,1,0,0,1
"4872","Shai Gilgeous-Alexander",4278073,401585528,"2024",1,6.08276253029822,0,"Close",17,1,1,0,2
"4873","Shai Gilgeous-Alexander",4278073,401585528,"2024",0,4.24264068711928,1,"Close",18,1,1,1,3
"4874","Shai Gilgeous-Alexander",4278073,401585528,"2024",0,7.61577310586391,0,"Close",19,0,1,1,2
"4875","Shai Gilgeous-Alexander",4278073,401585528,"2024",1,3.60555127546399,0,"Close",20,0,0,1,1
"4876","Shai Gilgeous-Alexander",4278073,401585528,"2024",1,14.560219778561,0,"Midrange",21,1,0,0,1
"4877","Shai Gilgeous-Alexander",4278073,401585528,"2024",0,26.1725046566048,0,"ThreePoint",22,1,1,0,2
"4878","Shai Gilgeous-Alexander",4278073,401585528,"2024",1,12,0,"Midrange",23,0,1,1,2
"4879","Shai Gilgeous-Alexander",4278073,401705386,"2025",0,24.7588368062799,0,"ThreePoint",1,NA,NA,NA,NA
"4880","Shai Gilgeous-Alexander",4278073,401705386,"2025",0,7.28010988928052,0,"Close",2,0,NA,NA,NA
"4881","Shai Gilgeous-Alexander",4278073,401705386,"2025",0,8.48528137423857,0,"Midrange",3,0,0,NA,NA
"4882","Shai Gilgeous-Alexander",4278073,401705386,"2025",1,11.0453610171873,0,"Midrange",4,0,0,0,0
"4883","Shai Gilgeous-Alexander",4278073,401705386,"2025",1,11,0,"Midrange",5,1,0,0,1
"4884","Shai Gilgeous-Alexander",4278073,401705386,"2025",1,10,0,"Midrange",6,1,1,0,2
"4885","Shai Gilgeous-Alexander",4278073,401705386,"2025",1,6.08276253029822,1,"Close",7,1,1,1,3
"4886","Shai Gilgeous-Alexander",4278073,401705386,"2025",0,9.48683298050514,1,"Midrange",8,1,1,1,3
"4887","Shai Gilgeous-Alexander",4278073,401705386,"2025",1,11.1803398874989,0,"Midrange",9,0,1,1,2
"4888","Shai Gilgeous-Alexander",4278073,401705386,"2025",0,9.21954445729289,0,"Midrange",10,1,0,1,2
"4889","Shai Gilgeous-Alexander",4278073,401705386,"2025",1,19.1049731745428,0,"Midrange",11,0,1,0,1
"4890","Shai Gilgeous-Alexander",4278073,401705386,"2025",0,27.2946881279124,0,"ThreePoint",12,1,0,1,2
"4891","Shai Gilgeous-Alexander",4278073,401705386,"2025",1,11.6619037896906,0,"Midrange",13,0,1,0,1
"4892","Shai Gilgeous-Alexander",4278073,401705386,"2025",1,8.54400374531753,0,"Midrange",14,1,0,1,2
"4893","Shai Gilgeous-Alexander",4278073,401705386,"2025",0,18.3847763108502,0,"Midrange",15,1,1,0,2
"4894","Shai Gilgeous-Alexander",4278073,401705386,"2025",1,26,0,"ThreePoint",16,0,1,1,2
"4895","Shai Gilgeous-Alexander",4278073,401705386,"2025",0,26.4007575648882,0,"ThreePoint",17,1,0,1,2
"4896","Shai Gilgeous-Alexander",4278073,401705386,"2025",1,26.9258240356725,0,"ThreePoint",18,0,1,0,1
"4897","Shai Gilgeous-Alexander",4278073,401705386,"2025",1,13.1529464379659,0,"Midrange",19,1,0,1,2
"4898","Shai Gilgeous-Alexander",4278073,401705386,"2025",0,8.60232526704263,0,"Midrange",20,1,1,0,2
"4899","Shai Gilgeous-Alexander",4278073,401705386,"2025",1,25.8069758011279,0,"ThreePoint",21,0,1,1,2
"4900","Shai Gilgeous-Alexander",4278073,401705386,"2025",0,13.6014705087354,0,"Midrange",22,1,0,1,2
"4901","Shai Gilgeous-Alexander",4278073,401705386,"2025",0,7.21110255092798,0,"Close",23,0,1,0,1
"4902","Shai Gilgeous-Alexander",4278073,401705386,"2025",1,13.4164078649987,0,"Midrange",24,0,0,1,1
"4903","Stephen Curry",3975,401070805,"2019",1,2.82842712474619,0,"Close",1,NA,NA,NA,NA
"4904","Stephen Curry",3975,401070805,"2019",1,26.0768096208106,0,"ThreePoint",2,1,NA,NA,NA
"4905","Stephen Curry",3975,401070805,"2019",0,3,0,"Close",3,1,1,NA,NA
"4906","Stephen Curry",3975,401070805,"2019",0,27.7848879788996,0,"ThreePoint",4,0,1,1,2
"4907","Stephen Curry",3975,401070805,"2019",0,27.8028775489157,0,"ThreePoint",5,0,0,1,1
"4908","Stephen Curry",3975,401070805,"2019",1,19,0,"Midrange",6,0,0,0,0
"4909","Stephen Curry",3975,401070805,"2019",0,2.23606797749979,0,"Close",7,1,0,0,1
"4910","Stephen Curry",3975,401070805,"2019",0,19.6977156035922,0,"Midrange",8,0,1,0,1
"4911","Stephen Curry",3975,401070805,"2019",1,2.23606797749979,0,"Close",9,0,0,1,1
"4912","Stephen Curry",3975,401070805,"2019",1,28.4253408071038,0,"ThreePoint",10,1,0,0,1
"4913","Stephen Curry",3975,401070805,"2019",0,27.7308492477241,0,"ThreePoint",11,1,1,0,2
"4914","Stephen Curry",3975,401070805,"2019",0,6.70820393249937,0,"Close",12,0,1,1,2
"4915","Stephen Curry",3975,401070805,"2019",1,18.3575597506858,0,"Midrange",13,0,0,1,1
"4916","Stephen Curry",3975,401070805,"2019",0,26.1725046566048,0,"ThreePoint",14,1,0,0,1
"4917","Stephen Curry",3975,401070805,"2019",1,2.23606797749979,0,"Close",15,0,1,0,1
"4918","Stephen Curry",3975,401070805,"2019",0,5.3851648071345,0,"Close",16,1,0,1,2
"4919","Stephen Curry",3975,401070805,"2019",1,25.4950975679639,0,"ThreePoint",17,0,1,0,1
"4920","Stephen Curry",3975,401070805,"2019",0,29.4108823397055,0,"ThreePoint",18,1,0,1,2
"4921","Stephen Curry",3975,401070805,"2019",0,28.1602556806574,0,"ThreePoint",19,0,1,0,1
"4922","Stephen Curry",3975,401070805,"2019",1,3,0,"Close",20,0,0,1,1
"4923","Stephen Curry",3975,401070805,"2019",0,23,0,"ThreePoint",21,1,0,0,1
"4924","Stephen Curry",3975,401070805,"2019",1,25.5538646783613,0,"ThreePoint",22,0,1,0,1
"4925","Stephen Curry",3975,401070805,"2019",1,2.23606797749979,0,"Close",23,1,0,1,2
"4926","Stephen Curry",3975,401070805,"2019",0,26.0768096208106,0,"ThreePoint",24,1,1,0,2
"4927","Stephen Curry",3975,401071192,"2019",1,9.21954445729289,0,"Midrange",1,NA,NA,NA,NA
"4928","Stephen Curry",3975,401071192,"2019",0,15.0332963783729,0,"Midrange",2,1,NA,NA,NA
"4929","Stephen Curry",3975,401071192,"2019",1,7.07106781186548,0,"Close",3,0,1,NA,NA
"4930","Stephen Curry",3975,401071192,"2019",1,18.1107702762748,0,"Midrange",4,1,0,1,2
"4931","Stephen Curry",3975,401071192,"2019",0,26.9072480941474,0,"ThreePoint",5,1,1,0,2
"4932","Stephen Curry",3975,401071192,"2019",1,13.0384048104053,0,"Midrange",6,0,1,1,2
"4933","Stephen Curry",3975,401071192,"2019",1,26.0768096208106,0,"ThreePoint",7,1,0,1,2
"4934","Stephen Curry",3975,401071192,"2019",1,26.6833281282527,0,"ThreePoint",8,1,1,0,2
"4935","Stephen Curry",3975,401071192,"2019",0,14.3178210632764,1,"Midrange",9,1,1,1,3
"4936","Stephen Curry",3975,401071192,"2019",0,28.2311884269862,0,"ThreePoint",10,0,1,1,2
"4937","Stephen Curry",3975,401071192,"2019",0,42.0594816896262,0,"ThreePoint",11,0,0,1,1
"4938","Stephen Curry",3975,401071192,"2019",0,10.295630140987,0,"Midrange",12,0,0,0,0
"4939","Stephen Curry",3975,401071192,"2019",1,33.1058907144937,0,"ThreePoint",13,0,0,0,0
"4940","Stephen Curry",3975,401071192,"2019",0,27.8926513619627,0,"ThreePoint",14,1,0,0,1
"4941","Stephen Curry",3975,401071192,"2019",0,23.7697286480094,0,"ThreePoint",15,0,1,0,1
"4942","Stephen Curry",3975,401071192,"2019",0,18,0,"Midrange",16,0,0,1,1
"4943","Stephen Curry",3975,401071192,"2019",1,32.2024843762092,0,"ThreePoint",17,0,0,0,0
"4944","Stephen Curry",3975,401071192,"2019",0,29.0688837074973,0,"ThreePoint",18,1,0,0,1
"4945","Stephen Curry",3975,401071192,"2019",0,26.9072480941474,0,"ThreePoint",19,0,1,0,1
"4946","Stephen Curry",3975,401071192,"2019",1,4.12310562561766,0,"Close",20,0,0,1,1
"4947","Stephen Curry",3975,401071192,"2019",0,20.591260281974,0,"Midrange",21,1,0,0,1
"4948","Stephen Curry",3975,401071192,"2019",1,25.8069758011279,0,"ThreePoint",22,0,1,0,1
"4949","Stephen Curry",3975,401071192,"2019",0,27.5862284482674,0,"ThreePoint",23,1,0,1,2
"4950","Stephen Curry",3975,401071192,"2019",0,19.8494332412792,0,"Midrange",24,0,1,0,1
"4951","Stephen Curry",3975,401071192,"2019",1,26.2488094968134,0,"ThreePoint",25,0,0,1,1
"4952","Stephen Curry",3975,401071192,"2019",0,29.8328677803526,0,"ThreePoint",26,1,0,0,1
"4953","Stephen Curry",3975,401071241,"2019",0,22.8035085019828,0,"ThreePoint",1,NA,NA,NA,NA
"4954","Stephen Curry",3975,401071241,"2019",0,29.4278779391243,0,"ThreePoint",2,0,NA,NA,NA
"4955","Stephen Curry",3975,401071241,"2019",0,27.6586333718787,0,"ThreePoint",3,0,0,NA,NA
"4956","Stephen Curry",3975,401071241,"2019",1,4,0,"Close",4,0,0,0,0
"4957","Stephen Curry",3975,401071241,"2019",1,26.6270539113887,0,"ThreePoint",5,1,0,0,1
"4958","Stephen Curry",3975,401071241,"2019",1,2.23606797749979,0,"Close",6,1,1,0,2
"4959","Stephen Curry",3975,401071241,"2019",0,26.1725046566048,1,"ThreePoint",7,1,1,1,3
"4960","Stephen Curry",3975,401071241,"2019",1,2.82842712474619,0,"Close",8,0,1,1,2
"4961","Stephen Curry",3975,401071241,"2019",1,16,0,"Midrange",9,1,0,1,2
"4962","Stephen Curry",3975,401071241,"2019",1,31.3847096529504,0,"ThreePoint",10,1,1,0,2
"4963","Stephen Curry",3975,401071241,"2019",1,1.4142135623731,1,"Close",11,1,1,1,3
"4964","Stephen Curry",3975,401071241,"2019",1,23.1948270094864,1,"ThreePoint",12,1,1,1,3
"4965","Stephen Curry",3975,401071241,"2019",0,23,1,"ThreePoint",13,1,1,1,3
"4966","Stephen Curry",3975,401071241,"2019",0,20.5182845286832,0,"Midrange",14,0,1,1,2
"4967","Stephen Curry",3975,401071241,"2019",1,28.3196045170126,0,"ThreePoint",15,0,0,1,1
"4968","Stephen Curry",3975,401071241,"2019",1,3.60555127546399,0,"Close",16,1,0,0,1
"4969","Stephen Curry",3975,401071241,"2019",0,26.6270539113887,0,"ThreePoint",17,1,1,0,2
"4970","Stephen Curry",3975,401071241,"2019",0,27.5862284482674,0,"ThreePoint",18,0,1,1,2
"4971","Stephen Curry",3975,401071241,"2019",0,6.08276253029822,0,"Close",19,0,0,1,1
"4972","Stephen Curry",3975,401071241,"2019",1,8,0,"Close",20,0,0,0,0
"4973","Stephen Curry",3975,401071241,"2019",0,27.0185121722126,0,"ThreePoint",21,1,0,0,1
"4974","Stephen Curry",3975,401071241,"2019",1,1.4142135623731,0,"Close",22,0,1,0,1
"4975","Stephen Curry",3975,401071241,"2019",1,23,0,"ThreePoint",23,1,0,1,2
"4976","Stephen Curry",3975,401071241,"2019",0,12.8062484748657,0,"Midrange",24,1,1,0,2
"4977","Stephen Curry",3975,401071241,"2019",0,28.8617393793236,0,"ThreePoint",25,0,1,1,2
"4978","Stephen Curry",3975,401071241,"2019",1,17.464249196573,0,"Midrange",26,0,0,1,1
"4979","Stephen Curry",3975,401071241,"2019",0,72,0,"ThreePoint",27,1,0,0,1
"4980","Stephen Curry",3975,401071852,"2019",0,20.0249843945008,0,"Midrange",1,NA,NA,NA,NA
"4981","Stephen Curry",3975,401071852,"2019",0,29.5465734053883,0,"ThreePoint",2,0,NA,NA,NA
"4982","Stephen Curry",3975,401071852,"2019",0,30.4138126514911,0,"ThreePoint",3,0,0,NA,NA
"4983","Stephen Curry",3975,401071852,"2019",0,26.9072480941474,0,"ThreePoint",4,0,0,0,0
"4984","Stephen Curry",3975,401071852,"2019",1,26.9258240356725,0,"ThreePoint",5,0,0,0,0
"4985","Stephen Curry",3975,401071852,"2019",1,5,0,"Close",6,1,0,0,1
"4986","Stephen Curry",3975,401071852,"2019",0,4.47213595499958,0,"Close",7,1,1,0,2
"4987","Stephen Curry",3975,401071852,"2019",0,25.0798724079689,0,"ThreePoint",8,0,1,1,2
"4988","Stephen Curry",3975,401071852,"2019",1,4.47213595499958,0,"Close",9,0,0,1,1
"4989","Stephen Curry",3975,401071852,"2019",0,2,0,"Close",10,1,0,0,1
"4990","Stephen Curry",3975,401071852,"2019",0,27.459060435492,0,"ThreePoint",11,0,1,0,1
"4991","Stephen Curry",3975,401071852,"2019",0,23.3452350598575,0,"ThreePoint",12,0,0,1,1
"4992","Stephen Curry",3975,401071852,"2019",0,27.2946881279124,0,"ThreePoint",13,0,0,0,0
"4993","Stephen Curry",3975,401071852,"2019",0,24.0208242989286,0,"ThreePoint",14,0,0,0,0
"4994","Stephen Curry",3975,401468514,"2023",0,21,0,"Midrange",1,NA,NA,NA,NA
"4995","Stephen Curry",3975,401468514,"2023",0,28.2842712474619,0,"ThreePoint",2,0,NA,NA,NA
"4996","Stephen Curry",3975,401468514,"2023",1,4.24264068711928,0,"Close",3,0,0,NA,NA
"4997","Stephen Curry",3975,401468514,"2023",0,27.5862284482674,0,"ThreePoint",4,1,0,0,1
"4998","Stephen Curry",3975,401468514,"2023",0,26.2488094968134,0,"ThreePoint",5,0,1,0,1
"4999","Stephen Curry",3975,401468514,"2023",0,11.7046999107196,0,"Midrange",6,0,0,1,1
"5000","Stephen Curry",3975,401468514,"2023",0,31.6227766016838,0,"ThreePoint",7,0,0,0,0
"5001","Stephen Curry",3975,401468514,"2023",0,27.2029410174709,0,"ThreePoint",8,0,0,0,0
"5002","Stephen Curry",3975,401468514,"2023",0,5,0,"Close",9,0,0,0,0
"5003","Stephen Curry",3975,401468514,"2023",1,26.9258240356725,0,"ThreePoint",10,0,0,0,0
"5004","Stephen Curry",3975,401468514,"2023",0,7.21110255092798,0,"Close",11,1,0,0,1
"5005","Stephen Curry",3975,401468514,"2023",1,29.732137494637,0,"ThreePoint",12,0,1,0,1
"5006","Stephen Curry",3975,401468514,"2023",0,22.3606797749979,0,"ThreePoint",13,1,0,1,2
"5007","Stephen Curry",3975,401468514,"2023",0,27.8926513619627,0,"ThreePoint",14,0,1,0,1
"5008","Stephen Curry",3975,401468514,"2023",0,5.8309518948453,0,"Close",15,0,0,1,1
"5009","Stephen Curry",3975,401468514,"2023",0,25.4950975679639,0,"ThreePoint",16,0,0,0,0
"5010","Stephen Curry",3975,401468514,"2023",0,24.0831891575846,0,"ThreePoint",17,0,0,0,0
"5011","Stephen Curry",3975,401468805,"2023",1,27.0185121722126,0,"ThreePoint",1,NA,NA,NA,NA
"5012","Stephen Curry",3975,401468805,"2023",0,27.8926513619627,0,"ThreePoint",2,1,NA,NA,NA
"5013","Stephen Curry",3975,401468805,"2023",1,10,0,"Midrange",3,0,1,NA,NA
"5014","Stephen Curry",3975,401468805,"2023",0,26.9258240356725,0,"ThreePoint",4,1,0,1,2
"5015","Stephen Curry",3975,401468805,"2023",1,24.7588368062799,0,"ThreePoint",5,0,1,0,1
"5016","Stephen Curry",3975,401468805,"2023",0,31.3209195267317,0,"ThreePoint",6,1,0,1,2
"5017","Stephen Curry",3975,401468805,"2023",0,26.4007575648882,0,"ThreePoint",7,0,1,0,1
"5018","Stephen Curry",3975,401468805,"2023",1,23,0,"ThreePoint",8,0,0,1,1
"5019","Stephen Curry",3975,401468805,"2023",1,13.3416640641263,0,"Midrange",9,1,0,0,1
"5020","Stephen Curry",3975,401468805,"2023",0,26.1725046566048,0,"ThreePoint",10,1,1,0,2
"5021","Stephen Curry",3975,401468805,"2023",1,1,0,"Close",11,0,1,1,2
"5022","Stephen Curry",3975,401468805,"2023",1,18.0277563773199,0,"Midrange",12,1,0,1,2
"5023","Stephen Curry",3975,401468805,"2023",1,1,0,"Close",13,1,1,0,2
"5024","Stephen Curry",3975,401468805,"2023",0,26.9258240356725,1,"ThreePoint",14,1,1,1,3
"5025","Stephen Curry",3975,401468805,"2023",0,22.0227155455452,0,"ThreePoint",15,0,1,1,2
"5026","Stephen Curry",3975,401469290,"2023",1,26.9072480941474,0,"ThreePoint",1,NA,NA,NA,NA
"5027","Stephen Curry",3975,401469290,"2023",0,5.3851648071345,0,"Close",2,1,NA,NA,NA
"5028","Stephen Curry",3975,401469290,"2023",1,4.24264068711928,0,"Close",3,0,1,NA,NA
"5029","Stephen Curry",3975,401469290,"2023",1,28.1780056072107,0,"ThreePoint",4,1,0,1,2
"5030","Stephen Curry",3975,401469290,"2023",0,30.6104557300279,0,"ThreePoint",5,1,1,0,2
"5031","Stephen Curry",3975,401469290,"2023",0,7.28010988928052,0,"Close",6,0,1,1,2
"5032","Stephen Curry",3975,401469290,"2023",0,29.1547594742265,0,"ThreePoint",7,0,0,1,1
"5033","Stephen Curry",3975,401469290,"2023",1,5.8309518948453,0,"Close",8,0,0,0,0
"5034","Stephen Curry",3975,401469290,"2023",0,7.61577310586391,0,"Close",9,1,0,0,1
"5035","Stephen Curry",3975,401469290,"2023",1,17.1172427686237,0,"Midrange",10,0,1,0,1
"5036","Stephen Curry",3975,401469290,"2023",1,24.0416305603426,0,"ThreePoint",11,1,0,1,2
"5037","Stephen Curry",3975,401469290,"2023",0,27.2029410174709,0,"ThreePoint",12,1,1,0,2
"5038","Stephen Curry",3975,401469290,"2023",0,26.9258240356725,0,"ThreePoint",13,0,1,1,2
"5039","Stephen Curry",3975,401469290,"2023",1,26.9072480941474,0,"ThreePoint",14,0,0,1,1
"5040","Stephen Curry",3975,401469290,"2023",0,26.0768096208106,0,"ThreePoint",15,1,0,0,1
"5041","Stephen Curry",3975,401469290,"2023",1,28.1602556806574,0,"ThreePoint",16,0,1,0,1
"5042","Stephen Curry",3975,401469290,"2023",1,31.9530906173409,0,"ThreePoint",17,1,0,1,2
"5043","Stephen Curry",3975,401469290,"2023",0,27.5862284482674,0,"ThreePoint",18,1,1,0,2
"5044","Stephen Curry",3975,401469290,"2023",1,27.2029410174709,0,"ThreePoint",19,0,1,1,2
"5045","Stephen Curry",3975,401469290,"2023",1,5.09901951359278,0,"Close",20,1,0,1,2
"5046","Stephen Curry",3975,401469290,"2023",0,5,0,"Close",21,1,1,0,2
"5047","Stephen Curry",3975,401469290,"2023",1,28.6356421265527,0,"ThreePoint",22,0,1,1,2
"5048","Stephen Curry",3975,401469290,"2023",1,4.47213595499958,0,"Close",23,1,0,1,2
"5049","Stephen Curry",3975,401469290,"2023",1,5.8309518948453,0,"Close",24,1,1,0,2
"5050","Stephen Curry",3975,401469290,"2023",0,34.0587727318528,1,"ThreePoint",25,1,1,1,3
"5051","Stephen Curry",3975,401585278,"2024",1,26.4007575648882,0,"ThreePoint",1,NA,NA,NA,NA
"5052","Stephen Curry",3975,401585278,"2024",0,27.8028775489157,0,"ThreePoint",2,1,NA,NA,NA
"5053","Stephen Curry",3975,401585278,"2024",1,29.8328677803526,0,"ThreePoint",3,0,1,NA,NA
"5054","Stephen Curry",3975,401585278,"2024",0,28.4604989415154,0,"ThreePoint",4,1,0,1,2
"5055","Stephen Curry",3975,401585278,"2024",1,5,0,"Close",5,0,1,0,1
"5056","Stephen Curry",3975,401585278,"2024",1,28.3196045170126,0,"ThreePoint",6,1,0,1,2
"5057","Stephen Curry",3975,401585278,"2024",1,27.7848879788996,0,"ThreePoint",7,1,1,0,2
"5058","Stephen Curry",3975,401585278,"2024",0,26.2488094968134,1,"ThreePoint",8,1,1,1,3
"5059","Stephen Curry",3975,401585278,"2024",1,3,0,"Close",9,0,1,1,2
"5060","Stephen Curry",3975,401585278,"2024",0,30.8058436014987,0,"ThreePoint",10,1,0,1,2
"5061","Stephen Curry",3975,401585278,"2024",1,23.3452350598575,0,"ThreePoint",11,0,1,0,1
"5062","Stephen Curry",3975,401585278,"2024",1,3,0,"Close",12,1,0,1,2
"5063","Stephen Curry",3975,401585278,"2024",0,30.0832179129826,0,"ThreePoint",13,1,1,0,2
"5064","Stephen Curry",3975,401585278,"2024",0,15.6204993518133,0,"Midrange",14,0,1,1,2
"5065","Stephen Curry",3975,401585278,"2024",0,27.2029410174709,0,"ThreePoint",15,0,0,1,1
"5066","Stephen Curry",3975,401585278,"2024",0,27.0185121722126,0,"ThreePoint",16,0,0,0,0
"5067","Stephen Curry",3975,401585278,"2024",0,8.06225774829855,0,"Midrange",17,0,0,0,0
"5068","Stephen Curry",3975,401585278,"2024",1,5,0,"Close",18,0,0,0,0
"5069","Stephen Curry",3975,401585278,"2024",0,25.4950975679639,0,"ThreePoint",19,1,0,0,1
"5070","Stephen Curry",3975,401585278,"2024",0,27.5136329843952,0,"ThreePoint",20,0,1,0,1
"5071","Stephen Curry",3975,401585278,"2024",1,23.1948270094864,0,"ThreePoint",21,0,0,1,1
"5072","Stephen Curry",3975,401585278,"2024",0,26.9258240356725,0,"ThreePoint",22,1,0,0,1
"5073","Stephen Curry",3975,401585278,"2024",1,18.6815416922694,0,"Midrange",23,0,1,0,1
"5074","Stephen Curry",3975,401585278,"2024",0,26.3058928759318,0,"ThreePoint",24,1,0,1,2
"5075","Stephen Curry",3975,401585278,"2024",1,5,0,"Close",25,0,1,0,1
"5076","Stephen Curry",3975,401585278,"2024",0,9.89949493661167,0,"Midrange",26,1,0,1,2
"5077","Stephen Curry",3975,401585278,"2024",0,10.6301458127346,0,"Midrange",27,0,1,0,1
"5078","Stephen Curry",3975,401585278,"2024",1,27.7308492477241,0,"ThreePoint",28,0,0,1,1
"5079","Stephen Curry",3975,401585278,"2024",1,23,0,"ThreePoint",29,1,0,0,1
"5080","Stephen Curry",3975,401585278,"2024",0,20.0249843945008,0,"Midrange",30,1,1,0,2
"5081","Stephen Curry",3975,401585278,"2024",0,30.4138126514911,0,"ThreePoint",31,0,1,1,2
"5082","Stephen Curry",3975,401585278,"2024",1,4.24264068711928,0,"Close",32,0,0,1,1
"5083","Stephen Curry",3975,401585278,"2024",0,17.2046505340853,0,"Midrange",33,1,0,0,1
"5084","Stephen Curry",3975,401585278,"2024",1,5,0,"Close",34,0,1,0,1
"5085","Stephen Curry",3975,401585278,"2024",1,29.0172362570938,0,"ThreePoint",35,1,0,1,2
"5086","Terrence Ross",6619,401160950,"2020",1,24.3515913237718,0,"ThreePoint",1,NA,NA,NA,NA
"5087","Terrence Ross",6619,401160950,"2020",1,7.07106781186548,0,"Close",2,1,NA,NA,NA
"5088","Terrence Ross",6619,401160950,"2020",1,22.8035085019828,0,"ThreePoint",3,1,1,NA,NA
"5089","Terrence Ross",6619,401160950,"2020",0,26.8328157299975,1,"ThreePoint",4,1,1,1,3
"5090","Terrence Ross",6619,401160950,"2020",0,3.60555127546399,0,"Close",5,0,1,1,2
"5091","Terrence Ross",6619,401160950,"2020",0,5,0,"Close",6,0,0,1,1
"5092","Terrence Ross",6619,401160950,"2020",0,5.8309518948453,0,"Close",7,0,0,0,0
"5093","Terrence Ross",6619,401160950,"2020",1,26,0,"ThreePoint",8,0,0,0,0
"5094","Terrence Ross",6619,401160950,"2020",0,26.9258240356725,0,"ThreePoint",9,1,0,0,1
"5095","Terrence Ross",6619,401160950,"2020",1,17.0293863659264,0,"Midrange",10,0,1,0,1
"5096","Terrence Ross",6619,401160950,"2020",0,35.2278299076171,0,"ThreePoint",11,1,0,1,2
"5097","Terrence Ross",6619,401160950,"2020",1,27.3130005674953,0,"ThreePoint",12,0,1,0,1
"5098","Terrence Ross",6619,401160950,"2020",0,13.4536240470737,0,"Midrange",13,1,0,1,2
"5099","Terrence Ross",6619,401160950,"2020",1,11.0453610171873,0,"Midrange",14,0,1,0,1
"5100","Terrence Ross",6619,401161199,"2020",1,26.0768096208106,0,"ThreePoint",1,NA,NA,NA,NA
"5101","Terrence Ross",6619,401161199,"2020",0,26.0192236625154,0,"ThreePoint",2,1,NA,NA,NA
"5102","Terrence Ross",6619,401161199,"2020",0,27.2029410174709,0,"ThreePoint",3,0,1,NA,NA
"5103","Terrence Ross",6619,401161199,"2020",0,25.5538646783613,0,"ThreePoint",4,0,0,1,1
"5104","Terrence Ross",6619,401161199,"2020",1,9.05538513813742,0,"Midrange",5,0,0,0,0
"5105","Terrence Ross",6619,401161199,"2020",0,26.1725046566048,0,"ThreePoint",6,1,0,0,1
"5106","Terrence Ross",6619,401161199,"2020",0,25.4950975679639,0,"ThreePoint",7,0,1,0,1
"5107","Terrence Ross",6619,401161199,"2020",1,17,0,"Midrange",8,0,0,1,1
"5108","Terrence Ross",6619,401161199,"2020",0,27.2029410174709,0,"ThreePoint",9,1,0,0,1
"5109","Terrence Ross",6619,401161199,"2020",0,8.06225774829855,0,"Midrange",10,0,1,0,1
"5110","Terry Rozier",3074752,401360306,"2022",1,4.24264068711928,0,"Close",1,NA,NA,NA,NA
"5111","Terry Rozier",3074752,401360306,"2022",0,4.24264068711928,0,"Close",2,1,NA,NA,NA
"5112","Terry Rozier",3074752,401360306,"2022",1,24.6981780704569,0,"ThreePoint",3,0,1,NA,NA
"5113","Terry Rozier",3074752,401360306,"2022",1,24.6981780704569,0,"ThreePoint",4,1,0,1,2
"5114","Terry Rozier",3074752,401360306,"2022",0,23.0217288664427,0,"ThreePoint",5,1,1,0,2
"5115","Terry Rozier",3074752,401360306,"2022",0,25.8069758011279,0,"ThreePoint",6,0,1,1,2
"5116","Terry Rozier",3074752,401360306,"2022",0,25.1793566240283,0,"ThreePoint",7,0,0,1,1
"5117","Terry Rozier",3074752,401360306,"2022",0,2.23606797749979,0,"Close",8,0,0,0,0
"5118","Terry Rozier",3074752,401360306,"2022",0,20.5182845286832,0,"Midrange",9,0,0,0,0
"5119","Terry Rozier",3074752,401360306,"2022",0,48.0416485978573,0,"ThreePoint",10,0,0,0,0
"5120","Terry Rozier",3074752,401360306,"2022",1,23.0217288664427,0,"ThreePoint",11,0,0,0,0
"5121","Terry Rozier",3074752,401360306,"2022",0,17.0293863659264,0,"Midrange",12,1,0,0,1
"5122","Terry Rozier",3074752,401360306,"2022",1,25.8069758011279,0,"ThreePoint",13,0,1,0,1
"5123","Terry Rozier",3074752,401360306,"2022",0,26.0768096208106,0,"ThreePoint",14,1,0,1,2
"5124","Terry Rozier",3074752,401360306,"2022",0,26.4196896272458,0,"ThreePoint",15,0,1,0,1
"5125","Terry Rozier",3074752,401468569,"2023",0,4.24264068711928,0,"Close",1,NA,NA,NA,NA
"5126","Terry Rozier",3074752,401468569,"2023",0,8.54400374531753,0,"Midrange",2,0,NA,NA,NA
"5127","Terry Rozier",3074752,401468569,"2023",1,11.1803398874989,0,"Midrange",3,0,0,NA,NA
"5128","Terry Rozier",3074752,401468569,"2023",0,26.9258240356725,0,"ThreePoint",4,1,0,0,1
"5129","Terry Rozier",3074752,401468569,"2023",0,5.8309518948453,0,"Close",5,0,1,0,1
"5130","Terry Rozier",3074752,401468569,"2023",0,23.5372045918796,0,"ThreePoint",6,0,0,1,1
"5131","Terry Rozier",3074752,401468569,"2023",0,23.3452350598575,0,"ThreePoint",7,0,0,0,0
"5132","Terry Rozier",3074752,401468569,"2023",0,6.32455532033676,0,"Close",8,0,0,0,0
"5133","Terry Rozier",3074752,401468569,"2023",1,8.24621125123532,0,"Midrange",9,0,0,0,0
"5134","Terry Rozier",3074752,401468569,"2023",0,8.06225774829855,0,"Midrange",10,1,0,0,1
"5135","Terry Rozier",3074752,401468569,"2023",0,24.8394846967484,0,"ThreePoint",11,0,1,0,1
"5136","Terry Rozier",3074752,401468569,"2023",0,27.2029410174709,0,"ThreePoint",12,0,0,1,1
"5137","Terry Rozier",3074752,401468569,"2023",0,3.60555127546399,0,"Close",13,0,0,0,0
"5138","Terry Rozier",3074752,401468569,"2023",1,1,0,"Close",14,0,0,0,0
"5139","Terry Rozier",3074752,401468569,"2023",0,24.3515913237718,0,"ThreePoint",15,1,0,0,1
"5140","Terry Rozier",3074752,401468569,"2023",0,25.9422435421457,0,"ThreePoint",16,0,1,0,1
"5141","Terry Rozier",3074752,401468569,"2023",1,13.0384048104053,0,"Midrange",17,0,0,1,1
"5142","Terry Rozier",3074752,401468569,"2023",0,25.4950975679639,0,"ThreePoint",18,1,0,0,1
"5143","Terry Rozier",3074752,401468569,"2023",1,1,0,"Close",19,0,1,0,1
"5144","Terry Rozier",3074752,401468569,"2023",1,23,0,"ThreePoint",20,1,0,1,2
"5145","Terry Rozier",3074752,401468569,"2023",0,2.82842712474619,0,"Close",21,1,1,0,2
"5146","Terry Rozier",3074752,401468569,"2023",1,8.94427190999916,0,"Midrange",22,0,1,1,2
"5147","Terry Rozier",3074752,401468569,"2023",0,26.6270539113887,0,"ThreePoint",23,1,0,1,2
"5148","Terry Rozier",3074752,401468569,"2023",1,23,0,"ThreePoint",24,0,1,0,1
"5149","Terry Rozier",3074752,401468569,"2023",0,5.3851648071345,0,"Close",25,1,0,1,2
"5150","Terry Rozier",3074752,401468569,"2023",0,4.12310562561766,0,"Close",26,0,1,0,1
"5151","Terry Rozier",3074752,401468569,"2023",0,24.0416305603426,0,"ThreePoint",27,0,0,1,1
"5152","Terry Rozier",3074752,401468569,"2023",0,23.1948270094864,0,"ThreePoint",28,0,0,0,0
"5153","Tim Hardaway Jr.",2528210,401267559,"2021",0,25.2388589282479,0,"ThreePoint",1,NA,NA,NA,NA
"5154","Tim Hardaway Jr.",2528210,401267559,"2021",0,17.0293863659264,0,"Midrange",2,0,NA,NA,NA
"5155","Tim Hardaway Jr.",2528210,401267559,"2021",1,25.6124969497314,0,"ThreePoint",3,0,0,NA,NA
"5156","Tim Hardaway Jr.",2528210,401267559,"2021",0,24.0416305603426,0,"ThreePoint",4,1,0,0,1
"5157","Tim Hardaway Jr.",2528210,401267559,"2021",0,25.4950975679639,0,"ThreePoint",5,0,1,0,1
"5158","Tim Hardaway Jr.",2528210,401267559,"2021",1,23.3452350598575,0,"ThreePoint",6,0,0,1,1
"5159","Tim Hardaway Jr.",2528210,401267559,"2021",0,23.1948270094864,0,"ThreePoint",7,1,0,0,1
"5160","Tim Hardaway Jr.",2528210,401267559,"2021",1,3.60555127546399,0,"Close",8,0,1,0,1
"5161","Tobias Harris",6440,400899742,"2017",0,7.07106781186548,0,"Close",1,NA,NA,NA,NA
"5162","Tobias Harris",6440,400899742,"2017",1,0,0,"Close",2,0,NA,NA,NA
"5163","Tobias Harris",6440,400899742,"2017",0,25.5538646783613,0,"ThreePoint",3,1,0,NA,NA
"5164","Tobias Harris",6440,400899742,"2017",1,0,0,"Close",4,0,1,0,1
"5165","Tobias Harris",6440,400899742,"2017",0,25.4950975679639,0,"ThreePoint",5,1,0,1,2
"5166","Tobias Harris",6440,400899742,"2017",1,11.7046999107196,0,"Midrange",6,0,1,0,1
"5167","Tobias Harris",6440,400899742,"2017",0,13.6014705087354,0,"Midrange",7,1,0,1,2
"5168","Tobias Harris",6440,400899742,"2017",0,0,0,"Close",8,0,1,0,1
"5169","Tobias Harris",6440,400899742,"2017",0,14.8660687473185,0,"Midrange",9,0,0,1,1
"5170","Tobias Harris",6440,400899742,"2017",0,12.369316876853,0,"Midrange",10,0,0,0,0
"5171","Tobias Harris",6440,400899742,"2017",1,1,0,"Close",11,0,0,0,0
"5172","Tobias Harris",6440,400899742,"2017",1,26.6833281282527,0,"ThreePoint",12,1,0,0,1
"5173","Tobias Harris",6440,401307752,"2021",0,3.60555127546399,0,"Close",1,NA,NA,NA,NA
"5174","Tobias Harris",6440,401307752,"2021",0,2,0,"Close",2,0,NA,NA,NA
"5175","Tobias Harris",6440,401307752,"2021",0,8.94427190999916,0,"Midrange",3,0,0,NA,NA
"5176","Tobias Harris",6440,401307752,"2021",1,2.23606797749979,0,"Close",4,0,0,0,0
"5177","Tobias Harris",6440,401307752,"2021",1,23.0867927612304,0,"ThreePoint",5,1,0,0,1
"5178","Tobias Harris",6440,401307752,"2021",1,1,0,"Close",6,1,1,0,2
"5179","Tobias Harris",6440,401307752,"2021",0,1,1,"Close",7,1,1,1,3
"5180","Tobias Harris",6440,401307752,"2021",1,1,0,"Close",8,0,1,1,2
"5181","Tobias Harris",6440,401307752,"2021",1,19.6977156035922,0,"Midrange",9,1,0,1,2
"5182","Tobias Harris",6440,401307752,"2021",0,26.6270539113887,0,"ThreePoint",10,1,1,0,2
"5183","Tobias Harris",6440,401307752,"2021",1,13.0384048104053,0,"Midrange",11,0,1,1,2
"5184","Tobias Harris",6440,401307752,"2021",1,23.7697286480094,0,"ThreePoint",12,1,0,1,2
"5185","Tobias Harris",6440,401307752,"2021",0,26.1725046566048,0,"ThreePoint",13,1,1,0,2
"5186","Tobias Harris",6440,401307860,"2021",0,24,0,"ThreePoint",1,NA,NA,NA,NA
"5187","Tobias Harris",6440,401307860,"2021",0,7.28010988928052,0,"Close",2,0,NA,NA,NA
"5188","Tobias Harris",6440,401307860,"2021",1,0,0,"Close",3,0,0,NA,NA
"5189","Tobias Harris",6440,401307860,"2021",0,5.8309518948453,0,"Close",4,1,0,0,1
"5190","Tobias Harris",6440,401307860,"2021",1,6.32455532033676,0,"Close",5,0,1,0,1
"5191","Tobias Harris",6440,401307860,"2021",1,7,0,"Close",6,1,0,1,2
"5192","Tobias Harris",6440,401307860,"2021",0,4.24264068711928,0,"Close",7,1,1,0,2
"5193","Tobias Harris",6440,401307860,"2021",1,11.6619037896906,0,"Midrange",8,0,1,1,2
"5194","Tobias Harris",6440,401307860,"2021",1,8.60232526704263,0,"Midrange",9,1,0,1,2
"5195","Tobias Harris",6440,401307860,"2021",1,2.23606797749979,0,"Close",10,1,1,0,2
"5196","Tobias Harris",6440,401307860,"2021",0,9.21954445729289,1,"Midrange",11,1,1,1,3
"5197","Tobias Harris",6440,401307860,"2021",1,1,0,"Close",12,0,1,1,2
"5198","Tobias Harris",6440,401307860,"2021",0,26.0192236625154,0,"ThreePoint",13,1,0,1,2
"5199","Tobias Harris",6440,401307860,"2021",0,9.4339811320566,0,"Midrange",14,0,1,0,1
"5200","Tobias Harris",6440,401307860,"2021",0,25.4558441227157,0,"ThreePoint",15,0,0,1,1
"5201","Tobias Harris",6440,401307860,"2021",1,13.4164078649987,0,"Midrange",16,0,0,0,0
"5202","Tobias Harris",6440,401307860,"2021",0,23.1948270094864,0,"ThreePoint",17,1,0,0,1
"5203","Trae Young",4277905,401071061,"2019",0,2,0,"Close",1,NA,NA,NA,NA
"5204","Trae Young",4277905,401071061,"2019",0,1,0,"Close",2,0,NA,NA,NA
"5205","Trae Young",4277905,401071061,"2019",0,3.16227766016838,0,"Close",3,0,0,NA,NA
"5206","Trae Young",4277905,401071061,"2019",1,3,0,"Close",4,0,0,0,0
"5207","Trae Young",4277905,401071061,"2019",0,31.0644491340181,0,"ThreePoint",5,1,0,0,1
"5208","Trae Young",4277905,401071061,"2019",0,2,0,"Close",6,0,1,0,1
"5209","Trae Young",4277905,401071061,"2019",1,26.1725046566048,0,"ThreePoint",7,0,0,1,1
"5210","Trae Young",4277905,401071061,"2019",0,18.3575597506858,0,"Midrange",8,1,0,0,1
"5211","Trae Young",4277905,401071061,"2019",1,2,0,"Close",9,0,1,0,1
"5212","Trae Young",4277905,401071061,"2019",0,20.2484567313166,0,"Midrange",10,1,0,1,2
"5213","Trae Young",4277905,401071061,"2019",0,11.1803398874989,0,"Midrange",11,0,1,0,1
"5214","Trae Young",4277905,401071061,"2019",0,21,0,"Midrange",12,0,0,1,1
"5215","Trae Young",4277905,401267611,"2021",1,26.4007575648882,0,"ThreePoint",1,NA,NA,NA,NA
"5216","Trae Young",4277905,401267611,"2021",1,10.4403065089106,0,"Midrange",2,1,NA,NA,NA
"5217","Trae Young",4277905,401267611,"2021",1,11.1803398874989,0,"Midrange",3,1,1,NA,NA
"5218","Trae Young",4277905,401267611,"2021",0,15.2970585407784,1,"Midrange",4,1,1,1,3
"5219","Trae Young",4277905,401267611,"2021",1,25.9615099714943,0,"ThreePoint",5,0,1,1,2
"5220","Trae Young",4277905,401267611,"2021",0,29.0172362570938,0,"ThreePoint",6,1,0,1,2
"5221","Trae Young",4277905,401267611,"2021",1,11.7046999107196,0,"Midrange",7,0,1,0,1
"5222","Trae Young",4277905,401267611,"2021",0,28.1602556806574,0,"ThreePoint",8,1,0,1,2
"5223","Trae Young",4277905,401267611,"2021",1,4.47213595499958,0,"Close",9,0,1,0,1
"5224","Trae Young",4277905,401267611,"2021",0,27.8567765543682,0,"ThreePoint",10,1,0,1,2
"5225","Trae Young",4277905,401267611,"2021",0,30.8058436014987,0,"ThreePoint",11,0,1,0,1
"5226","Trae Young",4277905,401267611,"2021",1,10.0498756211209,0,"Midrange",12,0,0,1,1
"5227","Trae Young",4277905,401267611,"2021",1,16.6433169770932,0,"Midrange",13,1,0,0,1
"5228","Trae Young",4277905,401267611,"2021",1,29.1547594742265,0,"ThreePoint",14,1,1,0,2
"5229","Trae Young",4277905,401267611,"2021",0,12.1655250605964,1,"Midrange",15,1,1,1,3
"5230","Trae Young",4277905,401267611,"2021",1,4.24264068711928,0,"Close",16,0,1,1,2
"5231","Trae Young",4277905,401307752,"2021",1,12.6491106406735,0,"Midrange",1,NA,NA,NA,NA
"5232","Trae Young",4277905,401307752,"2021",1,10.816653826392,0,"Midrange",2,1,NA,NA,NA
"5233","Trae Young",4277905,401307752,"2021",0,21.9317121994613,0,"Midrange",3,1,1,NA,NA
"5234","Trae Young",4277905,401307752,"2021",1,23.0217288664427,0,"ThreePoint",4,0,1,1,2
"5235","Trae Young",4277905,401307752,"2021",1,0,0,"Close",5,1,0,1,2
"5236","Trae Young",4277905,401307752,"2021",0,1,0,"Close",6,1,1,0,2
"5237","Trae Young",4277905,401307752,"2021",0,28.0713376952364,0,"ThreePoint",7,0,1,1,2
"5238","Trae Young",4277905,401307752,"2021",1,17.1172427686237,0,"Midrange",8,0,0,1,1
"5239","Trae Young",4277905,401307752,"2021",0,11.7046999107196,0,"Midrange",9,1,0,0,1
"5240","Trae Young",4277905,401307752,"2021",0,25.6320112359526,0,"ThreePoint",10,0,1,0,1
"5241","Trae Young",4277905,401307752,"2021",0,19.723082923316,0,"Midrange",11,0,0,1,1
"5242","Trae Young",4277905,401307752,"2021",0,26.6833281282527,0,"ThreePoint",12,0,0,0,0
"5243","Trae Young",4277905,401307752,"2021",1,10,0,"Midrange",13,0,0,0,0
"5244","Trae Young",4277905,401307752,"2021",1,8.60232526704263,0,"Midrange",14,1,0,0,1
"5245","Trae Young",4277905,401307752,"2021",1,29.9666481275434,0,"ThreePoint",15,1,1,0,2
"5246","Trae Young",4277905,401307752,"2021",0,15.8113883008419,1,"Midrange",16,1,1,1,3
"5247","Trae Young",4277905,401307752,"2021",1,30.4630924234556,0,"ThreePoint",17,0,1,1,2
"5248","Trae Young",4277905,401307752,"2021",0,31.0161248385416,0,"ThreePoint",18,1,0,1,2
"5249","Trae Young",4277905,401307752,"2021",1,15,0,"Midrange",19,0,1,0,1
"5250","Tyler Herro",4395725,401704760,"2025",0,28.3019433961698,0,"ThreePoint",1,NA,NA,NA,NA
"5251","Tyler Herro",4395725,401704760,"2025",1,7.07106781186548,0,"Close",2,0,NA,NA,NA
"5252","Tyler Herro",4395725,401704760,"2025",1,5.65685424949238,0,"Close",3,1,0,NA,NA
"5253","Tyler Herro",4395725,401704760,"2025",0,25.1793566240283,0,"ThreePoint",4,1,1,0,2
"5254","Tyler Herro",4395725,401704760,"2025",0,4.47213595499958,0,"Close",5,0,1,1,2
"5255","Tyler Herro",4395725,401704760,"2025",1,24.7588368062799,0,"ThreePoint",6,0,0,1,1
"5256","Tyler Herro",4395725,401704760,"2025",0,29.1204395571221,0,"ThreePoint",7,1,0,0,1
"5257","Tyler Herro",4395725,401704760,"2025",0,5.8309518948453,0,"Close",8,0,1,0,1
"5258","Tyler Herro",4395725,401704760,"2025",1,26.0768096208106,0,"ThreePoint",9,0,0,1,1
"5259","Tyler Herro",4395725,401704760,"2025",0,29.2745623366089,0,"ThreePoint",10,1,0,0,1
"5260","Tyler Herro",4395725,401704760,"2025",1,2.23606797749979,0,"Close",11,0,1,0,1
"5261","Tyler Herro",4395725,401704760,"2025",1,2.82842712474619,0,"Close",12,1,0,1,2
"5262","Tyler Herro",4395725,401704760,"2025",1,27.2029410174709,0,"ThreePoint",13,1,1,0,2
"5263","Tyler Herro",4395725,401704760,"2025",0,24.8394846967484,1,"ThreePoint",14,1,1,1,3
"5264","Tyler Herro",4395725,401704760,"2025",0,2.23606797749979,0,"Close",15,0,1,1,2
"5265","Tyler Herro",4395725,401704760,"2025",1,2.82842712474619,0,"Close",16,0,0,1,1
"5266","Tyler Herro",4395725,401704760,"2025",1,2.23606797749979,0,"Close",17,1,0,0,1
"5267","Tyler Herro",4395725,401704760,"2025",1,26.5706605111728,0,"ThreePoint",18,1,1,0,2
"5268","Tyler Herro",4395725,401704760,"2025",0,5.8309518948453,1,"Close",19,1,1,1,3
"5269","Tyler Herro",4395725,401704760,"2025",0,26.4007575648882,0,"ThreePoint",20,0,1,1,2
"5270","Tyler Herro",4395725,401704760,"2025",0,3.60555127546399,0,"Close",21,0,0,1,1
"5271","Tyler Herro",4395725,401705352,"2025",0,26.4007575648882,0,"ThreePoint",1,NA,NA,NA,NA
"5272","Tyler Herro",4395725,401705352,"2025",0,26.9258240356725,0,"ThreePoint",2,0,NA,NA,NA
"5273","Tyler Herro",4395725,401705352,"2025",0,25.4950975679639,0,"ThreePoint",3,0,0,NA,NA
"5274","Tyler Herro",4395725,401705352,"2025",1,12.0830459735946,0,"Midrange",4,0,0,0,0
"5275","Tyler Herro",4395725,401705352,"2025",0,3,0,"Close",5,1,0,0,1
"5276","Tyler Herro",4395725,401705352,"2025",0,26,0,"ThreePoint",6,0,1,0,1
"5277","Tyler Herro",4395725,401705352,"2025",0,24.0416305603426,0,"ThreePoint",7,0,0,1,1
"5278","Tyler Herro",4395725,401705352,"2025",1,17.8044938147649,0,"Midrange",8,0,0,0,0
"5279","Tyler Herro",4395725,401705352,"2025",1,1.4142135623731,0,"Close",9,1,0,0,1
"5280","Tyler Herro",4395725,401705352,"2025",1,6.32455532033676,0,"Close",10,1,1,0,2
"5281","Tyler Herro",4395725,401705352,"2025",0,8.60232526704263,1,"Midrange",11,1,1,1,3
"5282","Tyler Herro",4395725,401705352,"2025",1,7.61577310586391,0,"Close",12,0,1,1,2
"5283","Tyler Herro",4395725,401705352,"2025",1,3.16227766016838,0,"Close",13,1,0,1,2
"5284","Tyler Herro",4395725,401705352,"2025",1,1.4142135623731,0,"Close",14,1,1,0,2
"5285","Tyler Herro",4395725,401705352,"2025",1,2.23606797749979,1,"Close",15,1,1,1,3
"5286","Tyler Herro",4395725,401705352,"2025",0,26.9072480941474,1,"ThreePoint",16,1,1,1,3
"5287","Tyler Herro",4395725,401705352,"2025",1,9.48683298050514,0,"Midrange",17,0,1,1,2
"5288","Tyler Herro",4395725,401705352,"2025",1,25.4950975679639,0,"ThreePoint",18,1,0,1,2
"5289","Tyler Herro",4395725,401705352,"2025",1,26.4007575648882,0,"ThreePoint",19,1,1,0,2
"5290","Tyler Herro",4395725,401705352,"2025",0,26.1725046566048,1,"ThreePoint",20,1,1,1,3
"5291","Tyler Herro",4395725,401705352,"2025",1,13.9283882771841,0,"Midrange",21,0,1,1,2
"5292","Tyler Herro",4395725,401705352,"2025",1,8.94427190999916,0,"Midrange",22,1,0,1,2
"5293","Tyler Herro",4395725,401705352,"2025",0,28.6356421265527,0,"ThreePoint",23,1,1,0,2
"5294","Tyler Herro",4395725,401705352,"2025",0,17.4928556845359,0,"Midrange",24,0,1,1,2
"5295","Tyler Herro",4395725,401705352,"2025",1,11.4017542509914,0,"Midrange",25,0,0,1,1
"5296","Tyler Herro",4395725,401705352,"2025",0,21.1896201004171,0,"Midrange",26,1,0,0,1
"5297","Tyler Herro",4395725,401705352,"2025",0,25.0798724079689,0,"ThreePoint",27,0,1,0,1
"5298","Tyler Herro",4395725,401705352,"2025",1,23.7697286480094,0,"ThreePoint",28,0,0,1,1
"5299","Tyler Herro",4395725,401705352,"2025",0,27.5862284482674,0,"ThreePoint",29,1,0,0,1
"5300","Tyler Herro",4395725,401705352,"2025",0,23.0217288664427,0,"ThreePoint",30,0,1,0,1
"5301","Tyrese Haliburton",4396993,401584799,"2024",0,27.2946881279124,0,"ThreePoint",1,NA,NA,NA,NA
"5302","Tyrese Haliburton",4396993,401584799,"2024",1,14,0,"Midrange",2,0,NA,NA,NA
"5303","Tyrese Haliburton",4396993,401584799,"2024",1,1,0,"Close",3,1,0,NA,NA
"5304","Tyrese Haliburton",4396993,401584799,"2024",1,26.0768096208106,0,"ThreePoint",4,1,1,0,2
"5305","Tyrese Haliburton",4396993,401584799,"2024",1,26.4007575648882,1,"ThreePoint",5,1,1,1,3
"5306","Tyrese Haliburton",4396993,401584799,"2024",0,11.6619037896906,1,"Midrange",6,1,1,1,3
"5307","Tyrese Haliburton",4396993,401584799,"2024",0,27,0,"ThreePoint",7,0,1,1,2
"5308","Tyrese Haliburton",4396993,401584799,"2024",1,29.5465734053883,0,"ThreePoint",8,0,0,1,1
"5309","Tyrese Haliburton",4396993,401584799,"2024",1,2.23606797749979,0,"Close",9,1,0,0,1
"5310","Tyrese Haliburton",4396993,401584799,"2024",0,20.2484567313166,0,"Midrange",10,1,1,0,2
"5311","Tyrese Haliburton",4396993,401584799,"2024",0,14.3178210632764,0,"Midrange",11,0,1,1,2
"5312","Tyrese Haliburton",4396993,401584799,"2024",0,26.2488094968134,0,"ThreePoint",12,0,0,1,1
"5313","Tyrese Haliburton",4396993,401584799,"2024",0,25.1793566240283,0,"ThreePoint",13,0,0,0,0
"5314","Tyrese Haliburton",4396993,401584799,"2024",1,2.23606797749979,0,"Close",14,0,0,0,0
"5315","Tyrese Haliburton",4396993,401584799,"2024",1,29.2745623366089,0,"ThreePoint",15,1,0,0,1
"5316","Tyrese Haliburton",4396993,401584799,"2024",1,3.60555127546399,0,"Close",16,1,1,0,2
"5317","Tyrese Haliburton",4396993,401584799,"2024",1,26.2488094968134,1,"ThreePoint",17,1,1,1,3
"5318","Tyrese Haliburton",4396993,401607494,"2024",1,2.23606797749979,0,"Close",1,NA,NA,NA,NA
"5319","Tyrese Haliburton",4396993,401607494,"2024",1,8.06225774829855,0,"Midrange",2,1,NA,NA,NA
"5320","Tyrese Haliburton",4396993,401607494,"2024",1,7.07106781186548,0,"Close",3,1,1,NA,NA
"5321","Tyrese Haliburton",4396993,401607494,"2024",0,9.05538513813742,1,"Midrange",4,1,1,1,3
"5322","Tyrese Haliburton",4396993,401607494,"2024",1,26.6833281282527,0,"ThreePoint",5,0,1,1,2
"5323","Tyrese Haliburton",4396993,401607494,"2024",0,29.2061637330205,0,"ThreePoint",6,1,0,1,2
"5324","Tyrese Haliburton",4396993,401607494,"2024",0,27.1661554144122,0,"ThreePoint",7,0,1,0,1
"5325","Tyrese Haliburton",4396993,401607494,"2024",0,24.8394846967484,0,"ThreePoint",8,0,0,1,1
"5326","Tyrese Haliburton",4396993,401607494,"2024",1,9.89949493661167,0,"Midrange",9,0,0,0,0
"5327","Tyrese Haliburton",4396993,401607494,"2024",1,17.0293863659264,0,"Midrange",10,1,0,0,1
"5328","Tyrese Haliburton",4396993,401607494,"2024",0,28.0713376952364,0,"ThreePoint",11,1,1,0,2
"5329","Tyrese Haliburton",4396993,401607494,"2024",0,24.3310501211929,0,"ThreePoint",12,0,1,1,2
"5330","Tyrese Haliburton",4396993,401607494,"2024",1,12.369316876853,0,"Midrange",13,0,0,1,1
"5331","Tyrese Haliburton",4396993,401607494,"2024",1,29.4278779391243,0,"ThreePoint",14,1,0,0,1
"5332","Tyrese Haliburton",4396993,401607494,"2024",1,0,0,"Close",15,1,1,0,2
"5333","Tyrese Haliburton",4396993,401607494,"2024",0,14.8660687473185,1,"Midrange",16,1,1,1,3
"5334","Tyrese Haliburton",4396993,401607494,"2024",1,2,0,"Close",17,0,1,1,2
"5335","Tyrese Haliburton",4396993,401607494,"2024",0,30.0166620396073,0,"ThreePoint",18,1,0,1,2
"5336","Tyrese Haliburton",4396993,401607494,"2024",1,25.4558441227157,0,"ThreePoint",19,0,1,0,1
"5337","Will Barton",6579,400975489,"2018",1,22.0227155455452,0,"ThreePoint",1,NA,NA,NA,NA
"5338","Will Barton",6579,400975489,"2018",1,25.2388589282479,0,"ThreePoint",2,1,NA,NA,NA
"5339","Will Barton",6579,400975489,"2018",0,25.6320112359526,0,"ThreePoint",3,1,1,NA,NA
"5340","Will Barton",6579,400975489,"2018",0,24.5967477524977,0,"ThreePoint",4,0,1,1,2
"5341","Will Barton",6579,400975489,"2018",0,1.4142135623731,0,"Close",5,0,0,1,1
"5342","Will Barton",6579,400975489,"2018",1,1,0,"Close",6,0,0,0,0
"5343","Will Barton",6579,400975489,"2018",1,4.24264068711928,0,"Close",7,1,0,0,1
"5344","Will Barton",6579,400975489,"2018",0,5,0,"Close",8,1,1,0,2
"5345","Will Barton",6579,400975489,"2018",1,2.82842712474619,0,"Close",9,0,1,1,2
"5346","Will Barton",6579,400975489,"2018",0,22.0907220343745,0,"ThreePoint",10,1,0,1,2
"5347","Will Barton",6579,400975489,"2018",1,1.4142135623731,0,"Close",11,0,1,0,1
"5348","Will Barton",6579,400975489,"2018",0,25.7099202643649,0,"ThreePoint",12,1,0,1,2
"5349","Will Barton",6579,400975489,"2018",1,3,0,"Close",13,0,1,0,1
"5350","Will Barton",6579,400975489,"2018",0,3.16227766016838,0,"Close",14,1,0,1,2
"5351","Will Barton",6579,400975489,"2018",0,0,0,"Close",15,0,1,0,1
"5352","Will Barton",6579,400975489,"2018",1,2.23606797749979,0,"Close",16,0,0,1,1
"5353","Will Barton",6579,400975489,"2018",0,4,0,"Close",17,1,0,0,1
"5354","Will Barton",6579,400975489,"2018",0,34.1760149812701,0,"ThreePoint",18,0,1,0,1
"5355","Zach LaVine",3064440,400828813,"2016",0,22,0,"Midrange",1,NA,NA,NA,NA
"5356","Zach LaVine",3064440,400828813,"2016",1,2.23606797749979,0,"Close",2,0,NA,NA,NA
"5357","Zach LaVine",3064440,400828813,"2016",1,25.4558441227157,0,"ThreePoint",3,1,0,NA,NA
"5358","Zach LaVine",3064440,400828813,"2016",0,27.3130005674953,0,"ThreePoint",4,1,1,0,2
"5359","Zach LaVine",3064440,400828813,"2016",1,22.2036033111745,0,"ThreePoint",5,0,1,1,2
"5360","Zach LaVine",3064440,400828813,"2016",1,24.2074368738204,0,"ThreePoint",6,1,0,1,2
"5361","Zach LaVine",3064440,400828813,"2016",1,24,0,"ThreePoint",7,1,1,0,2
"5362","Zach LaVine",3064440,400828813,"2016",1,0,1,"Close",8,1,1,1,3
"5363","Zach LaVine",3064440,400828813,"2016",1,0,1,"Close",9,1,1,1,3
"5364","Zach LaVine",3064440,400828813,"2016",0,27.2029410174709,1,"ThreePoint",10,1,1,1,3
"5365","Zach LaVine",3064440,400828813,"2016",1,0,0,"Close",11,0,1,1,2
"5366","Zach LaVine",3064440,400828813,"2016",1,19.7989898732233,0,"Midrange",12,1,0,1,2
"5367","Zach LaVine",3064440,401360095,"2022",0,12.0415945787923,0,"Midrange",1,NA,NA,NA,NA
"5368","Zach LaVine",3064440,401360095,"2022",1,25.4950975679639,0,"ThreePoint",2,0,NA,NA,NA
"5369","Zach LaVine",3064440,401360095,"2022",0,11.1803398874989,0,"Midrange",3,1,0,NA,NA
"5370","Zach LaVine",3064440,401360095,"2022",0,4.47213595499958,0,"Close",4,0,1,0,1
"5371","Zach LaVine",3064440,401360095,"2022",0,6.32455532033676,0,"Close",5,0,0,1,1
"5372","Zach LaVine",3064440,401360095,"2022",1,2.23606797749979,0,"Close",6,0,0,0,0
"5373","Zach LaVine",3064440,401360095,"2022",0,25.9422435421457,0,"ThreePoint",7,1,0,0,1
"5374","Zach LaVine",3064440,401360095,"2022",0,26.8328157299975,0,"ThreePoint",8,0,1,0,1
"5375","Zach LaVine",3064440,401360095,"2022",1,2.23606797749979,0,"Close",9,0,0,1,1
"5376","Zach LaVine",3064440,401360095,"2022",1,8.48528137423857,0,"Midrange",10,1,0,0,1
"5377","Zach LaVine",3064440,401360095,"2022",1,13,0,"Midrange",11,1,1,0,2
"5378","Zach LaVine",3064440,401360095,"2022",0,13.9283882771841,1,"Midrange",12,1,1,1,3
"5379","Zach LaVine",3064440,401360095,"2022",1,2.23606797749979,0,"Close",13,0,1,1,2
"5380","Zach LaVine",3064440,401360095,"2022",1,27,0,"ThreePoint",14,1,0,1,2
"5381","Zach LaVine",3064440,401360095,"2022",0,26.4196896272458,0,"ThreePoint",15,1,1,0,2
"5382","Zach LaVine",3064440,401360095,"2022",0,26.4764045897475,0,"ThreePoint",16,0,1,1,2
"5383","Zach LaVine",3064440,401360095,"2022",1,2.23606797749979,0,"Close",17,0,0,1,1
"5384","Zach LaVine",3064440,401360095,"2022",1,2,0,"Close",18,1,0,0,1
"5385","Zach LaVine",3064440,401360095,"2022",0,25.5538646783613,0,"ThreePoint",19,1,1,0,2
"5386","Zach LaVine",3064440,401360095,"2022",0,26,0,"ThreePoint",20,0,1,1,2
"5387","Zach LaVine",3064440,401360095,"2022",1,23.0217288664427,0,"ThreePoint",21,0,0,1,1
"5388","Zach LaVine",3064440,401360095,"2022",1,22.2036033111745,0,"ThreePoint",22,1,0,0,1
"5389","Zach LaVine",3064440,401468805,"2023",1,1.4142135623731,0,"Close",1,NA,NA,NA,NA
"5390","Zach LaVine",3064440,401468805,"2023",0,24.7588368062799,0,"ThreePoint",2,1,NA,NA,NA
"5391","Zach LaVine",3064440,401468805,"2023",0,25.0199920063936,0,"ThreePoint",3,0,1,NA,NA
"5392","Zach LaVine",3064440,401468805,"2023",0,1.4142135623731,0,"Close",4,0,0,1,1
"5393","Zach LaVine",3064440,401468805,"2023",0,0,0,"Close",5,0,0,0,0
"5394","Zach LaVine",3064440,401468805,"2023",1,0,0,"Close",6,0,0,0,0
"5395","Zach LaVine",3064440,401468805,"2023",0,24.4131112314674,0,"ThreePoint",7,1,0,0,1
"5396","Zach LaVine",3064440,401468805,"2023",1,0,0,"Close",8,0,1,0,1
"5397","Zach LaVine",3064440,401468805,"2023",1,0,0,"Close",9,1,0,1,2
"5398","Zach LaVine",3064440,401468805,"2023",0,25.5538646783613,0,"ThreePoint",10,1,1,0,2
"5399","Zach LaVine",3064440,401468805,"2023",0,14,0,"Midrange",11,0,1,1,2
"5400","Zach LaVine",3064440,401468805,"2023",1,2.23606797749979,0,"Close",12,0,0,1,1
"5401","Zach LaVine",3064440,401468805,"2023",1,26.0768096208106,0,"ThreePoint",13,1,0,0,1
"5402","Zach LaVine",3064440,401468805,"2023",0,26.0768096208106,0,"ThreePoint",14,1,1,0,2
"5403","Zach LaVine",3064440,401468805,"2023",0,25.4558441227157,0,"ThreePoint",15,0,1,1,2
"5404","Zach LaVine",3064440,401468805,"2023",0,26.6270539113887,0,"ThreePoint",16,0,0,1,1
"5405","Zach LaVine",3064440,401468805,"2023",1,19.4164878389476,0,"Midrange",17,0,0,0,0
"5406","Zach LaVine",3064440,401468805,"2023",0,3.16227766016838,0,"Close",18,1,0,0,1
"5407","Zach LaVine",3064440,401704785,"2025",0,25.4950975679639,0,"ThreePoint",1,NA,NA,NA,NA
"5408","Zach LaVine",3064440,401704785,"2025",1,12.2065556157337,0,"Midrange",2,0,NA,NA,NA
"5409","Zach LaVine",3064440,401704785,"2025",1,23,0,"ThreePoint",3,1,0,NA,NA
"5410","Zach LaVine",3064440,401704785,"2025",0,21.9544984001001,0,"Midrange",4,1,1,0,2
"5411","Zach LaVine",3064440,401704785,"2025",1,1,0,"Close",5,0,1,1,2
"5412","Zach LaVine",3064440,401704785,"2025",1,24.6981780704569,0,"ThreePoint",6,1,0,1,2
"5413","Zach LaVine",3064440,401704785,"2025",1,25.4950975679639,0,"ThreePoint",7,1,1,0,2
"5414","Zach LaVine",3064440,401704785,"2025",1,15.52417469626,1,"Midrange",8,1,1,1,3
"5415","Zach LaVine",3064440,401704785,"2025",1,31.4006369362152,1,"ThreePoint",9,1,1,1,3
"5416","Zach LaVine",3064440,401704785,"2025",1,1,1,"Close",10,1,1,1,3
"5417","Zach LaVine",3064440,401704785,"2025",1,0,1,"Close",11,1,1,1,3
"5418","Zach LaVine",3064440,401704785,"2025",1,2.23606797749979,1,"Close",12,1,1,1,3
"5419","Zach LaVine",3064440,401704785,"2025",0,23,1,"ThreePoint",13,1,1,1,3
"5420","Zach LaVine",3064440,401704785,"2025",0,26,0,"ThreePoint",14,0,1,1,2
"5421","Zach LaVine",3064440,401704785,"2025",1,11.1803398874989,0,"Midrange",15,0,0,1,1
"5422","Zach LaVine",3064440,401704785,"2025",1,22.2036033111745,0,"ThreePoint",16,1,0,0,1
"5423","Zach LaVine",3064440,401704785,"2025",0,25.298221281347,0,"ThreePoint",17,1,1,0,2
"5424","Zion Williamson",4395628,401267559,"2021",1,1.4142135623731,0,"Close",1,NA,NA,NA,NA
"5425","Zion Williamson",4395628,401267559,"2021",1,2.23606797749979,0,"Close",2,1,NA,NA,NA
"5426","Zion Williamson",4395628,401267559,"2021",1,1,0,"Close",3,1,1,NA,NA
"5427","Zion Williamson",4395628,401267559,"2021",1,1,1,"Close",4,1,1,1,3
"5428","Zion Williamson",4395628,401267559,"2021",1,0,1,"Close",5,1,1,1,3
"5429","Zion Williamson",4395628,401267559,"2021",1,0,1,"Close",6,1,1,1,3
"5430","Zion Williamson",4395628,401267559,"2021",1,1.4142135623731,1,"Close",7,1,1,1,3
"5431","Zion Williamson",4395628,401267559,"2021",1,1,1,"Close",8,1,1,1,3
"5432","Zion Williamson",4395628,401267559,"2021",1,1.4142135623731,1,"Close",9,1,1,1,3
"5433","Zion Williamson",4395628,401267559,"2021",1,2,1,"Close",10,1,1,1,3
"5434","Zion Williamson",4395628,401267559,"2021",1,2,1,"Close",11,1,1,1,3
"5435","Zion Williamson",4395628,401267559,"2021",1,4.12310562561766,1,"Close",12,1,1,1,3
"5436","Zion Williamson",4395628,401267559,"2021",0,24.4131112314674,1,"ThreePoint",13,1,1,1,3
"5437","Zion Williamson",4395628,401267559,"2021",1,1,0,"Close",14,0,1,1,2
"5438","Zion Williamson",4395628,401267559,"2021",1,1,0,"Close",15,1,0,1,2
"5439","Zion Williamson",4395628,401584929,"2024",0,2,0,"Close",1,NA,NA,NA,NA
"5440","Zion Williamson",4395628,401584929,"2024",1,0,0,"Close",2,0,NA,NA,NA
"5441","Zion Williamson",4395628,401584929,"2024",0,2,0,"Close",3,1,0,NA,NA
"5442","Zion Williamson",4395628,401584929,"2024",1,0,0,"Close",4,0,1,0,1
"5443","Zion Williamson",4395628,401584929,"2024",1,0,0,"Close",5,1,0,1,2
"5444","Zion Williamson",4395628,401584929,"2024",1,5,0,"Close",6,1,1,0,2
"5445","Zion Williamson",4395628,401584929,"2024",0,6,1,"Close",7,1,1,1,3
"5446","Zion Williamson",4395628,401584929,"2024",1,2.23606797749979,0,"Close",8,0,1,1,2
"5447","Zion Williamson",4395628,401584929,"2024",1,3,0,"Close",9,1,0,1,2
"5448","Zion Williamson",4395628,401584929,"2024",1,3,0,"Close",10,1,1,0,2
"5449","Zion Williamson",4395628,401584929,"2024",0,8.06225774829855,1,"Midrange",11,1,1,1,3
"5450","Zion Williamson",4395628,401584929,"2024",1,2,0,"Close",12,0,1,1,2
"5451","Zion Williamson",4395628,401584929,"2024",1,3,0,"Close",13,1,0,1,2
"5452","Zion Williamson",4395628,401584929,"2024",1,4.12310562561766,0,"Close",14,1,1,0,2
"5453","Zion Williamson",4395628,401584929,"2024",1,2,1,"Close",15,1,1,1,3
"5454","Zion Williamson",4395628,401584929,"2024",1,2.23606797749979,1,"Close",16,1,1,1,3
"5455","Zion Williamson",4395628,401584929,"2024",1,1.4142135623731,1,"Close",17,1,1,1,3
"5456","Zion Williamson",4395628,401584954,"2024",1,3.60555127546399,0,"Close",1,NA,NA,NA,NA
"5457","Zion Williamson",4395628,401584954,"2024",1,2.23606797749979,0,"Close",2,1,NA,NA,NA
"5458","Zion Williamson",4395628,401584954,"2024",1,2.23606797749979,0,"Close",3,1,1,NA,NA
"5459","Zion Williamson",4395628,401584954,"2024",0,2.82842712474619,1,"Close",4,1,1,1,3
"5460","Zion Williamson",4395628,401584954,"2024",1,3,0,"Close",5,0,1,1,2
"5461","Zion Williamson",4395628,401584954,"2024",0,5.09901951359278,0,"Close",6,1,0,1,2
"5462","Zion Williamson",4395628,401584954,"2024",1,3,0,"Close",7,0,1,0,1
"5463","Zion Williamson",4395628,401584954,"2024",0,5,0,"Close",8,1,0,1,2
"5464","Zion Williamson",4395628,401584954,"2024",0,7.81024967590665,0,"Close",9,0,1,0,1
"5465","Zion Williamson",4395628,401584954,"2024",1,1.4142135623731,0,"Close",10,0,0,1,1
"5466","Zion Williamson",4395628,401584954,"2024",0,3.60555127546399,0,"Close",11,1,0,0,1
"5467","Zion Williamson",4395628,401584954,"2024",1,3.60555127546399,0,"Close",12,0,1,0,1
"5468","Zion Williamson",4395628,401584954,"2024",0,7.07106781186548,0,"Close",13,1,0,1,2
"5469","Zion Williamson",4395628,401584954,"2024",1,1,0,"Close",14,0,1,0,1
"5470","Zion Williamson",4395628,401584954,"2024",0,3.60555127546399,0,"Close",15,1,0,1,2
"5471","Zion Williamson",4395628,401584954,"2024",1,11.4017542509914,0,"Midrange",16,0,1,0,1
