"","player","athlete_id_1","game_id","season_end","make","shot_dist","is_opportunity","dist_category","shot_number","lag1","lag2","lag3","prev3_sum"
"1","Aaron Gordon",3064290,401070745,"2019",0,8.94427190999916,0,"Midrange",1,NA,NA,NA,NA
"2","Aaron Gordon",3064290,401070745,"2019",0,13.4164078649987,0,"Midrange",2,0,NA,NA,NA
"3","Aaron Gordon",3064290,401070745,"2019",0,25,0,"ThreePoint",3,0,0,NA,NA
"4","Aaron Gordon",3064290,401070745,"2019",0,23.0217288664427,0,"ThreePoint",4,0,0,0,0
"5","Aaron Gordon",3064290,401070745,"2019",0,25.5538646783613,0,"ThreePoint",5,0,0,0,0
"6","Aaron Gordon",3064290,401070745,"2019",1,1,0,"Close",6,0,0,0,0
"7","Aaron Gordon",3064290,401070745,"2019",1,7.28010988928052,0,"Close",7,1,0,0,1
"8","Aaron Gordon",3064290,401070745,"2019",1,0,0,"Close",8,1,1,0,2
"9","Aaron Gordon",3064290,401070745,"2019",1,1,1,"Close",9,1,1,1,3
"10","Aaron Gordon",3064290,401070745,"2019",1,26.2488094968134,1,"ThreePoint",10,1,1,1,3
"11","Aaron Gordon",3064290,401070745,"2019",1,27.459060435492,1,"ThreePoint",11,1,1,1,3
"12","Aaron Gordon",3064290,401070908,"2019",1,1.4142135623731,0,"Close",1,NA,NA,NA,NA
"13","Aaron Gordon",3064290,401070908,"2019",0,4.24264068711928,0,"Close",2,1,NA,NA,NA
"14","Aaron Gordon",3064290,401070908,"2019",0,13.6014705087354,0,"Midrange",3,0,1,NA,NA
"15","Aaron Gordon",3064290,401070908,"2019",0,26.4007575648882,0,"ThreePoint",4,0,0,1,1
"16","Aaron Gordon",3064290,401070908,"2019",1,16.2788205960997,0,"Midrange",5,0,0,0,0
"17","Aaron Gordon",3064290,401070908,"2019",1,1.4142135623731,0,"Close",6,1,0,0,1
"18","Aaron Gordon",3064290,401070908,"2019",0,5.65685424949238,0,"Close",7,1,1,0,2
"19","Aaron Gordon",3064290,401070908,"2019",0,14.0356688476182,0,"Midrange",8,0,1,1,2
"20","Aaron Gordon",3064290,401070908,"2019",1,0,0,"Close",9,0,0,1,1
"21","Aaron Gordon",3064290,401070908,"2019",1,23.3452350598575,0,"ThreePoint",10,1,0,0,1
"22","Aaron Gordon",3064290,401070908,"2019",0,5.09901951359278,0,"Close",11,1,1,0,2
"23","Aaron Gordon",3064290,401070908,"2019",0,4.47213595499958,0,"Close",12,0,1,1,2
"24","Aaron Gordon",3064290,401070908,"2019",0,0,0,"Close",13,0,0,1,1
"25","Andre Drummond",6585,400827985,"2016",1,2.23606797749979,0,"Close",1,NA,NA,NA,NA
"26","Andre Drummond",6585,400827985,"2016",0,2.23606797749979,0,"Close",2,1,NA,NA,NA
"27","Andre Drummond",6585,400827985,"2016",0,2,0,"Close",3,0,1,NA,NA
"28","Andre Drummond",6585,400827985,"2016",1,1.4142135623731,0,"Close",4,0,0,1,1
"29","Andre Drummond",6585,400827985,"2016",1,11.0453610171873,0,"Midrange",5,1,0,0,1
"30","Andre Drummond",6585,400827985,"2016",0,0,0,"Close",6,1,1,0,2
"31","Andre Drummond",6585,400827985,"2016",1,2.23606797749979,0,"Close",7,0,1,1,2
"32","Andre Drummond",6585,400827985,"2016",1,4.24264068711928,0,"Close",8,1,0,1,2
"33","Andre Drummond",6585,400827985,"2016",1,1,0,"Close",9,1,1,0,2
"34","Andre Drummond",6585,400827985,"2016",1,5.3851648071345,1,"Close",10,1,1,1,3
"35","Andre Drummond",6585,400827985,"2016",0,7.28010988928052,1,"Close",11,1,1,1,3
"36","Andre Drummond",6585,400827985,"2016",1,0,0,"Close",12,0,1,1,2
"37","Andre Drummond",6585,400827985,"2016",1,7,0,"Close",13,1,0,1,2
"38","Andre Drummond",6585,400827985,"2016",1,6.40312423743285,0,"Close",14,1,1,0,2
"39","Andre Drummond",6585,400827985,"2016",1,0,1,"Close",15,1,1,1,3
"40","Andre Drummond",6585,400827985,"2016",0,1,1,"Close",16,1,1,1,3
"41","Andre Drummond",6585,400827985,"2016",1,0,0,"Close",17,0,1,1,2
"42","Andre Drummond",6585,400827985,"2016",1,1,0,"Close",18,1,0,1,2
"43","Andre Drummond",6585,400827985,"2016",1,1,0,"Close",19,1,1,0,2
"44","Andre Drummond",6585,400828385,"2016",0,1,0,"Close",1,NA,NA,NA,NA
"45","Andre Drummond",6585,400828385,"2016",0,1,0,"Close",2,0,NA,NA,NA
"46","Andre Drummond",6585,400828385,"2016",0,13.1529464379659,0,"Midrange",3,0,0,NA,NA
"47","Andre Drummond",6585,400828385,"2016",1,2.23606797749979,0,"Close",4,0,0,0,0
"48","Andre Drummond",6585,400828385,"2016",1,1,0,"Close",5,1,0,0,1
"49","Andre Drummond",6585,400828385,"2016",0,1.4142135623731,0,"Close",6,1,1,0,2
"50","Andre Drummond",6585,400828385,"2016",0,10,0,"Midrange",7,0,1,1,2
"51","Andre Drummond",6585,400828385,"2016",1,0,0,"Close",8,0,0,1,1
"52","Andre Drummond",6585,400828385,"2016",0,3.60555127546399,0,"Close",9,1,0,0,1
"53","Andre Drummond",6585,400828385,"2016",1,1,0,"Close",10,0,1,0,1
"54","Andre Drummond",6585,400828385,"2016",1,6,0,"Close",11,1,0,1,2
"55","Andre Drummond",6585,400828385,"2016",0,0,0,"Close",12,1,1,0,2
"56","Andre Drummond",6585,400828415,"2016",0,1,0,"Close",1,NA,NA,NA,NA
"57","Andre Drummond",6585,400828415,"2016",1,14,0,"Midrange",2,0,NA,NA,NA
"58","Andre Drummond",6585,400828415,"2016",1,5,0,"Close",3,1,0,NA,NA
"59","Andre Drummond",6585,400828415,"2016",1,7.61577310586391,0,"Close",4,1,1,0,2
"60","Andre Drummond",6585,400828415,"2016",0,1.4142135623731,1,"Close",5,1,1,1,3
"61","Andre Drummond",6585,400828415,"2016",1,6.40312423743285,0,"Close",6,0,1,1,2
"62","Andre Drummond",6585,400828415,"2016",1,1,0,"Close",7,1,0,1,2
"63","Andre Drummond",6585,400828415,"2016",1,10.1980390271856,0,"Midrange",8,1,1,0,2
"64","Andre Drummond",6585,400828710,"2016",0,8.60232526704263,0,"Midrange",1,NA,NA,NA,NA
"65","Andre Drummond",6585,400828710,"2016",1,1,0,"Close",2,0,NA,NA,NA
"66","Andre Drummond",6585,400828710,"2016",1,0,0,"Close",3,1,0,NA,NA
"67","Andre Drummond",6585,400828710,"2016",1,1.4142135623731,0,"Close",4,1,1,0,2
"68","Andre Drummond",6585,400828710,"2016",1,6,1,"Close",5,1,1,1,3
"69","Andre Drummond",6585,400828710,"2016",1,7,1,"Close",6,1,1,1,3
"70","Andre Drummond",6585,400828710,"2016",0,6.08276253029822,1,"Close",7,1,1,1,3
"71","Andre Drummond",6585,400828710,"2016",1,0,0,"Close",8,0,1,1,2
"72","Andre Drummond",6585,400828710,"2016",0,0,0,"Close",9,1,0,1,2
"73","Andre Drummond",6585,400828710,"2016",1,0,0,"Close",10,0,1,0,1
"74","Andre Drummond",6585,400828710,"2016",1,1,0,"Close",11,1,0,1,2
"75","Andre Drummond",6585,400828710,"2016",1,0,0,"Close",12,1,1,0,2
"76","Andre Drummond",6585,400828710,"2016",0,0,1,"Close",13,1,1,1,3
"77","Andre Drummond",6585,400828945,"2016",0,5,0,"Close",1,NA,NA,NA,NA
"78","Andre Drummond",6585,400828945,"2016",0,7.07106781186548,0,"Close",2,0,NA,NA,NA
"79","Andre Drummond",6585,400828945,"2016",0,8.24621125123532,0,"Midrange",3,0,0,NA,NA
"80","Andre Drummond",6585,400828945,"2016",0,5.3851648071345,0,"Close",4,0,0,0,0
"81","Andre Drummond",6585,400828945,"2016",1,4.12310562561766,0,"Close",5,0,0,0,0
"82","Andre Drummond",6585,400828945,"2016",0,0,0,"Close",6,1,0,0,1
"83","Andre Drummond",6585,400828945,"2016",1,0,0,"Close",7,0,1,0,1
"84","Andre Drummond",6585,400828945,"2016",0,3.60555127546399,0,"Close",8,1,0,1,2
"85","Andre Drummond",6585,400828945,"2016",1,1,0,"Close",9,0,1,0,1
"86","Andre Drummond",6585,400828945,"2016",1,0,0,"Close",10,1,0,1,2
"87","Andre Drummond",6585,400828945,"2016",1,1,0,"Close",11,1,1,0,2
"88","Andre Drummond",6585,400828945,"2016",1,0,1,"Close",12,1,1,1,3
"89","Andre Drummond",6585,400828945,"2016",1,8.06225774829855,1,"Midrange",13,1,1,1,3
"90","Andre Drummond",6585,400828945,"2016",1,6.08276253029822,1,"Close",14,1,1,1,3
"91","Andre Drummond",6585,400828945,"2016",1,3.60555127546399,1,"Close",15,1,1,1,3
"92","Andre Drummond",6585,400828945,"2016",1,0,1,"Close",16,1,1,1,3
"93","Andre Drummond",6585,400828945,"2016",1,0,1,"Close",17,1,1,1,3
"94","Andre Drummond",6585,400828945,"2016",1,1.4142135623731,1,"Close",18,1,1,1,3
"95","Andre Drummond",6585,400828945,"2016",1,0,1,"Close",19,1,1,1,3
"96","Andre Drummond",6585,400828945,"2016",1,1,1,"Close",20,1,1,1,3
"97","Andre Drummond",6585,401070948,"2019",1,2,0,"Close",1,NA,NA,NA,NA
"98","Andre Drummond",6585,401070948,"2019",0,4.24264068711928,0,"Close",2,1,NA,NA,NA
"99","Andre Drummond",6585,401070948,"2019",0,2,0,"Close",3,0,1,NA,NA
"100","Andre Drummond",6585,401070948,"2019",0,3.16227766016838,0,"Close",4,0,0,1,1
"101","Andre Drummond",6585,401070948,"2019",1,2.23606797749979,0,"Close",5,0,0,0,0
"102","Andre Drummond",6585,401070948,"2019",0,1,0,"Close",6,1,0,0,1
"103","Andre Drummond",6585,401070948,"2019",1,0,0,"Close",7,0,1,0,1
"104","Andre Drummond",6585,401070948,"2019",0,2,0,"Close",8,1,0,1,2
"105","Andre Drummond",6585,401070948,"2019",1,0,0,"Close",9,0,1,0,1
"106","Andre Drummond",6585,401070948,"2019",1,1,0,"Close",10,1,0,1,2
"107","Andre Drummond",6585,401070948,"2019",1,1,0,"Close",11,1,1,0,2
"108","Andre Drummond",6585,401070948,"2019",1,1,1,"Close",12,1,1,1,3
"109","Andre Drummond",6585,401070948,"2019",0,22.0227155455452,1,"ThreePoint",13,1,1,1,3
"110","Andre Drummond",6585,401070948,"2019",1,0,0,"Close",14,0,1,1,2
"111","Andre Drummond",6585,401070948,"2019",0,4.47213595499958,0,"Close",15,1,0,1,2
"112","Andre Drummond",6585,401070948,"2019",0,2.23606797749979,0,"Close",16,0,1,0,1
"113","Andre Drummond",6585,401070948,"2019",1,2.23606797749979,0,"Close",17,0,0,1,1
"114","Andre Drummond",6585,401070948,"2019",0,2.23606797749979,0,"Close",18,1,0,0,1
"115","Andre Drummond",6585,401071463,"2019",0,11,0,"Midrange",1,NA,NA,NA,NA
"116","Andre Drummond",6585,401071463,"2019",1,2,0,"Close",2,0,NA,NA,NA
"117","Andre Drummond",6585,401071463,"2019",1,1.4142135623731,0,"Close",3,1,0,NA,NA
"118","Andre Drummond",6585,401071463,"2019",1,5.8309518948453,0,"Close",4,1,1,0,2
"119","Andre Drummond",6585,401071463,"2019",1,7,1,"Close",5,1,1,1,3
"120","Andre Drummond",6585,401071463,"2019",1,1.4142135623731,1,"Close",6,1,1,1,3
"121","Andre Drummond",6585,401071463,"2019",1,1.4142135623731,1,"Close",7,1,1,1,3
"122","Andre Drummond",6585,401071463,"2019",1,0,1,"Close",8,1,1,1,3
"123","Andre Drummond",6585,401071463,"2019",1,7.28010988928052,1,"Close",9,1,1,1,3
"124","Andre Drummond",6585,401071463,"2019",0,5.09901951359278,1,"Close",10,1,1,1,3
"125","Andre Drummond",6585,401071463,"2019",1,2,0,"Close",11,0,1,1,2
"126","Andre Drummond",6585,401071463,"2019",1,2.23606797749979,0,"Close",12,1,0,1,2
"127","Andre Drummond",6585,401071463,"2019",1,3.60555127546399,0,"Close",13,1,1,0,2
"128","Andre Drummond",6585,401071463,"2019",1,5,1,"Close",14,1,1,1,3
"129","Andrew Wiggins",3059319,401071183,"2019",0,25,0,"ThreePoint",1,NA,NA,NA,NA
"130","Andrew Wiggins",3059319,401071183,"2019",0,8.06225774829855,0,"Midrange",2,0,NA,NA,NA
"131","Andrew Wiggins",3059319,401071183,"2019",0,2.23606797749979,0,"Close",3,0,0,NA,NA
"132","Andrew Wiggins",3059319,401071183,"2019",1,2.23606797749979,0,"Close",4,0,0,0,0
"133","Andrew Wiggins",3059319,401071183,"2019",0,25.298221281347,0,"ThreePoint",5,1,0,0,1
"134","Andrew Wiggins",3059319,401071183,"2019",0,23.0217288664427,0,"ThreePoint",6,0,1,0,1
"135","Andrew Wiggins",3059319,401071183,"2019",0,6.32455532033676,0,"Close",7,0,0,1,1
"136","Andrew Wiggins",3059319,401071183,"2019",0,4.47213595499958,0,"Close",8,0,0,0,0
"137","Andrew Wiggins",3059319,401071183,"2019",0,17.8044938147649,0,"Midrange",9,0,0,0,0
"138","Andrew Wiggins",3059319,401071183,"2019",0,29.4278779391243,0,"ThreePoint",10,0,0,0,0
"139","Andrew Wiggins",3059319,401071183,"2019",0,18.2482875908947,0,"Midrange",11,0,0,0,0
"140","Andrew Wiggins",3059319,401071183,"2019",1,1,0,"Close",12,0,0,0,0
"141","Andrew Wiggins",3059319,401071183,"2019",1,25.0798724079689,0,"ThreePoint",13,1,0,0,1
"142","Andrew Wiggins",3059319,401071183,"2019",1,26.5706605111728,0,"ThreePoint",14,1,1,0,2
"143","Andrew Wiggins",3059319,401071183,"2019",1,8.60232526704263,1,"Midrange",15,1,1,1,3
"144","Andrew Wiggins",3059319,401359993,"2022",1,20.1246117974981,0,"Midrange",1,NA,NA,NA,NA
"145","Andrew Wiggins",3059319,401359993,"2022",1,23,0,"ThreePoint",2,1,NA,NA,NA
"146","Andrew Wiggins",3059319,401359993,"2022",1,2.23606797749979,0,"Close",3,1,1,NA,NA
"147","Andrew Wiggins",3059319,401359993,"2022",1,4.47213595499958,1,"Close",4,1,1,1,3
"148","Andrew Wiggins",3059319,401359993,"2022",1,22.561028345357,1,"ThreePoint",5,1,1,1,3
"149","Andrew Wiggins",3059319,401359993,"2022",1,27.5862284482674,1,"ThreePoint",6,1,1,1,3
"150","Andrew Wiggins",3059319,401359993,"2022",1,3.60555127546399,1,"Close",7,1,1,1,3
"151","Andrew Wiggins",3059319,401359993,"2022",1,3.60555127546399,1,"Close",8,1,1,1,3
"152","Andrew Wiggins",3059319,401359993,"2022",1,3.60555127546399,1,"Close",9,1,1,1,3
"153","Andrew Wiggins",3059319,401359993,"2022",1,15.2315462117278,1,"Midrange",10,1,1,1,3
"154","Andrew Wiggins",3059319,401359993,"2022",0,22.0227155455452,1,"ThreePoint",11,1,1,1,3
"155","Andrew Wiggins",3059319,401359993,"2022",0,22,0,"Midrange",12,0,1,1,2
"156","Andrew Wiggins",3059319,401359993,"2022",0,26.4007575648882,0,"ThreePoint",13,0,0,1,1
"157","Andrew Wiggins",3059319,401359993,"2022",0,5.8309518948453,0,"Close",14,0,0,0,0
"158","Andrew Wiggins",3059319,401359993,"2022",1,14,0,"Midrange",15,0,0,0,0
"159","Andrew Wiggins",3059319,401359993,"2022",1,3,0,"Close",16,1,0,0,1
"160","Andrew Wiggins",3059319,401359993,"2022",1,28.4604989415154,0,"ThreePoint",17,1,1,0,2
"161","Andrew Wiggins",3059319,401359993,"2022",1,0,1,"Close",18,1,1,1,3
"162","Andrew Wiggins",3059319,401359993,"2022",0,25.4950975679639,1,"ThreePoint",19,1,1,1,3
"163","Andrew Wiggins",3059319,401360604,"2022",0,12.6491106406735,0,"Midrange",1,NA,NA,NA,NA
"164","Andrew Wiggins",3059319,401360604,"2022",0,26.1725046566048,0,"ThreePoint",2,0,NA,NA,NA
"165","Andrew Wiggins",3059319,401360604,"2022",0,4,0,"Close",3,0,0,NA,NA
"166","Andrew Wiggins",3059319,401360604,"2022",0,4.47213595499958,0,"Close",4,0,0,0,0
"167","Andrew Wiggins",3059319,401360604,"2022",1,17.6918060129541,0,"Midrange",5,0,0,0,0
"168","Andrew Wiggins",3059319,401360604,"2022",0,4.47213595499958,0,"Close",6,1,0,0,1
"169","Andrew Wiggins",3059319,401360604,"2022",0,8.54400374531753,0,"Midrange",7,0,1,0,1
"170","Andrew Wiggins",3059319,401360604,"2022",0,27.8028775489157,0,"ThreePoint",8,0,0,1,1
"171","Andrew Wiggins",3059319,401360604,"2022",1,23,0,"ThreePoint",9,0,0,0,0
"172","Andrew Wiggins",3059319,401360604,"2022",1,8,0,"Close",10,1,0,0,1
"173","Andrew Wiggins",3059319,401360604,"2022",1,26.2488094968134,0,"ThreePoint",11,1,1,0,2
"174","Andrew Wiggins",3059319,401360604,"2022",1,6,1,"Close",12,1,1,1,3
"175","Andrew Wiggins",3059319,401410564,"2022",0,23.0217288664427,0,"ThreePoint",1,NA,NA,NA,NA
"176","Andrew Wiggins",3059319,401410564,"2022",0,1.4142135623731,0,"Close",2,0,NA,NA,NA
"177","Andrew Wiggins",3059319,401410564,"2022",1,1,0,"Close",3,0,0,NA,NA
"178","Andrew Wiggins",3059319,401410564,"2022",1,1,0,"Close",4,1,0,0,1
"179","Andrew Wiggins",3059319,401410564,"2022",1,25.4950975679639,0,"ThreePoint",5,1,1,0,2
"180","Andrew Wiggins",3059319,401410564,"2022",0,25.5538646783613,1,"ThreePoint",6,1,1,1,3
"181","Andrew Wiggins",3059319,401410564,"2022",1,27.8028775489157,0,"ThreePoint",7,0,1,1,2
"182","Anthony Davis",6583,400827999,"2016",1,0,0,"Close",1,NA,NA,NA,NA
"183","Anthony Davis",6583,400827999,"2016",0,25.8069758011279,0,"ThreePoint",2,1,NA,NA,NA
"184","Anthony Davis",6583,400827999,"2016",0,2.23606797749979,0,"Close",3,0,1,NA,NA
"185","Anthony Davis",6583,400827999,"2016",0,14.142135623731,0,"Midrange",4,0,0,1,1
"186","Anthony Davis",6583,400827999,"2016",0,11.1803398874989,0,"Midrange",5,0,0,0,0
"187","Anthony Davis",6583,400827999,"2016",0,2,0,"Close",6,0,0,0,0
"188","Anthony Davis",6583,400827999,"2016",1,17.4928556845359,0,"Midrange",7,0,0,0,0
"189","Anthony Davis",6583,400827999,"2016",1,20,0,"Midrange",8,1,0,0,1
"190","Anthony Davis",6583,400827999,"2016",1,16.4012194668567,0,"Midrange",9,1,1,0,2
"191","Anthony Davis",6583,400827999,"2016",1,2.23606797749979,1,"Close",10,1,1,1,3
"192","Anthony Davis",6583,400827999,"2016",1,1,1,"Close",11,1,1,1,3
"193","Anthony Davis",6583,400827999,"2016",1,18.8679622641132,1,"Midrange",12,1,1,1,3
"194","Anthony Davis",6583,400827999,"2016",0,14.560219778561,1,"Midrange",13,1,1,1,3
"195","Anthony Davis",6583,400828267,"2016",0,15,0,"Midrange",1,NA,NA,NA,NA
"196","Anthony Davis",6583,400828267,"2016",1,21.095023109729,0,"Midrange",2,0,NA,NA,NA
"197","Anthony Davis",6583,400828267,"2016",1,10,0,"Midrange",3,1,0,NA,NA
"198","Anthony Davis",6583,400828267,"2016",1,7.07106781186548,0,"Close",4,1,1,0,2
"199","Anthony Davis",6583,400828267,"2016",0,0,1,"Close",5,1,1,1,3
"200","Anthony Davis",6583,400828267,"2016",0,0,0,"Close",6,0,1,1,2
"201","Anthony Davis",6583,400828267,"2016",0,25.0798724079689,0,"ThreePoint",7,0,0,1,1
"202","Anthony Davis",6583,400828267,"2016",1,6.08276253029822,0,"Close",8,0,0,0,0
"203","Anthony Davis",6583,400828267,"2016",0,14.142135623731,0,"Midrange",9,1,0,0,1
"204","Anthony Davis",6583,400828267,"2016",0,17.7200451466693,0,"Midrange",10,0,1,0,1
"205","Anthony Davis",6583,400828267,"2016",0,3.60555127546399,0,"Close",11,0,0,1,1
"206","Anthony Davis",6583,400828267,"2016",0,1,0,"Close",12,0,0,0,0
"207","Anthony Davis",6583,400828267,"2016",1,17,0,"Midrange",13,0,0,0,0
"208","Anthony Davis",6583,400828267,"2016",1,18.3847763108502,0,"Midrange",14,1,0,0,1
"209","Anthony Davis",6583,400828710,"2016",1,5.3851648071345,0,"Close",1,NA,NA,NA,NA
"210","Anthony Davis",6583,400828710,"2016",0,19.7989898732233,0,"Midrange",2,1,NA,NA,NA
"211","Anthony Davis",6583,400828710,"2016",0,6.08276253029822,0,"Close",3,0,1,NA,NA
"212","Anthony Davis",6583,400828710,"2016",1,16.2788205960997,0,"Midrange",4,0,0,1,1
"213","Anthony Davis",6583,400828710,"2016",1,7,0,"Close",5,1,0,0,1
"214","Anthony Davis",6583,400828710,"2016",1,5.3851648071345,0,"Close",6,1,1,0,2
"215","Anthony Davis",6583,400828710,"2016",0,5.09901951359278,1,"Close",7,1,1,1,3
"216","Anthony Davis",6583,400828710,"2016",1,0,0,"Close",8,0,1,1,2
"217","Anthony Davis",6583,400828710,"2016",0,0,0,"Close",9,1,0,1,2
"218","Anthony Davis",6583,400828710,"2016",1,0,0,"Close",10,0,1,0,1
"219","Anthony Davis",6583,400828710,"2016",1,21.0237960416286,0,"Midrange",11,1,0,1,2
"220","Anthony Davis",6583,400828710,"2016",1,0,0,"Close",12,1,1,0,2
"221","Anthony Davis",6583,400828710,"2016",1,15,1,"Midrange",13,1,1,1,3
"222","Anthony Davis",6583,400828710,"2016",1,0,1,"Close",14,1,1,1,3
"223","Anthony Davis",6583,400828710,"2016",0,0,1,"Close",15,1,1,1,3
"224","Anthony Davis",6583,400828710,"2016",0,19.9248588451713,0,"Midrange",16,0,1,1,2
"225","Anthony Davis",6583,400828710,"2016",1,7.07106781186548,0,"Close",17,0,0,1,1
"226","Anthony Davis",6583,400828710,"2016",1,0,0,"Close",18,1,0,0,1
"227","Anthony Davis",6583,400828710,"2016",1,13.0384048104053,0,"Midrange",19,1,1,0,2
"228","Anthony Davis",6583,400828710,"2016",1,0,1,"Close",20,1,1,1,3
"229","Anthony Davis",6583,400828710,"2016",0,18.0277563773199,1,"Midrange",21,1,1,1,3
"230","Anthony Davis",6583,400828710,"2016",0,10,0,"Midrange",22,0,1,1,2
"231","Anthony Davis",6583,400828710,"2016",1,1,0,"Close",23,0,0,1,1
"232","Anthony Davis",6583,400828710,"2016",1,26.5706605111728,0,"ThreePoint",24,1,0,0,1
"233","Anthony Davis",6583,400828710,"2016",1,7.07106781186548,0,"Close",25,1,1,0,2
"234","Anthony Davis",6583,400828710,"2016",1,17.464249196573,1,"Midrange",26,1,1,1,3
"235","Anthony Davis",6583,400828710,"2016",0,17,1,"Midrange",27,1,1,1,3
"236","Anthony Davis",6583,400828710,"2016",1,13.6014705087354,0,"Midrange",28,0,1,1,2
"237","Anthony Davis",6583,400828710,"2016",0,11.6619037896906,0,"Midrange",29,1,0,1,2
"238","Anthony Davis",6583,400828710,"2016",1,21.4709105535839,0,"Midrange",30,0,1,0,1
"239","Anthony Davis",6583,400828710,"2016",1,8.54400374531753,0,"Midrange",31,1,0,1,2
"240","Anthony Davis",6583,400828710,"2016",1,0,0,"Close",32,1,1,0,2
"241","Anthony Davis",6583,400828710,"2016",1,24.0831891575846,1,"ThreePoint",33,1,1,1,3
"242","Anthony Davis",6583,400828710,"2016",1,13.8924439894498,1,"Midrange",34,1,1,1,3
"243","Anthony Davis",6583,400935635,"2017",1,21.0237960416286,0,"Midrange",1,NA,NA,NA,NA
"244","Anthony Davis",6583,400935635,"2017",0,26,0,"ThreePoint",2,1,NA,NA,NA
"245","Anthony Davis",6583,400935635,"2017",1,2,0,"Close",3,0,1,NA,NA
"246","Anthony Davis",6583,400935635,"2017",0,20.0997512422418,0,"Midrange",4,1,0,1,2
"247","Anthony Davis",6583,400935635,"2017",1,0,0,"Close",5,0,1,0,1
"248","Anthony Davis",6583,400935635,"2017",0,3,0,"Close",6,1,0,1,2
"249","Anthony Davis",6583,400935635,"2017",1,0,0,"Close",7,0,1,0,1
"250","Anthony Davis",6583,400935635,"2017",0,2.23606797749979,0,"Close",8,1,0,1,2
"251","Anthony Davis",6583,400935635,"2017",1,0,0,"Close",9,0,1,0,1
"252","Anthony Davis",6583,400935635,"2017",1,0,0,"Close",10,1,0,1,2
"253","Anthony Davis",6583,400935635,"2017",0,25.6320112359526,0,"ThreePoint",11,1,1,0,2
"254","Anthony Davis",6583,400935635,"2017",1,0,0,"Close",12,0,1,1,2
"255","Anthony Davis",6583,400935635,"2017",1,0,0,"Close",13,1,0,1,2
"256","Anthony Davis",6583,400935635,"2017",1,0,0,"Close",14,1,1,0,2
"257","Anthony Davis",6583,400935635,"2017",0,0,1,"Close",15,1,1,1,3
"258","Anthony Davis",6583,400935635,"2017",0,24.6981780704569,0,"ThreePoint",16,0,1,1,2
"259","Anthony Davis",6583,400935635,"2017",1,0,0,"Close",17,0,0,1,1
"260","Anthony Davis",6583,400935635,"2017",1,2.82842712474619,0,"Close",18,1,0,0,1
"261","Anthony Davis",6583,400935635,"2017",1,0,0,"Close",19,1,1,0,2
"262","Anthony Davis",6583,400935635,"2017",1,1,1,"Close",20,1,1,1,3
"263","Anthony Davis",6583,400935635,"2017",1,0,1,"Close",21,1,1,1,3
"264","Anthony Davis",6583,400935635,"2017",0,10.4403065089106,1,"Midrange",22,1,1,1,3
"265","Anthony Davis",6583,400935635,"2017",1,0,0,"Close",23,0,1,1,2
"266","Anthony Davis",6583,400935635,"2017",1,1,0,"Close",24,1,0,1,2
"267","Anthony Davis",6583,400935635,"2017",1,2.23606797749979,0,"Close",25,1,1,0,2
"268","Anthony Davis",6583,400935635,"2017",1,2.23606797749979,1,"Close",26,1,1,1,3
"269","Anthony Davis",6583,400935635,"2017",1,3.16227766016838,1,"Close",27,1,1,1,3
"270","Anthony Davis",6583,400935635,"2017",0,14.7648230602334,1,"Midrange",28,1,1,1,3
"271","Anthony Davis",6583,400935635,"2017",1,0,0,"Close",29,0,1,1,2
"272","Anthony Davis",6583,400935635,"2017",1,0,0,"Close",30,1,0,1,2
"273","Anthony Davis",6583,400935635,"2017",1,0,0,"Close",31,1,1,0,2
"274","Anthony Davis",6583,400935635,"2017",1,0,1,"Close",32,1,1,1,3
"275","Anthony Davis",6583,400935635,"2017",1,1,1,"Close",33,1,1,1,3
"276","Anthony Davis",6583,400935635,"2017",0,18.4390889145858,1,"Midrange",34,1,1,1,3
"277","Anthony Davis",6583,400935635,"2017",0,28.6006992921502,0,"ThreePoint",35,0,1,1,2
"278","Anthony Davis",6583,400935635,"2017",1,0,0,"Close",36,0,0,1,1
"279","Anthony Davis",6583,400935635,"2017",1,0,0,"Close",37,1,0,0,1
"280","Anthony Davis",6583,400935635,"2017",0,2,0,"Close",38,1,1,0,2
"281","Anthony Davis",6583,400935635,"2017",0,1,0,"Close",39,0,1,1,2
"282","Anthony Davis",6583,400975013,"2018",1,17,0,"Midrange",1,NA,NA,NA,NA
"283","Anthony Davis",6583,400975013,"2018",0,20.0249843945008,0,"Midrange",2,1,NA,NA,NA
"284","Anthony Davis",6583,400975013,"2018",0,9.4339811320566,0,"Midrange",3,0,1,NA,NA
"285","Anthony Davis",6583,400975013,"2018",1,1.4142135623731,0,"Close",4,0,0,1,1
"286","Anthony Davis",6583,400975013,"2018",0,21.095023109729,0,"Midrange",5,1,0,0,1
"287","Anthony Davis",6583,400975013,"2018",0,13.3416640641263,0,"Midrange",6,0,1,0,1
"288","Anthony Davis",6583,400975013,"2018",1,10.1980390271856,0,"Midrange",7,0,0,1,1
"289","Anthony Davis",6583,400975013,"2018",1,3,0,"Close",8,1,0,0,1
"290","Anthony Davis",6583,400975013,"2018",0,8.94427190999916,0,"Midrange",9,1,1,0,2
"291","Anthony Davis",6583,400975013,"2018",0,15.556349186104,0,"Midrange",10,0,1,1,2
"292","Anthony Davis",6583,400975013,"2018",1,7,0,"Close",11,0,0,1,1
"293","Anthony Davis",6583,400975013,"2018",1,0,0,"Close",12,1,0,0,1
"294","Anthony Davis",6583,400975013,"2018",1,4.12310562561766,0,"Close",13,1,1,0,2
"295","Anthony Davis",6583,400975013,"2018",1,1.4142135623731,1,"Close",14,1,1,1,3
"296","Anthony Davis",6583,400975013,"2018",1,2.23606797749979,1,"Close",15,1,1,1,3
"297","Anthony Davis",6583,400975013,"2018",1,1,1,"Close",16,1,1,1,3
"298","Anthony Davis",6583,400975013,"2018",1,6.08276253029822,1,"Close",17,1,1,1,3
"299","Anthony Edwards",4594268,401359993,"2022",1,13.0384048104053,0,"Midrange",1,NA,NA,NA,NA
"300","Anthony Edwards",4594268,401359993,"2022",1,7.07106781186548,0,"Close",2,1,NA,NA,NA
"301","Anthony Edwards",4594268,401359993,"2022",1,4.24264068711928,0,"Close",3,1,1,NA,NA
"302","Anthony Edwards",4594268,401359993,"2022",0,27.0185121722126,1,"ThreePoint",4,1,1,1,3
"303","Anthony Edwards",4594268,401359993,"2022",1,26.1725046566048,0,"ThreePoint",5,0,1,1,2
"304","Anthony Edwards",4594268,401359993,"2022",1,25.6124969497314,0,"ThreePoint",6,1,0,1,2
"305","Anthony Edwards",4594268,401359993,"2022",0,6.70820393249937,0,"Close",7,1,1,0,2
"306","Anthony Edwards",4594268,401359993,"2022",0,26.1725046566048,0,"ThreePoint",8,0,1,1,2
"307","Anthony Edwards",4594268,401359993,"2022",0,5,0,"Close",9,0,0,1,1
"308","Anthony Edwards",4594268,401359993,"2022",1,2.82842712474619,0,"Close",10,0,0,0,0
"309","Anthony Edwards",4594268,401359993,"2022",0,6.40312423743285,0,"Close",11,1,0,0,1
"310","Anthony Edwards",4594268,401359993,"2022",1,28.1780056072107,0,"ThreePoint",12,0,1,0,1
"311","Anthony Edwards",4594268,401359993,"2022",1,27.2029410174709,0,"ThreePoint",13,1,0,1,2
"312","Anthony Edwards",4594268,401359993,"2022",1,6.70820393249937,0,"Close",14,1,1,0,2
"313","Anthony Edwards",4594268,401359993,"2022",0,25.9422435421457,1,"ThreePoint",15,1,1,1,3
"314","Anthony Edwards",4594268,401359993,"2022",1,4,0,"Close",16,0,1,1,2
"315","Anthony Edwards",4594268,401359993,"2022",1,26.5706605111728,0,"ThreePoint",17,1,0,1,2
"316","Anthony Edwards",4594268,401359993,"2022",0,27.8028775489157,0,"ThreePoint",18,1,1,0,2
"317","Anthony Edwards",4594268,401359993,"2022",1,2.23606797749979,0,"Close",19,0,1,1,2
"318","Anthony Edwards",4594268,401359993,"2022",0,28.3019433961698,0,"ThreePoint",20,1,0,1,2
"319","Anthony Edwards",4594268,401359993,"2022",1,5,0,"Close",21,0,1,0,1
"320","Anthony Edwards",4594268,401359993,"2022",0,5.65685424949238,0,"Close",22,1,0,1,2
"321","Anthony Edwards",4594268,401359993,"2022",1,26.9072480941474,0,"ThreePoint",23,0,1,0,1
"322","Anthony Edwards",4594268,401359993,"2022",1,26.4007575648882,0,"ThreePoint",24,1,0,1,2
"323","Anthony Edwards",4594268,401359993,"2022",0,27.3130005674953,0,"ThreePoint",25,1,1,0,2
"324","Anthony Edwards",4594268,401359993,"2022",1,4.47213595499958,0,"Close",26,0,1,1,2
"325","Anthony Edwards",4594268,401359993,"2022",0,19.2093727122985,0,"Midrange",27,1,0,1,2
"326","Anthony Edwards",4594268,401360978,"2022",1,5,0,"Close",1,NA,NA,NA,NA
"327","Anthony Edwards",4594268,401360978,"2022",0,23.1948270094864,0,"ThreePoint",2,1,NA,NA,NA
"328","Anthony Edwards",4594268,401360978,"2022",0,6.40312423743285,0,"Close",3,0,1,NA,NA
"329","Anthony Edwards",4594268,401360978,"2022",0,11.4017542509914,0,"Midrange",4,0,0,1,1
"330","Anthony Edwards",4594268,401360978,"2022",0,26.0768096208106,0,"ThreePoint",5,0,0,0,0
"331","Anthony Edwards",4594268,401360978,"2022",0,25.4558441227157,0,"ThreePoint",6,0,0,0,0
"332","Anthony Edwards",4594268,401360978,"2022",0,23,0,"ThreePoint",7,0,0,0,0
"333","Anthony Edwards",4594268,401360978,"2022",0,5.3851648071345,0,"Close",8,0,0,0,0
"334","Anthony Edwards",4594268,401360978,"2022",0,5,0,"Close",9,0,0,0,0
"335","Anthony Edwards",4594268,401360978,"2022",0,20.6155281280883,0,"Midrange",10,0,0,0,0
"336","Anthony Edwards",4594268,401360978,"2022",1,27.2946881279124,0,"ThreePoint",11,0,0,0,0
"337","Anthony Edwards",4594268,401360978,"2022",1,25.8069758011279,0,"ThreePoint",12,1,0,0,1
"338","Anthony Edwards",4594268,401360978,"2022",1,2.82842712474619,0,"Close",13,1,1,0,2
"339","Anthony Edwards",4594268,401360978,"2022",1,26.1725046566048,1,"ThreePoint",14,1,1,1,3
"340","Anthony Edwards",4594268,401360978,"2022",1,4.47213595499958,1,"Close",15,1,1,1,3
"341","Anthony Edwards",4594268,401524696,"2023",1,2.23606797749979,0,"Close",1,NA,NA,NA,NA
"342","Anthony Edwards",4594268,401524696,"2023",0,26.6270539113887,0,"ThreePoint",2,1,NA,NA,NA
"343","Anthony Edwards",4594268,401524696,"2023",1,2.23606797749979,0,"Close",3,0,1,NA,NA
"344","Anthony Edwards",4594268,401524696,"2023",1,3.60555127546399,0,"Close",4,1,0,1,2
"345","Anthony Edwards",4594268,401524696,"2023",1,2.82842712474619,0,"Close",5,1,1,0,2
"346","Anthony Edwards",4594268,401524696,"2023",1,2.23606797749979,1,"Close",6,1,1,1,3
"347","Anthony Edwards",4594268,401524696,"2023",1,22.8473193175917,1,"ThreePoint",7,1,1,1,3
"348","Anthony Edwards",4594268,401524696,"2023",0,25.4950975679639,1,"ThreePoint",8,1,1,1,3
"349","Anthony Edwards",4594268,401584732,"2024",1,24.5967477524977,0,"ThreePoint",1,NA,NA,NA,NA
"350","Anthony Edwards",4594268,401584732,"2024",1,22.0227155455452,0,"ThreePoint",2,1,NA,NA,NA
"351","Anthony Edwards",4594268,401584732,"2024",0,26.0768096208106,0,"ThreePoint",3,1,1,NA,NA
"352","Anthony Edwards",4594268,401584732,"2024",1,1.4142135623731,0,"Close",4,0,1,1,2
"353","Anthony Edwards",4594268,401584732,"2024",1,25.9615099714943,0,"ThreePoint",5,1,0,1,2
"354","Anthony Edwards",4594268,401584732,"2024",1,25.0199920063936,0,"ThreePoint",6,1,1,0,2
"355","Anthony Edwards",4594268,401584732,"2024",1,3.60555127546399,1,"Close",7,1,1,1,3
"356","Anthony Edwards",4594268,401584732,"2024",1,14.3178210632764,1,"Midrange",8,1,1,1,3
"357","Anthony Edwards",4594268,401584732,"2024",1,14.560219778561,1,"Midrange",9,1,1,1,3
"358","Anthony Edwards",4594268,401584732,"2024",0,22.3606797749979,1,"ThreePoint",10,1,1,1,3
"359","Anthony Edwards",4594268,401584732,"2024",0,9.05538513813742,0,"Midrange",11,0,1,1,2
"360","Anthony Edwards",4594268,401584732,"2024",1,16.4012194668567,0,"Midrange",12,0,0,1,1
"361","Anthony Edwards",4594268,401584732,"2024",0,16.6433169770932,0,"Midrange",13,1,0,0,1
"362","Anthony Edwards",4594268,401584732,"2024",0,3.60555127546399,0,"Close",14,0,1,0,1
"363","Anthony Edwards",4594268,401584732,"2024",1,25.8069758011279,0,"ThreePoint",15,0,0,1,1
"364","Anthony Edwards",4594268,401584732,"2024",0,17.0293863659264,0,"Midrange",16,1,0,0,1
"365","Anthony Edwards",4594268,401584732,"2024",0,1.4142135623731,0,"Close",17,0,1,0,1
"366","Anthony Edwards",4594268,401584732,"2024",1,1.4142135623731,0,"Close",18,0,0,1,1
"367","Anthony Edwards",4594268,401584732,"2024",1,1,0,"Close",19,1,0,0,1
"368","Anthony Edwards",4594268,401584732,"2024",0,25.6320112359526,0,"ThreePoint",20,1,1,0,2
"369","Anthony Edwards",4594268,401584732,"2024",1,4.12310562561766,0,"Close",21,0,1,1,2
"370","Bam Adebayo",4066261,401469033,"2023",1,12.8062484748657,0,"Midrange",1,NA,NA,NA,NA
"371","Bam Adebayo",4066261,401469033,"2023",0,12.2065556157337,0,"Midrange",2,1,NA,NA,NA
"372","Bam Adebayo",4066261,401469033,"2023",0,11.1803398874989,0,"Midrange",3,0,1,NA,NA
"373","Bam Adebayo",4066261,401469033,"2023",0,2,0,"Close",4,0,0,1,1
"374","Bam Adebayo",4066261,401469033,"2023",0,0,0,"Close",5,0,0,0,0
"375","Bam Adebayo",4066261,401469033,"2023",1,2.82842712474619,0,"Close",6,0,0,0,0
"376","Bam Adebayo",4066261,401469033,"2023",1,15.6204993518133,0,"Midrange",7,1,0,0,1
"377","Bam Adebayo",4066261,401469033,"2023",0,14.3178210632764,0,"Midrange",8,1,1,0,2
"378","Bam Adebayo",4066261,401469033,"2023",1,12.0415945787923,0,"Midrange",9,0,1,1,2
"379","Bam Adebayo",4066261,401469033,"2023",0,7.28010988928052,0,"Close",10,1,0,1,2
"380","Bam Adebayo",4066261,401469033,"2023",1,1,0,"Close",11,0,1,0,1
"381","Bam Adebayo",4066261,401469033,"2023",1,1,0,"Close",12,1,0,1,2
"382","Bam Adebayo",4066261,401469033,"2023",0,6.08276253029822,0,"Close",13,1,1,0,2
"383","Bam Adebayo",4066261,401469033,"2023",1,11.3137084989848,0,"Midrange",14,0,1,1,2
"384","Bam Adebayo",4066261,401469033,"2023",1,18.6010752377383,0,"Midrange",15,1,0,1,2
"385","Bam Adebayo",4066261,401469033,"2023",1,3.60555127546399,0,"Close",16,1,1,0,2
"386","Bam Adebayo",4066261,401469033,"2023",0,14.142135623731,1,"Midrange",17,1,1,1,3
"387","Bam Adebayo",4066261,401469033,"2023",0,4.12310562561766,0,"Close",18,0,1,1,2
"388","Bam Adebayo",4066261,401469033,"2023",1,2.23606797749979,0,"Close",19,0,0,1,1
"389","Bam Adebayo",4066261,401524696,"2023",1,4.24264068711928,0,"Close",1,NA,NA,NA,NA
"390","Bam Adebayo",4066261,401524696,"2023",1,3.16227766016838,0,"Close",2,1,NA,NA,NA
"391","Ben Simmons",3907387,400975548,"2018",1,0,0,"Close",1,NA,NA,NA,NA
"392","Ben Simmons",3907387,400975548,"2018",1,2.82842712474619,0,"Close",2,1,NA,NA,NA
"393","Ben Simmons",3907387,400975548,"2018",1,2.23606797749979,0,"Close",3,1,1,NA,NA
"394","Ben Simmons",3907387,400975548,"2018",0,6.70820393249937,1,"Close",4,1,1,1,3
"395","Ben Simmons",3907387,400975548,"2018",1,8.06225774829855,0,"Midrange",5,0,1,1,2
"396","Ben Simmons",3907387,400975548,"2018",1,4,0,"Close",6,1,0,1,2
"397","Ben Simmons",3907387,400975548,"2018",1,1,0,"Close",7,1,1,0,2
"398","Ben Simmons",3907387,400975548,"2018",0,6.32455532033676,1,"Close",8,1,1,1,3
"399","Blake Griffin",3989,401070948,"2019",1,3.60555127546399,0,"Close",1,NA,NA,NA,NA
"400","Blake Griffin",3989,401070948,"2019",1,25.8069758011279,0,"ThreePoint",2,1,NA,NA,NA
"401","Blake Griffin",3989,401070948,"2019",0,25.5538646783613,0,"ThreePoint",3,1,1,NA,NA
"402","Blake Griffin",3989,401070948,"2019",1,1.4142135623731,0,"Close",4,0,1,1,2
"403","Blake Griffin",3989,401070948,"2019",0,9.89949493661167,0,"Midrange",5,1,0,1,2
"404","Blake Griffin",3989,401070948,"2019",1,2.23606797749979,0,"Close",6,0,1,0,1
"405","Blake Griffin",3989,401070948,"2019",0,4.47213595499958,0,"Close",7,1,0,1,2
"406","Blake Griffin",3989,401070948,"2019",0,12,0,"Midrange",8,0,1,0,1
"407","Blake Griffin",3989,401070948,"2019",0,24.5967477524977,0,"ThreePoint",9,0,0,1,1
"408","Blake Griffin",3989,401070948,"2019",0,25.4950975679639,0,"ThreePoint",10,0,0,0,0
"409","Blake Griffin",3989,401070948,"2019",1,2,0,"Close",11,0,0,0,0
"410","Blake Griffin",3989,401070948,"2019",0,3.16227766016838,0,"Close",12,1,0,0,1
"411","Blake Griffin",3989,401070948,"2019",1,0,0,"Close",13,0,1,0,1
"412","Blake Griffin",3989,401070948,"2019",0,25,0,"ThreePoint",14,1,0,1,2
"413","Blake Griffin",3989,401070948,"2019",1,1,0,"Close",15,0,1,0,1
"414","Blake Griffin",3989,401070948,"2019",0,8.94427190999916,0,"Midrange",16,1,0,1,2
"415","Blake Griffin",3989,401070948,"2019",1,0,0,"Close",17,0,1,0,1
"416","Blake Griffin",3989,401070948,"2019",1,30.5286750449475,0,"ThreePoint",18,1,0,1,2
"417","Blake Griffin",3989,401071463,"2019",1,2.23606797749979,0,"Close",1,NA,NA,NA,NA
"418","Blake Griffin",3989,401071463,"2019",1,4.12310562561766,0,"Close",2,1,NA,NA,NA
"419","Blake Griffin",3989,401071463,"2019",1,2.23606797749979,0,"Close",3,1,1,NA,NA
"420","Blake Griffin",3989,401071463,"2019",0,12.369316876853,1,"Midrange",4,1,1,1,3
"421","Blake Griffin",3989,401071463,"2019",1,2.23606797749979,0,"Close",5,0,1,1,2
"422","Blake Griffin",3989,401071463,"2019",1,25.6124969497314,0,"ThreePoint",6,1,0,1,2
"423","Blake Griffin",3989,401071463,"2019",1,1,0,"Close",7,1,1,0,2
"424","Blake Griffin",3989,401071463,"2019",0,3.16227766016838,1,"Close",8,1,1,1,3
"425","Blake Griffin",3989,401098037,"2019",1,1.4142135623731,0,"Close",1,NA,NA,NA,NA
"426","Blake Griffin",3989,401098037,"2019",1,2.23606797749979,0,"Close",2,1,NA,NA,NA
"427","Blake Griffin",3989,401098037,"2019",1,23.3452350598575,0,"ThreePoint",3,1,1,NA,NA
"428","Blake Griffin",3989,401098037,"2019",0,25.9422435421457,1,"ThreePoint",4,1,1,1,3
"429","Blake Griffin",3989,401098037,"2019",0,4.12310562561766,0,"Close",5,0,1,1,2
"430","Blake Griffin",3989,401098037,"2019",0,24.3310501211929,0,"ThreePoint",6,0,0,1,1
"431","Blake Griffin",3989,401098037,"2019",1,23.1948270094864,0,"ThreePoint",7,0,0,0,0
"432","Blake Griffin",3989,401098037,"2019",0,4.12310562561766,0,"Close",8,1,0,0,1
"433","Bogdan Bogdanovic",3037789,401584732,"2024",1,19.0262975904404,0,"Midrange",1,NA,NA,NA,NA
"434","Bogdan Bogdanovic",3037789,401584732,"2024",0,25.6124969497314,0,"ThreePoint",2,1,NA,NA,NA
"435","Bogdan Bogdanovic",3037789,401584732,"2024",0,26,0,"ThreePoint",3,0,1,NA,NA
"436","Bogdan Bogdanovic",3037789,401584732,"2024",0,25.6320112359526,0,"ThreePoint",4,0,0,1,1
"437","Bogdan Bogdanovic",3037789,401584732,"2024",1,24,0,"ThreePoint",5,0,0,0,0
"438","Bogdan Bogdanovic",3037789,401584732,"2024",0,25.2388589282479,0,"ThreePoint",6,1,0,0,1
"439","Bogdan Bogdanovic",3037789,401584732,"2024",1,24.6981780704569,0,"ThreePoint",7,0,1,0,1
"440","Bogdan Bogdanovic",3037789,401584732,"2024",0,33.734255586866,0,"ThreePoint",8,1,0,1,2
"441","Bogdan Bogdanovic",3037789,401584732,"2024",0,2,0,"Close",9,0,1,0,1
"442","Bogdan Bogdanovic",3037789,401584732,"2024",0,11.6619037896906,0,"Midrange",10,0,0,1,1
"443","Bogdan Bogdanovic",3037789,401585262,"2024",0,1,0,"Close",1,NA,NA,NA,NA
"444","Bogdan Bogdanovic",3037789,401585262,"2024",1,1,0,"Close",2,0,NA,NA,NA
"445","Bogdan Bogdanovic",3037789,401585262,"2024",0,24.3515913237718,0,"ThreePoint",3,1,0,NA,NA
"446","Bogdan Bogdanovic",3037789,401585262,"2024",1,26.2488094968134,0,"ThreePoint",4,0,1,0,1
"447","Bogdan Bogdanovic",3037789,401585262,"2024",1,11,0,"Midrange",5,1,0,1,2
"448","Bogdan Bogdanovic",3037789,401585262,"2024",1,26.4196896272458,0,"ThreePoint",6,1,1,0,2
"449","Bogdan Bogdanovic",3037789,401585262,"2024",0,26.4007575648882,1,"ThreePoint",7,1,1,1,3
"450","Bogdan Bogdanovic",3037789,401585262,"2024",1,2.23606797749979,0,"Close",8,0,1,1,2
"451","Bogdan Bogdanovic",3037789,401585262,"2024",1,24.0208242989286,0,"ThreePoint",9,1,0,1,2
"452","Bogdan Bogdanovic",3037789,401585262,"2024",0,25.4950975679639,0,"ThreePoint",10,1,1,0,2
"453","Bogdan Bogdanovic",3037789,401585262,"2024",0,16.0312195418814,0,"Midrange",11,0,1,1,2
"454","Bogdan Bogdanovic",3037789,401585262,"2024",1,11,0,"Midrange",12,0,0,1,1
"455","Bogdan Bogdanovic",3037789,401585262,"2024",0,15.2315462117278,0,"Midrange",13,1,0,0,1
"456","Bogdan Bogdanovic",3037789,401585262,"2024",1,24.8394846967484,0,"ThreePoint",14,0,1,0,1
"457","Bogdan Bogdanovic",3037789,401585262,"2024",0,6,0,"Close",15,1,0,1,2
"458","Bogdan Bogdanovic",3037789,401585262,"2024",0,23.3452350598575,0,"ThreePoint",16,0,1,0,1
"459","Bogdan Bogdanovic",3037789,401585262,"2024",0,6.32455532033676,0,"Close",17,0,0,1,1
"460","Bogdan Bogdanovic",3037789,401585262,"2024",0,10.4403065089106,0,"Midrange",18,0,0,0,0
"461","Bogdan Bogdanovic",3037789,401585262,"2024",1,5.09901951359278,0,"Close",19,0,0,0,0
"462","Bogdan Bogdanovic",3037789,401585262,"2024",0,2.23606797749979,0,"Close",20,1,0,0,1
"463","Bogdan Bogdanovic",3037789,401585262,"2024",0,21.1896201004171,0,"Midrange",21,0,1,0,1
"464","Bogdan Bogdanovic",3037789,401585262,"2024",0,25.4950975679639,0,"ThreePoint",22,0,0,1,1
"465","Bradley Beal",6580,400975548,"2018",0,10,0,"Midrange",1,NA,NA,NA,NA
"466","Bradley Beal",6580,400975548,"2018",0,25.5538646783613,0,"ThreePoint",2,0,NA,NA,NA
"467","Bradley Beal",6580,400975548,"2018",0,25.0199920063936,0,"ThreePoint",3,0,0,NA,NA
"468","Bradley Beal",6580,400975548,"2018",0,9.8488578017961,0,"Midrange",4,0,0,0,0
"469","Bradley Beal",6580,400975548,"2018",1,22.561028345357,0,"ThreePoint",5,0,0,0,0
"470","Bradley Beal",6580,400975548,"2018",1,2.23606797749979,0,"Close",6,1,0,0,1
"471","Bradley Beal",6580,400975548,"2018",0,25.0199920063936,0,"ThreePoint",7,1,1,0,2
"472","Bradley Beal",6580,400975548,"2018",1,14.2126704035519,0,"Midrange",8,0,1,1,2
"473","Bradley Beal",6580,400975548,"2018",1,24.5967477524977,0,"ThreePoint",9,1,0,1,2
"474","Bradley Beal",6580,400975548,"2018",1,2,0,"Close",10,1,1,0,2
"475","Bradley Beal",6580,400975548,"2018",0,27.3130005674953,1,"ThreePoint",11,1,1,1,3
"476","Bradley Beal",6580,400975548,"2018",1,25.0599281722833,0,"ThreePoint",12,0,1,1,2
"477","Bradley Beal",6580,400975548,"2018",1,27.6586333718787,0,"ThreePoint",13,1,0,1,2
"478","Bradley Beal",6580,400975548,"2018",0,4.24264068711928,0,"Close",14,1,1,0,2
"479","Bradley Beal",6580,400975548,"2018",1,27.1661554144122,0,"ThreePoint",15,0,1,1,2
"480","Bradley Beal",6580,400975548,"2018",0,24.0416305603426,0,"ThreePoint",16,1,0,1,2
"481","Bradley Beal",6580,400975548,"2018",1,16.5529453572468,0,"Midrange",17,0,1,0,1
"482","Bradley Beal",6580,400975548,"2018",0,27.6586333718787,0,"ThreePoint",18,1,0,1,2
"483","Bradley Beal",6580,400975548,"2018",1,2.23606797749979,0,"Close",19,0,1,0,1
"484","Bradley Beal",6580,400975548,"2018",1,14.142135623731,0,"Midrange",20,1,0,1,2
"485","Bradley Beal",6580,400975548,"2018",0,23.4093998214393,0,"ThreePoint",21,1,1,0,2
"486","Bradley Beal",6580,400975548,"2018",1,26.5706605111728,0,"ThreePoint",22,0,1,1,2
"487","Bradley Beal",6580,401098037,"2019",0,25.0798724079689,0,"ThreePoint",1,NA,NA,NA,NA
"488","Bradley Beal",6580,401098037,"2019",0,24.8394846967484,0,"ThreePoint",2,0,NA,NA,NA
"489","Bradley Beal",6580,401098037,"2019",0,24.1867732448956,0,"ThreePoint",3,0,0,NA,NA
"490","Bradley Beal",6580,401098037,"2019",0,37.1214223865412,0,"ThreePoint",4,0,0,0,0
"491","Bradley Beal",6580,401098037,"2019",0,25,0,"ThreePoint",5,0,0,0,0
"492","Bradley Beal",6580,401098037,"2019",1,26.4007575648882,0,"ThreePoint",6,0,0,0,0
"493","Bradley Beal",6580,401098037,"2019",1,23.1948270094864,0,"ThreePoint",7,1,0,0,1
"494","Bradley Beal",6580,401098037,"2019",0,23.3452350598575,0,"ThreePoint",8,1,1,0,2
"495","Bradley Beal",6580,401098037,"2019",1,23.1948270094864,0,"ThreePoint",9,0,1,1,2
"496","Bradley Beal",6580,401098037,"2019",0,23.0867927612304,0,"ThreePoint",10,1,0,1,2
"497","Bradley Beal",6580,401098037,"2019",1,0,0,"Close",11,0,1,0,1
"498","Bradley Beal",6580,401306581,"2021",0,25.4950975679639,0,"ThreePoint",1,NA,NA,NA,NA
"499","Bradley Beal",6580,401306581,"2021",1,1,0,"Close",2,0,NA,NA,NA
"500","Bradley Beal",6580,401306581,"2021",0,28.0178514522438,0,"ThreePoint",3,1,0,NA,NA
"501","Bradley Beal",6580,401306581,"2021",1,1,0,"Close",4,0,1,0,1
"502","Bradley Beal",6580,401306581,"2021",0,27.2946881279124,0,"ThreePoint",5,1,0,1,2
"503","Bradley Beal",6580,401306581,"2021",1,1,0,"Close",6,0,1,0,1
"504","Bradley Beal",6580,401306581,"2021",1,25.6124969497314,0,"ThreePoint",7,1,0,1,2
"505","Bradley Beal",6580,401306581,"2021",1,26.4764045897475,0,"ThreePoint",8,1,1,0,2
"506","Bradley Beal",6580,401306581,"2021",0,24.0831891575846,1,"ThreePoint",9,1,1,1,3
"507","Bradley Beal",6580,401306581,"2021",1,1.4142135623731,0,"Close",10,0,1,1,2
"508","Bradley Beal",6580,401306581,"2021",1,25.0199920063936,0,"ThreePoint",11,1,0,1,2
"509","Bradley Beal",6580,401306581,"2021",1,25.4950975679639,0,"ThreePoint",12,1,1,0,2
"510","Bradley Beal",6580,401306581,"2021",1,23.1948270094864,1,"ThreePoint",13,1,1,1,3
"511","Bradley Beal",6580,401306581,"2021",0,26.9258240356725,1,"ThreePoint",14,1,1,1,3
"512","Bradley Beal",6580,401306581,"2021",0,22.0227155455452,0,"ThreePoint",15,0,1,1,2
"513","Bradley Beal",6580,401306581,"2021",1,26.9258240356725,0,"ThreePoint",16,0,0,1,1
"514","Brandon Ingram",3913176,401267361,"2021",0,23.0867927612304,0,"ThreePoint",1,NA,NA,NA,NA
"515","Brandon Ingram",3913176,401267361,"2021",0,25.4950975679639,0,"ThreePoint",2,0,NA,NA,NA
"516","Brandon Ingram",3913176,401267361,"2021",0,2.23606797749979,0,"Close",3,0,0,NA,NA
"517","Brandon Ingram",3913176,401267361,"2021",1,2.23606797749979,0,"Close",4,0,0,0,0
"518","Brandon Ingram",3913176,401267361,"2021",1,14,0,"Midrange",5,1,0,0,1
"519","Brandon Ingram",3913176,401267361,"2021",1,16,0,"Midrange",6,1,1,0,2
"520","Brandon Ingram",3913176,401267361,"2021",0,24.6981780704569,1,"ThreePoint",7,1,1,1,3
"521","Brandon Ingram",3913176,401267361,"2021",1,12.1655250605964,0,"Midrange",8,0,1,1,2
"522","Brandon Ingram",3913176,401267361,"2021",1,19.4164878389476,0,"Midrange",9,1,0,1,2
"523","Brandon Ingram",3913176,401267361,"2021",1,24.7588368062799,0,"ThreePoint",10,1,1,0,2
"524","Brandon Ingram",3913176,401267361,"2021",0,17.7200451466693,1,"Midrange",11,1,1,1,3
"525","Brandon Ingram",3913176,401267361,"2021",0,15.6524758424985,0,"Midrange",12,0,1,1,2
"526","Brandon Ingram",3913176,401267361,"2021",0,2.23606797749979,0,"Close",13,0,0,1,1
"527","Brandon Ingram",3913176,401267361,"2021",1,25.0798724079689,0,"ThreePoint",14,0,0,0,0
"528","Brandon Ingram",3913176,401267361,"2021",0,13.6014705087354,0,"Midrange",15,1,0,0,1
"529","Brandon Ingram",3913176,401267361,"2021",1,25.9422435421457,0,"ThreePoint",16,0,1,0,1
"530","Brandon Ingram",3913176,401267361,"2021",0,2.23606797749979,0,"Close",17,1,0,1,2
"531","Brandon Ingram",3913176,401267361,"2021",0,24.7588368062799,0,"ThreePoint",18,0,1,0,1
"532","Brandon Ingram",3913176,401267361,"2021",0,8.60232526704263,0,"Midrange",19,0,0,1,1
"533","Brandon Ingram",3913176,401267559,"2021",0,13,0,"Midrange",1,NA,NA,NA,NA
"534","Brandon Ingram",3913176,401267559,"2021",1,24.1660919471891,0,"ThreePoint",2,0,NA,NA,NA
"535","Brandon Ingram",3913176,401267559,"2021",1,16.1245154965971,0,"Midrange",3,1,0,NA,NA
"536","Brandon Ingram",3913176,401267559,"2021",1,18.3847763108502,0,"Midrange",4,1,1,0,2
"537","Brandon Ingram",3913176,401267559,"2021",1,25.2388589282479,1,"ThreePoint",5,1,1,1,3
"538","Brandon Ingram",3913176,401267559,"2021",0,14.560219778561,1,"Midrange",6,1,1,1,3
"539","Brandon Ingram",3913176,401267559,"2021",1,13,0,"Midrange",7,0,1,1,2
"540","Brandon Ingram",3913176,401267559,"2021",1,11.6619037896906,0,"Midrange",8,1,0,1,2
"541","Brandon Ingram",3913176,401267559,"2021",0,25.4950975679639,0,"ThreePoint",9,1,1,0,2
"542","Brandon Ingram",3913176,401267559,"2021",1,1,0,"Close",10,0,1,1,2
"543","Brandon Ingram",3913176,401267559,"2021",0,13.1529464379659,0,"Midrange",11,1,0,1,2
"544","Brandon Ingram",3913176,401267559,"2021",0,25,0,"ThreePoint",12,0,1,0,1
"545","Brandon Ingram",3913176,401267559,"2021",0,23.0217288664427,0,"ThreePoint",13,0,0,1,1
"546","Brandon Ingram",3913176,401267559,"2021",1,24.738633753706,0,"ThreePoint",14,0,0,0,0
"547","Brandon Ingram",3913176,401267559,"2021",0,15.0332963783729,0,"Midrange",15,1,0,0,1
"548","Brandon Ingram",3913176,401267559,"2021",1,2,0,"Close",16,0,1,0,1
"549","Brandon Ingram",3913176,401267559,"2021",0,10,0,"Midrange",17,1,0,1,2
"550","Brandon Ingram",3913176,401267559,"2021",1,25,0,"ThreePoint",18,0,1,0,1
"551","Brandon Ingram",3913176,401267559,"2021",0,12.0415945787923,0,"Midrange",19,1,0,1,2
"552","Brandon Ingram",3913176,401267559,"2021",0,24.0416305603426,0,"ThreePoint",20,0,1,0,1
"553","Brandon Ingram",3913176,401267559,"2021",0,16.5529453572468,0,"Midrange",21,0,0,1,1
"554","Brandon Ingram",3913176,401267559,"2021",0,23,0,"ThreePoint",22,0,0,0,0
"555","Brandon Ingram",3913176,401267559,"2021",1,1.4142135623731,0,"Close",23,0,0,0,0
"556","Brandon Miller",4433287,401585169,"2024",0,26.9258240356725,0,"ThreePoint",1,NA,NA,NA,NA
"557","Brandon Miller",4433287,401585169,"2024",0,12.369316876853,0,"Midrange",2,0,NA,NA,NA
"558","Brandon Miller",4433287,401585169,"2024",0,0,0,"Close",3,0,0,NA,NA
"559","Brandon Miller",4433287,401585169,"2024",0,0,0,"Close",4,0,0,0,0
"560","Brandon Miller",4433287,401585169,"2024",0,13.6014705087354,0,"Midrange",5,0,0,0,0
"561","Brook Lopez",3448,400900532,"2017",1,25.2388589282479,0,"ThreePoint",1,NA,NA,NA,NA
"562","Brook Lopez",3448,400900532,"2017",1,4.47213595499958,0,"Close",2,1,NA,NA,NA
"563","Brook Lopez",3448,400900532,"2017",1,25.0199920063936,0,"ThreePoint",3,1,1,NA,NA
"564","Brook Lopez",3448,400900532,"2017",0,7.81024967590665,1,"Close",4,1,1,1,3
"565","Brook Lopez",3448,400900532,"2017",1,8.06225774829855,0,"Midrange",5,0,1,1,2
"566","Buddy Hield",2990984,400974909,"2018",1,25.6124969497314,0,"ThreePoint",1,NA,NA,NA,NA
"567","Buddy Hield",2990984,400974909,"2018",1,25.5538646783613,0,"ThreePoint",2,1,NA,NA,NA
"568","Buddy Hield",2990984,400974909,"2018",1,25,0,"ThreePoint",3,1,1,NA,NA
"569","Buddy Hield",2990984,400974909,"2018",0,21.2132034355964,1,"Midrange",4,1,1,1,3
"570","Buddy Hield",2990984,400974909,"2018",1,23.259406699226,0,"ThreePoint",5,0,1,1,2
"571","Buddy Hield",2990984,400974909,"2018",1,17.464249196573,0,"Midrange",6,1,0,1,2
"572","Buddy Hield",2990984,400974909,"2018",1,13.1529464379659,0,"Midrange",7,1,1,0,2
"573","Buddy Hield",2990984,400974909,"2018",0,18.6815416922694,1,"Midrange",8,1,1,1,3
"574","Buddy Hield",2990984,400974909,"2018",1,25.1793566240283,0,"ThreePoint",9,0,1,1,2
"575","Buddy Hield",2990984,400975289,"2018",0,23.3452350598575,0,"ThreePoint",1,NA,NA,NA,NA
"576","Buddy Hield",2990984,400975289,"2018",1,23.0217288664427,0,"ThreePoint",2,0,NA,NA,NA
"577","Buddy Hield",2990984,400975289,"2018",0,26.0192236625154,0,"ThreePoint",3,1,0,NA,NA
"578","Buddy Hield",2990984,400975289,"2018",0,21.9544984001001,0,"Midrange",4,0,1,0,1
"579","Buddy Hield",2990984,400975289,"2018",0,24.4131112314674,0,"ThreePoint",5,0,0,1,1
"580","Buddy Hield",2990984,400975289,"2018",0,25.6320112359526,0,"ThreePoint",6,0,0,0,0
"581","Buddy Hield",2990984,400975289,"2018",0,3.60555127546399,0,"Close",7,0,0,0,0
"582","Buddy Hield",2990984,400975289,"2018",0,11.0453610171873,0,"Midrange",8,0,0,0,0
"583","Buddy Hield",2990984,400975289,"2018",0,17.2626765016321,0,"Midrange",9,0,0,0,0
"584","Buddy Hield",2990984,400975289,"2018",0,2.23606797749979,0,"Close",10,0,0,0,0
"585","Buddy Hield",2990984,400975289,"2018",1,24.8394846967484,0,"ThreePoint",11,0,0,0,0
"586","Buddy Hield",2990984,400975289,"2018",1,17,0,"Midrange",12,1,0,0,1
"587","Buddy Hield",2990984,400975289,"2018",1,19.6977156035922,0,"Midrange",13,1,1,0,2
"588","Buddy Hield",2990984,400975289,"2018",1,26.6833281282527,1,"ThreePoint",14,1,1,1,3
"589","Buddy Hield",2990984,401267361,"2021",1,24.0208242989286,0,"ThreePoint",1,NA,NA,NA,NA
"590","Buddy Hield",2990984,401267361,"2021",0,13.0384048104053,0,"Midrange",2,1,NA,NA,NA
"591","Buddy Hield",2990984,401267361,"2021",0,25.6320112359526,0,"ThreePoint",3,0,1,NA,NA
"592","Buddy Hield",2990984,401267361,"2021",1,25.6320112359526,0,"ThreePoint",4,0,0,1,1
"593","Buddy Hield",2990984,401267361,"2021",0,26,0,"ThreePoint",5,1,0,0,1
"594","Buddy Hield",2990984,401267361,"2021",0,25.6320112359526,0,"ThreePoint",6,0,1,0,1
"595","Buddy Hield",2990984,401267361,"2021",0,25.6124969497314,0,"ThreePoint",7,0,0,1,1
"596","Buddy Hield",2990984,401267361,"2021",1,26.0192236625154,0,"ThreePoint",8,0,0,0,0
"597","Buddy Hield",2990984,401267361,"2021",0,25,0,"ThreePoint",9,1,0,0,1
"598","Buddy Hield",2990984,401267361,"2021",1,26,0,"ThreePoint",10,0,1,0,1
"599","Buddy Hield",2990984,401267361,"2021",1,26.0192236625154,0,"ThreePoint",11,1,0,1,2
"600","Buddy Hield",2990984,401267361,"2021",0,25,0,"ThreePoint",12,1,1,0,2
"601","Buddy Hield",2990984,401307518,"2021",0,24.8394846967484,0,"ThreePoint",1,NA,NA,NA,NA
"602","Buddy Hield",2990984,401307518,"2021",0,3.16227766016838,0,"Close",2,0,NA,NA,NA
"603","Buddy Hield",2990984,401307518,"2021",0,25.5538646783613,0,"ThreePoint",3,0,0,NA,NA
"604","Buddy Hield",2990984,401307518,"2021",0,1,0,"Close",4,0,0,0,0
"605","Buddy Hield",2990984,401307518,"2021",0,25.6320112359526,0,"ThreePoint",5,0,0,0,0
"606","Buddy Hield",2990984,401307518,"2021",0,25.1793566240283,0,"ThreePoint",6,0,0,0,0
"607","Buddy Hield",2990984,401307518,"2021",0,24.7588368062799,0,"ThreePoint",7,0,0,0,0
"608","Buddy Hield",2990984,401307518,"2021",0,25.4950975679639,0,"ThreePoint",8,0,0,0,0
"609","Buddy Hield",2990984,401307518,"2021",1,24.6981780704569,0,"ThreePoint",9,0,0,0,0
"610","Buddy Hield",2990984,401307518,"2021",1,12.0830459735946,0,"Midrange",10,1,0,0,1
"611","Buddy Hield",2990984,401307518,"2021",1,25.4950975679639,0,"ThreePoint",11,1,1,0,2
"612","Buddy Hield",2990984,401307518,"2021",1,23.3452350598575,1,"ThreePoint",12,1,1,1,3
"613","Buddy Hield",2990984,401307518,"2021",1,26.4764045897475,1,"ThreePoint",13,1,1,1,3
"614","Buddy Hield",2990984,401307518,"2021",0,25.5538646783613,1,"ThreePoint",14,1,1,1,3
"615","Buddy Hield",2990984,401307518,"2021",0,2.23606797749979,0,"Close",15,0,1,1,2
"616","Buddy Hield",2990984,401307518,"2021",0,22.4722050542442,0,"ThreePoint",16,0,0,1,1
"617","Buddy Hield",2990984,401307518,"2021",0,22,0,"Midrange",17,0,0,0,0
"618","Buddy Hield",2990984,401307518,"2021",0,3.60555127546399,0,"Close",18,0,0,0,0
"619","Buddy Hield",2990984,401360604,"2022",0,19.723082923316,0,"Midrange",1,NA,NA,NA,NA
"620","Buddy Hield",2990984,401360604,"2022",0,26,0,"ThreePoint",2,0,NA,NA,NA
"621","Buddy Hield",2990984,401360604,"2022",0,26.1725046566048,0,"ThreePoint",3,0,0,NA,NA
"622","Buddy Hield",2990984,401360604,"2022",0,29.0688837074973,0,"ThreePoint",4,0,0,0,0
"623","Buddy Hield",2990984,401360604,"2022",0,6.40312423743285,0,"Close",5,0,0,0,0
"624","Buddy Hield",2990984,401360604,"2022",1,26.9072480941474,0,"ThreePoint",6,0,0,0,0
"625","Buddy Hield",2990984,401360604,"2022",1,26.9072480941474,0,"ThreePoint",7,1,0,0,1
"626","Buddy Hield",2990984,401360604,"2022",0,27.0185121722126,0,"ThreePoint",8,1,1,0,2
"627","C.J. McCollum",2490149,400827985,"2016",0,25.4950975679639,0,"ThreePoint",1,NA,NA,NA,NA
"628","C.J. McCollum",2490149,400827985,"2016",0,25.4950975679639,0,"ThreePoint",2,0,NA,NA,NA
"629","C.J. McCollum",2490149,400827985,"2016",1,13.8924439894498,0,"Midrange",3,0,0,NA,NA
"630","C.J. McCollum",2490149,400827985,"2016",1,14,0,"Midrange",4,1,0,0,1
"631","C.J. McCollum",2490149,400827985,"2016",0,24.0831891575846,0,"ThreePoint",5,1,1,0,2
"632","C.J. McCollum",2490149,400827985,"2016",0,20.3960780543711,0,"Midrange",6,0,1,1,2
"633","C.J. McCollum",2490149,400827985,"2016",1,5.09901951359278,0,"Close",7,0,0,1,1
"634","C.J. McCollum",2490149,400827985,"2016",0,16.6433169770932,0,"Midrange",8,1,0,0,1
"635","C.J. McCollum",2490149,400827985,"2016",1,1,0,"Close",9,0,1,0,1
"636","C.J. McCollum",2490149,400827985,"2016",1,7.28010988928052,0,"Close",10,1,0,1,2
"637","C.J. McCollum",2490149,400827985,"2016",1,5,0,"Close",11,1,1,0,2
"638","C.J. McCollum",2490149,400827985,"2016",1,14.0356688476182,1,"Midrange",12,1,1,1,3
"639","C.J. McCollum",2490149,400827985,"2016",1,12.6491106406735,1,"Midrange",13,1,1,1,3
"640","C.J. McCollum",2490149,400827985,"2016",0,25.8069758011279,1,"ThreePoint",14,1,1,1,3
"641","C.J. McCollum",2490149,400827985,"2016",0,18.6815416922694,0,"Midrange",15,0,1,1,2
"642","C.J. McCollum",2490149,400827985,"2016",0,2.23606797749979,0,"Close",16,0,0,1,1
"643","C.J. McCollum",2490149,400827985,"2016",0,6.70820393249937,0,"Close",17,0,0,0,0
"644","CJ McCollum",2490149,400974895,"2018",1,14.3178210632764,0,"Midrange",1,NA,NA,NA,NA
"645","CJ McCollum",2490149,400974895,"2018",1,27.8926513619627,0,"ThreePoint",2,1,NA,NA,NA
"646","CJ McCollum",2490149,400974895,"2018",0,8.24621125123532,0,"Midrange",3,1,1,NA,NA
"647","CJ McCollum",2490149,400974895,"2018",0,22.2036033111745,0,"ThreePoint",4,0,1,1,2
"648","CJ McCollum",2490149,400974895,"2018",1,27.2946881279124,0,"ThreePoint",5,0,0,1,1
"649","CJ McCollum",2490149,400974895,"2018",0,23,0,"ThreePoint",6,1,0,0,1
"650","CJ McCollum",2490149,400974895,"2018",1,23.3452350598575,0,"ThreePoint",7,0,1,0,1
"651","CJ McCollum",2490149,400974895,"2018",0,9.05538513813742,0,"Midrange",8,1,0,1,2
"652","CJ McCollum",2490149,400974895,"2018",1,2.23606797749979,0,"Close",9,0,1,0,1
"653","CJ McCollum",2490149,400974895,"2018",1,24.8394846967484,0,"ThreePoint",10,1,0,1,2
"654","CJ McCollum",2490149,400974895,"2018",0,20.0249843945008,0,"Midrange",11,1,1,0,2
"655","CJ McCollum",2490149,400974895,"2018",0,7.07106781186548,0,"Close",12,0,1,1,2
"656","CJ McCollum",2490149,400974895,"2018",0,3,0,"Close",13,0,0,1,1
"657","CJ McCollum",2490149,400974895,"2018",0,22.0227155455452,0,"ThreePoint",14,0,0,0,0
"658","CJ McCollum",2490149,400974895,"2018",0,25.4950975679639,0,"ThreePoint",15,0,0,0,0
"659","CJ McCollum",2490149,400974895,"2018",1,23.0867927612304,0,"ThreePoint",16,0,0,0,0
"660","CJ McCollum",2490149,400974895,"2018",1,24.6981780704569,0,"ThreePoint",17,1,0,0,1
"661","CJ McCollum",2490149,400975505,"2018",1,17,0,"Midrange",1,NA,NA,NA,NA
"662","CJ McCollum",2490149,400975505,"2018",0,1.4142135623731,0,"Close",2,1,NA,NA,NA
"663","CJ McCollum",2490149,400975505,"2018",1,22.2036033111745,0,"ThreePoint",3,0,1,NA,NA
"664","CJ McCollum",2490149,400975505,"2018",1,2.23606797749979,0,"Close",4,1,0,1,2
"665","CJ McCollum",2490149,400975505,"2018",1,15.8113883008419,0,"Midrange",5,1,1,0,2
"666","CJ McCollum",2490149,400975505,"2018",1,25,1,"ThreePoint",6,1,1,1,3
"667","CJ McCollum",2490149,400975505,"2018",1,24.7588368062799,1,"ThreePoint",7,1,1,1,3
"668","CJ McCollum",2490149,400975505,"2018",1,7.81024967590665,1,"Close",8,1,1,1,3
"669","CJ McCollum",2490149,400975505,"2018",1,12.2065556157337,1,"Midrange",9,1,1,1,3
"670","CJ McCollum",2490149,400975505,"2018",1,25,1,"ThreePoint",10,1,1,1,3
"671","CJ McCollum",2490149,400975505,"2018",1,13.0384048104053,1,"Midrange",11,1,1,1,3
"672","CJ McCollum",2490149,400975505,"2018",1,20.2484567313166,1,"Midrange",12,1,1,1,3
"673","CJ McCollum",2490149,400975505,"2018",0,24.6981780704569,1,"ThreePoint",13,1,1,1,3
"674","CJ McCollum",2490149,400975505,"2018",0,13.4164078649987,0,"Midrange",14,0,1,1,2
"675","CJ McCollum",2490149,400975505,"2018",0,21.6333076527839,0,"Midrange",15,0,0,1,1
"676","CJ McCollum",2490149,400975505,"2018",1,15,0,"Midrange",16,0,0,0,0
"677","CJ McCollum",2490149,400975505,"2018",1,19.313207915828,0,"Midrange",17,1,0,0,1
"678","CJ McCollum",2490149,400975505,"2018",1,2,0,"Close",18,1,1,0,2
"679","CJ McCollum",2490149,400975505,"2018",1,2.23606797749979,1,"Close",19,1,1,1,3
"680","CJ McCollum",2490149,400975505,"2018",0,24.6981780704569,1,"ThreePoint",20,1,1,1,3
"681","CJ McCollum",2490149,400975505,"2018",0,25.4950975679639,0,"ThreePoint",21,0,1,1,2
"682","CJ McCollum",2490149,400975505,"2018",1,28.8617393793236,0,"ThreePoint",22,0,0,1,1
"683","CJ McCollum",2490149,400975505,"2018",1,17.4928556845359,0,"Midrange",23,1,0,0,1
"684","CJ McCollum",2490149,400975505,"2018",1,23.1948270094864,0,"ThreePoint",24,1,1,0,2
"685","CJ McCollum",2490149,400975505,"2018",0,11.7046999107196,1,"Midrange",25,1,1,1,3
"686","CJ McCollum",2490149,401070745,"2019",1,12.0415945787923,0,"Midrange",1,NA,NA,NA,NA
"687","CJ McCollum",2490149,401070745,"2019",0,21.0237960416286,0,"Midrange",2,1,NA,NA,NA
"688","CJ McCollum",2490149,401070745,"2019",0,26.4007575648882,0,"ThreePoint",3,0,1,NA,NA
"689","CJ McCollum",2490149,401070745,"2019",1,8,0,"Close",4,0,0,1,1
"690","CJ McCollum",2490149,401070745,"2019",1,10,0,"Midrange",5,1,0,0,1
"691","CJ McCollum",2490149,401070745,"2019",1,25.0798724079689,0,"ThreePoint",6,1,1,0,2
"692","CJ McCollum",2490149,401070745,"2019",1,10.770329614269,1,"Midrange",7,1,1,1,3
"693","CJ McCollum",2490149,401070745,"2019",0,1,1,"Close",8,1,1,1,3
"694","CJ McCollum",2490149,401070745,"2019",0,0,0,"Close",9,0,1,1,2
"695","CJ McCollum",2490149,401070745,"2019",0,6.70820393249937,0,"Close",10,0,0,1,1
"696","CJ McCollum",2490149,401070745,"2019",1,26.1725046566048,0,"ThreePoint",11,0,0,0,0
"697","CJ McCollum",2490149,401070745,"2019",1,11,0,"Midrange",12,1,0,0,1
"698","CJ McCollum",2490149,401160983,"2020",0,4.47213595499958,0,"Close",1,NA,NA,NA,NA
"699","CJ McCollum",2490149,401160983,"2020",1,13.0384048104053,0,"Midrange",2,0,NA,NA,NA
"700","CJ McCollum",2490149,401160983,"2020",0,24.0208242989286,0,"ThreePoint",3,1,0,NA,NA
"701","CJ McCollum",2490149,401160983,"2020",1,26.0192236625154,0,"ThreePoint",4,0,1,0,1
"702","CJ McCollum",2490149,401160983,"2020",0,22.0227155455452,0,"ThreePoint",5,1,0,1,2
"703","CJ McCollum",2490149,401160983,"2020",1,16.7630546142402,0,"Midrange",6,0,1,0,1
"704","CJ McCollum",2490149,401160983,"2020",1,26.6833281282527,0,"ThreePoint",7,1,0,1,2
"705","CJ McCollum",2490149,401160983,"2020",0,16.1245154965971,0,"Midrange",8,1,1,0,2
"706","CJ McCollum",2490149,401160983,"2020",0,3.16227766016838,0,"Close",9,0,1,1,2
"707","CJ McCollum",2490149,401160983,"2020",0,25.8069758011279,0,"ThreePoint",10,0,0,1,1
"708","CJ McCollum",2490149,401160983,"2020",1,9.48683298050514,0,"Midrange",11,0,0,0,0
"709","CJ McCollum",2490149,401160983,"2020",0,0,0,"Close",12,1,0,0,1
"710","CJ McCollum",2490149,401160983,"2020",1,12.8062484748657,0,"Midrange",13,0,1,0,1
"711","CJ McCollum",2490149,401160983,"2020",0,25.0599281722833,0,"ThreePoint",14,1,0,1,2
"712","CJ McCollum",2490149,401160983,"2020",0,14.7648230602334,0,"Midrange",15,0,1,0,1
"713","CJ McCollum",2490149,401160983,"2020",0,9.05538513813742,0,"Midrange",16,0,0,1,1
"714","CJ McCollum",2490149,401160983,"2020",0,25.0798724079689,0,"ThreePoint",17,0,0,0,0
"715","CJ McCollum",2490149,401160983,"2020",1,1.4142135623731,0,"Close",18,0,0,0,0
"716","CJ McCollum",2490149,401160983,"2020",0,1,0,"Close",19,1,0,0,1
"717","CJ McCollum",2490149,401160983,"2020",0,14.8660687473185,0,"Midrange",20,0,1,0,1
"718","CJ McCollum",2490149,401160983,"2020",1,1,0,"Close",21,0,0,1,1
"719","CJ McCollum",2490149,401307536,"2021",0,2.23606797749979,0,"Close",1,NA,NA,NA,NA
"720","CJ McCollum",2490149,401307536,"2021",0,25.0599281722833,0,"ThreePoint",2,0,NA,NA,NA
"721","CJ McCollum",2490149,401307536,"2021",1,6.40312423743285,0,"Close",3,0,0,NA,NA
"722","CJ McCollum",2490149,401307536,"2021",1,24.5153013442625,0,"ThreePoint",4,1,0,0,1
"723","CJ McCollum",2490149,401307536,"2021",1,20.8086520466848,0,"Midrange",5,1,1,0,2
"724","CJ McCollum",2490149,401307536,"2021",0,25,1,"ThreePoint",6,1,1,1,3
"725","CJ McCollum",2490149,401307536,"2021",0,17.8044938147649,0,"Midrange",7,0,1,1,2
"726","CJ McCollum",2490149,401307536,"2021",0,23.0217288664427,0,"ThreePoint",8,0,0,1,1
"727","CJ McCollum",2490149,401307536,"2021",0,3,0,"Close",9,0,0,0,0
"728","CJ McCollum",2490149,401307536,"2021",1,23.3452350598575,0,"ThreePoint",10,0,0,0,0
"729","CJ McCollum",2490149,401307536,"2021",1,1,0,"Close",11,1,0,0,1
"730","CJ McCollum",2490149,401307536,"2021",0,3.60555127546399,0,"Close",12,1,1,0,2
"731","CJ McCollum",2490149,401307536,"2021",1,24.738633753706,0,"ThreePoint",13,0,1,1,2
"732","CJ McCollum",2490149,401307536,"2021",1,7,0,"Close",14,1,0,1,2
"733","CJ McCollum",2490149,401307536,"2021",0,23.0867927612304,0,"ThreePoint",15,1,1,0,2
"734","CJ McCollum",2490149,401307536,"2021",0,25.4950975679639,0,"ThreePoint",16,0,1,1,2
"735","Cam Thomas",4432174,401585155,"2024",1,21.4709105535839,0,"Midrange",1,NA,NA,NA,NA
"736","Cam Thomas",4432174,401585155,"2024",1,10.4403065089106,0,"Midrange",2,1,NA,NA,NA
"737","Cam Thomas",4432174,401585155,"2024",1,10,0,"Midrange",3,1,1,NA,NA
"738","Cam Thomas",4432174,401585155,"2024",1,1.4142135623731,1,"Close",4,1,1,1,3
"739","Cam Thomas",4432174,401585155,"2024",0,27.0185121722126,1,"ThreePoint",5,1,1,1,3
"740","Cam Thomas",4432174,401585155,"2024",0,8.54400374531753,0,"Midrange",6,0,1,1,2
"741","Cam Thomas",4432174,401585155,"2024",0,27.2029410174709,0,"ThreePoint",7,0,0,1,1
"742","Cam Thomas",4432174,401585155,"2024",0,6.40312423743285,0,"Close",8,0,0,0,0
"743","Cam Thomas",4432174,401585155,"2024",0,14.8660687473185,0,"Midrange",9,0,0,0,0
"744","Cam Thomas",4432174,401585155,"2024",0,2,0,"Close",10,0,0,0,0
"745","Cam Thomas",4432174,401585155,"2024",1,18.8679622641132,0,"Midrange",11,0,0,0,0
"746","Cam Thomas",4432174,401585155,"2024",1,6,0,"Close",12,1,0,0,1
"747","Cam Thomas",4432174,401585155,"2024",0,18.4390889145858,0,"Midrange",13,1,1,0,2
"748","Cam Thomas",4432174,401585155,"2024",0,18.4390889145858,0,"Midrange",14,0,1,1,2
"749","Cam Thomas",4432174,401585155,"2024",1,25.5538646783613,0,"ThreePoint",15,0,0,1,1
"750","Cam Thomas",4432174,401585155,"2024",0,23.0217288664427,0,"ThreePoint",16,1,0,0,1
"751","Cam Thomas",4432174,401585155,"2024",1,19.2353840616713,0,"Midrange",17,0,1,0,1
"752","Cam Thomas",4432174,401585155,"2024",0,26.2488094968134,0,"ThreePoint",18,1,0,1,2
"753","Cam Thomas",4432174,401585155,"2024",0,11.4017542509914,0,"Midrange",19,0,1,0,1
"754","Cam Thomas",4432174,401585155,"2024",0,2,0,"Close",20,0,0,1,1
"755","Cam Thomas",4432174,401585155,"2024",1,1.4142135623731,0,"Close",21,0,0,0,0
"756","Carmelo Anthony",1975,400935635,"2017",1,15.8113883008419,0,"Midrange",1,NA,NA,NA,NA
"757","Carmelo Anthony",1975,400935635,"2017",0,25.5538646783613,0,"ThreePoint",2,1,NA,NA,NA
"758","Carmelo Anthony",1975,400935635,"2017",1,1,0,"Close",3,0,1,NA,NA
"759","Carmelo Anthony",1975,400935635,"2017",0,26.0768096208106,0,"ThreePoint",4,1,0,1,2
"760","Carmelo Anthony",1975,400935635,"2017",1,26.4007575648882,0,"ThreePoint",5,0,1,0,1
"761","Carmelo Anthony",1975,400935635,"2017",1,24.0208242989286,0,"ThreePoint",6,1,0,1,2
"762","Carmelo Anthony",1975,400935635,"2017",0,24.1867732448956,0,"ThreePoint",7,1,1,0,2
"763","Carmelo Anthony",1975,400935635,"2017",0,23.1948270094864,0,"ThreePoint",8,0,1,1,2
"764","Carmelo Anthony",1975,400974895,"2018",1,23.1948270094864,0,"ThreePoint",1,NA,NA,NA,NA
"765","Carmelo Anthony",1975,400974895,"2018",1,16.4012194668567,0,"Midrange",2,1,NA,NA,NA
"766","Carmelo Anthony",1975,400974895,"2018",1,20.8806130178211,0,"Midrange",3,1,1,NA,NA
"767","Carmelo Anthony",1975,400974895,"2018",1,15.2315462117278,1,"Midrange",4,1,1,1,3
"768","Carmelo Anthony",1975,400974895,"2018",0,16.7630546142402,1,"Midrange",5,1,1,1,3
"769","Carmelo Anthony",1975,400974895,"2018",0,20.3960780543711,0,"Midrange",6,0,1,1,2
"770","Carmelo Anthony",1975,400974895,"2018",0,21.095023109729,0,"Midrange",7,0,0,1,1
"771","Carmelo Anthony",1975,400974895,"2018",0,25,0,"ThreePoint",8,0,0,0,0
"772","Carmelo Anthony",1975,400974895,"2018",1,25,0,"ThreePoint",9,0,0,0,0
"773","Carmelo Anthony",1975,400974895,"2018",0,24.0208242989286,0,"ThreePoint",10,1,0,0,1
"774","Carmelo Anthony",1975,400974909,"2018",0,24.7588368062799,0,"ThreePoint",1,NA,NA,NA,NA
"775","Carmelo Anthony",1975,400974909,"2018",0,25.0798724079689,0,"ThreePoint",2,0,NA,NA,NA
"776","Carmelo Anthony",1975,400974909,"2018",1,1,0,"Close",3,0,0,NA,NA
"777","Carmelo Anthony",1975,400974909,"2018",0,24.8394846967484,0,"ThreePoint",4,1,0,0,1
"778","Carmelo Anthony",1975,400974909,"2018",0,21.2602916254693,0,"Midrange",5,0,1,0,1
"779","Carmelo Anthony",1975,400974909,"2018",0,5.8309518948453,0,"Close",6,0,0,1,1
"780","Carmelo Anthony",1975,400974909,"2018",0,25.4950975679639,0,"ThreePoint",7,0,0,0,0
"781","Carmelo Anthony",1975,400974909,"2018",0,20.2484567313166,0,"Midrange",8,0,0,0,0
"782","Carmelo Anthony",1975,400974909,"2018",1,24.738633753706,0,"ThreePoint",9,0,0,0,0
"783","Carmelo Anthony",1975,400974909,"2018",1,26.4007575648882,0,"ThreePoint",10,1,0,0,1
"784","Carmelo Anthony",1975,400974909,"2018",0,25,0,"ThreePoint",11,1,1,0,2
"785","Carmelo Anthony",1975,400974909,"2018",0,3.60555127546399,0,"Close",12,0,1,1,2
"786","Carmelo Anthony",1975,400974909,"2018",0,15.8113883008419,0,"Midrange",13,0,0,1,1
"787","Carmelo Anthony",1975,400974909,"2018",0,24.8394846967484,0,"ThreePoint",14,0,0,0,0
"788","Carmelo Anthony",1975,400974909,"2018",0,7.28010988928052,0,"Close",15,0,0,0,0
"789","Carmelo Anthony",1975,400974909,"2018",1,25.4950975679639,0,"ThreePoint",16,0,0,0,0
"790","Carmelo Anthony",1975,400974909,"2018",0,20.6155281280883,0,"Midrange",17,1,0,0,1
"791","Carmelo Anthony",1975,400975511,"2018",1,10.295630140987,0,"Midrange",1,NA,NA,NA,NA
"792","Carmelo Anthony",1975,400975511,"2018",1,5.3851648071345,0,"Close",2,1,NA,NA,NA
"793","Carmelo Anthony",1975,400975511,"2018",0,25,0,"ThreePoint",3,1,1,NA,NA
"794","Carmelo Anthony",1975,400975511,"2018",1,12.6491106406735,0,"Midrange",4,0,1,1,2
"795","Carmelo Anthony",1975,400975511,"2018",0,5.09901951359278,0,"Close",5,1,0,1,2
"796","Carmelo Anthony",1975,400975511,"2018",0,23.0867927612304,0,"ThreePoint",6,0,1,0,1
"797","Carmelo Anthony",1975,400975511,"2018",1,2,0,"Close",7,0,0,1,1
"798","Carmelo Anthony",1975,400975511,"2018",1,13.1529464379659,0,"Midrange",8,1,0,0,1
"799","Carmelo Anthony",1975,400975511,"2018",0,1.4142135623731,0,"Close",9,1,1,0,2
"800","Carmelo Anthony",1975,400975511,"2018",0,24.7588368062799,0,"ThreePoint",10,0,1,1,2
"801","Carmelo Anthony",1975,400975511,"2018",0,23.0867927612304,0,"ThreePoint",11,0,0,1,1
"802","Chris Paul",2779,400828269,"2016",0,2,0,"Close",1,NA,NA,NA,NA
"803","Chris Paul",2779,400828269,"2016",1,15.2643375224737,0,"Midrange",2,0,NA,NA,NA
"804","Chris Paul",2779,400828269,"2016",1,10,0,"Midrange",3,1,0,NA,NA
"805","Chris Paul",2779,400828269,"2016",1,23.0867927612304,0,"ThreePoint",4,1,1,0,2
"806","Chris Paul",2779,400828269,"2016",1,15.0332963783729,1,"Midrange",5,1,1,1,3
"807","Chris Paul",2779,400828269,"2016",0,15.2643375224737,1,"Midrange",6,1,1,1,3
"808","Chris Paul",2779,400828269,"2016",1,2.23606797749979,0,"Close",7,0,1,1,2
"809","Chris Paul",2779,400828269,"2016",0,17.0293863659264,0,"Midrange",8,1,0,1,2
"810","Chris Paul",2779,400828269,"2016",0,4.24264068711928,0,"Close",9,0,1,0,1
"811","Chris Paul",2779,400828269,"2016",1,26.0768096208106,0,"ThreePoint",10,0,0,1,1
"812","Chris Paul",2779,400828269,"2016",1,27.0185121722126,0,"ThreePoint",11,1,0,0,1
"813","Chris Paul",2779,400828269,"2016",0,26.1725046566048,0,"ThreePoint",12,1,1,0,2
"814","Chris Paul",2779,401160983,"2020",1,8.24621125123532,0,"Midrange",1,NA,NA,NA,NA
"815","Chris Paul",2779,401160983,"2020",0,12.0415945787923,0,"Midrange",2,1,NA,NA,NA
"816","Chris Paul",2779,401160983,"2020",0,16.2788205960997,0,"Midrange",3,0,1,NA,NA
"817","Chris Paul",2779,401160983,"2020",1,17,0,"Midrange",4,0,0,1,1
"818","Chris Paul",2779,401160983,"2020",1,15.1327459504216,0,"Midrange",5,1,0,0,1
"819","Chris Paul",2779,401160983,"2020",1,25.2388589282479,0,"ThreePoint",6,1,1,0,2
"820","Chris Paul",2779,401160983,"2020",1,26.1725046566048,1,"ThreePoint",7,1,1,1,3
"821","Chris Paul",2779,401160983,"2020",1,17.0293863659264,1,"Midrange",8,1,1,1,3
"822","Chris Paul",2779,401160983,"2020",0,24.8394846967484,1,"ThreePoint",9,1,1,1,3
"823","Chris Paul",2779,401160983,"2020",0,45.3100430368368,0,"ThreePoint",10,0,1,1,2
"824","Chris Paul",2779,401160983,"2020",0,6.70820393249937,0,"Close",11,0,0,1,1
"825","Chris Paul",2779,401160983,"2020",0,15.0332963783729,0,"Midrange",12,0,0,0,0
"826","Chris Paul",2779,401160983,"2020",0,7.28010988928052,0,"Close",13,0,0,0,0
"827","Chris Paul",2779,401160983,"2020",1,9.4339811320566,0,"Midrange",14,0,0,0,0
"828","Chris Paul",2779,401160983,"2020",0,25.6124969497314,0,"ThreePoint",15,1,0,0,1
"829","Chris Paul",2779,401160983,"2020",0,22.3606797749979,0,"ThreePoint",16,0,1,0,1
"830","Chris Paul",2779,401160983,"2020",0,16.1554944214035,0,"Midrange",17,0,0,1,1
"831","Chris Paul",2779,401306581,"2021",0,24.3515913237718,0,"ThreePoint",1,NA,NA,NA,NA
"832","Chris Paul",2779,401306581,"2021",0,25.0798724079689,0,"ThreePoint",2,0,NA,NA,NA
"833","Chris Paul",2779,401306581,"2021",1,1,0,"Close",3,0,0,NA,NA
"834","Chris Paul",2779,401306581,"2021",1,1,0,"Close",4,1,0,0,1
"835","Chris Paul",2779,401306581,"2021",1,1,0,"Close",5,1,1,0,2
"836","Chris Paul",2779,401306581,"2021",0,26.6270539113887,1,"ThreePoint",6,1,1,1,3
"837","Collin Sexton",4277811,401267421,"2021",1,14,0,"Midrange",1,NA,NA,NA,NA
"838","Collin Sexton",4277811,401267421,"2021",0,19.723082923316,0,"Midrange",2,1,NA,NA,NA
"839","Collin Sexton",4277811,401267421,"2021",1,23.0867927612304,0,"ThreePoint",3,0,1,NA,NA
"840","Collin Sexton",4277811,401267421,"2021",0,26.6833281282527,0,"ThreePoint",4,1,0,1,2
"841","Collin Sexton",4277811,401267421,"2021",0,12.5299640861417,0,"Midrange",5,0,1,0,1
"842","Collin Sexton",4277811,401267421,"2021",1,26.2488094968134,0,"ThreePoint",6,0,0,1,1
"843","Collin Sexton",4277811,401267421,"2021",0,12.2065556157337,0,"Midrange",7,1,0,0,1
"844","Collin Sexton",4277811,401267421,"2021",0,2.23606797749979,0,"Close",8,0,1,0,1
"845","Collin Sexton",4277811,401267421,"2021",1,6.08276253029822,0,"Close",9,0,0,1,1
"846","Collin Sexton",4277811,401267421,"2021",0,8.94427190999916,0,"Midrange",10,1,0,0,1
"847","Collin Sexton",4277811,401267421,"2021",0,7,0,"Close",11,0,1,0,1
"848","Collin Sexton",4277811,401267421,"2021",1,1,0,"Close",12,0,0,1,1
"849","Collin Sexton",4277811,401267421,"2021",0,3.16227766016838,0,"Close",13,1,0,0,1
"850","Collin Sexton",4277811,401267421,"2021",0,4.12310562561766,0,"Close",14,0,1,0,1
"851","Collin Sexton",4277811,401267421,"2021",0,1,0,"Close",15,0,0,1,1
"852","Collin Sexton",4277811,401267421,"2021",0,23.0217288664427,0,"ThreePoint",16,0,0,0,0
"853","Collin Sexton",4277811,401267421,"2021",1,2.23606797749979,0,"Close",17,0,0,0,0
"854","D'Angelo Russell",3136776,401098037,"2019",0,29.4108823397055,0,"ThreePoint",1,NA,NA,NA,NA
"855","D'Angelo Russell",3136776,401098037,"2019",1,24.8394846967484,0,"ThreePoint",2,0,NA,NA,NA
"856","D'Angelo Russell",3136776,401098037,"2019",0,28.1602556806574,0,"ThreePoint",3,1,0,NA,NA
"857","D'Angelo Russell",3136776,401098037,"2019",1,25.0199920063936,0,"ThreePoint",4,0,1,0,1
"858","D'Angelo Russell",3136776,401098037,"2019",0,27.2946881279124,0,"ThreePoint",5,1,0,1,2
"859","Damian Lillard",6606,400827985,"2016",0,25.6124969497314,0,"ThreePoint",1,NA,NA,NA,NA
"860","Damian Lillard",6606,400827985,"2016",1,26.6270539113887,0,"ThreePoint",2,0,NA,NA,NA
"861","Damian Lillard",6606,400827985,"2016",1,1,0,"Close",3,1,0,NA,NA
"862","Damian Lillard",6606,400827985,"2016",1,24.0208242989286,0,"ThreePoint",4,1,1,0,2
"863","Damian Lillard",6606,400827985,"2016",1,20.6155281280883,1,"Midrange",5,1,1,1,3
"864","Damian Lillard",6606,400827985,"2016",1,26,1,"ThreePoint",6,1,1,1,3
"865","Damian Lillard",6606,400827985,"2016",1,2,1,"Close",7,1,1,1,3
"866","Damian Lillard",6606,400827985,"2016",0,19.1049731745428,1,"Midrange",8,1,1,1,3
"867","Damian Lillard",6606,400827985,"2016",1,1,0,"Close",9,0,1,1,2
"868","Damian Lillard",6606,400827985,"2016",0,24.8394846967484,0,"ThreePoint",10,1,0,1,2
"869","Damian Lillard",6606,400827985,"2016",0,27.5136329843952,0,"ThreePoint",11,0,1,0,1
"870","Damian Lillard",6606,400827985,"2016",0,7,0,"Close",12,0,0,1,1
"871","Damian Lillard",6606,400827985,"2016",0,25.9422435421457,0,"ThreePoint",13,0,0,0,0
"872","Damian Lillard",6606,400827985,"2016",1,25.4950975679639,0,"ThreePoint",14,0,0,0,0
"873","Damian Lillard",6606,400827985,"2016",0,28.6356421265527,0,"ThreePoint",15,1,0,0,1
"874","Damian Lillard",6606,400974895,"2018",1,0,0,"Close",1,NA,NA,NA,NA
"875","Damian Lillard",6606,400974895,"2018",1,27.459060435492,0,"ThreePoint",2,1,NA,NA,NA
"876","Damian Lillard",6606,400974895,"2018",0,28.6530975637888,0,"ThreePoint",3,1,1,NA,NA
"877","Damian Lillard",6606,400974895,"2018",0,3,0,"Close",4,0,1,1,2
"878","Damian Lillard",6606,400974895,"2018",1,10.0498756211209,0,"Midrange",5,0,0,1,1
"879","Damian Lillard",6606,400974895,"2018",1,2,0,"Close",6,1,0,0,1
"880","Damian Lillard",6606,400974895,"2018",1,1,0,"Close",7,1,1,0,2
"881","Damian Lillard",6606,400974895,"2018",0,30.4630924234556,1,"ThreePoint",8,1,1,1,3
"882","Damian Lillard",6606,400974895,"2018",1,2.23606797749979,0,"Close",9,0,1,1,2
"883","Damian Lillard",6606,400974895,"2018",1,1,0,"Close",10,1,0,1,2
"884","Damian Lillard",6606,400974895,"2018",0,26.4196896272458,0,"ThreePoint",11,1,1,0,2
"885","Damian Lillard",6606,400974895,"2018",0,21.540659228538,0,"Midrange",12,0,1,1,2
"886","Damian Lillard",6606,400974895,"2018",1,15.6524758424985,0,"Midrange",13,0,0,1,1
"887","Damian Lillard",6606,400974895,"2018",0,32,0,"ThreePoint",14,1,0,0,1
"888","Damian Lillard",6606,400974895,"2018",0,14.3178210632764,0,"Midrange",15,0,1,0,1
"889","Damian Lillard",6606,400974895,"2018",0,4.12310562561766,0,"Close",16,0,0,1,1
"890","Damian Lillard",6606,400974895,"2018",1,1.4142135623731,0,"Close",17,0,0,0,0
"891","Damian Lillard",6606,400974895,"2018",1,1.4142135623731,0,"Close",18,1,0,0,1
"892","Damian Lillard",6606,400975505,"2018",0,26.4007575648882,0,"ThreePoint",1,NA,NA,NA,NA
"893","Damian Lillard",6606,400975505,"2018",1,26.8328157299975,0,"ThreePoint",2,0,NA,NA,NA
"894","Damian Lillard",6606,400975505,"2018",1,3,0,"Close",3,1,0,NA,NA
"895","Damian Lillard",6606,400975505,"2018",1,1.4142135623731,0,"Close",4,1,1,0,2
"896","Damian Lillard",6606,400975505,"2018",0,26.0768096208106,1,"ThreePoint",5,1,1,1,3
"897","Damian Lillard",6606,400975505,"2018",0,23.7697286480094,0,"ThreePoint",6,0,1,1,2
"898","Damian Lillard",6606,400975505,"2018",1,1,0,"Close",7,0,0,1,1
"899","Damian Lillard",6606,400975505,"2018",1,14.560219778561,0,"Midrange",8,1,0,0,1
"900","Damian Lillard",6606,400975505,"2018",0,34.2052627529741,0,"ThreePoint",9,1,1,0,2
"901","Damian Lillard",6606,401070745,"2019",0,16.4924225024706,0,"Midrange",1,NA,NA,NA,NA
"902","Damian Lillard",6606,401070745,"2019",1,1,0,"Close",2,0,NA,NA,NA
"903","Damian Lillard",6606,401070745,"2019",0,18.6010752377383,0,"Midrange",3,1,0,NA,NA
"904","Damian Lillard",6606,401070745,"2019",0,27.0185121722126,0,"ThreePoint",4,0,1,0,1
"905","Damian Lillard",6606,401070745,"2019",0,1.4142135623731,0,"Close",5,0,0,1,1
"906","Damian Lillard",6606,401070745,"2019",0,19.1049731745428,0,"Midrange",6,0,0,0,0
"907","Damian Lillard",6606,401070745,"2019",0,27.459060435492,0,"ThreePoint",7,0,0,0,0
"908","Damian Lillard",6606,401070745,"2019",1,27.7848879788996,0,"ThreePoint",8,0,0,0,0
"909","Damian Lillard",6606,401070745,"2019",1,28.3019433961698,0,"ThreePoint",9,1,0,0,1
"910","Damian Lillard",6606,401070745,"2019",1,2.23606797749979,0,"Close",10,1,1,0,2
"911","Damian Lillard",6606,401070745,"2019",0,26.9258240356725,1,"ThreePoint",11,1,1,1,3
"912","Damian Lillard",6606,401070745,"2019",1,1.4142135623731,0,"Close",12,0,1,1,2
"913","Damian Lillard",6606,401070745,"2019",1,0,0,"Close",13,1,0,1,2
"914","Damian Lillard",6606,401070745,"2019",1,2,0,"Close",14,1,1,0,2
"915","Damian Lillard",6606,401070745,"2019",1,28.1602556806574,1,"ThreePoint",15,1,1,1,3
"916","Damian Lillard",6606,401070745,"2019",1,13.6014705087354,1,"Midrange",16,1,1,1,3
"917","Damian Lillard",6606,401070745,"2019",0,28.0178514522438,1,"ThreePoint",17,1,1,1,3
"918","Damian Lillard",6606,401070745,"2019",1,1,0,"Close",18,0,1,1,2
"919","Damian Lillard",6606,401070745,"2019",1,2.23606797749979,0,"Close",19,1,0,1,2
"920","Damian Lillard",6606,401070745,"2019",1,26.0192236625154,0,"ThreePoint",20,1,1,0,2
"921","Damian Lillard",6606,401070745,"2019",0,2.23606797749979,1,"Close",21,1,1,1,3
"922","Damian Lillard",6606,401070745,"2019",1,25.7099202643649,0,"ThreePoint",22,0,1,1,2
"923","Damian Lillard",6606,401070745,"2019",0,30.0665927567458,0,"ThreePoint",23,1,0,1,2
"924","Damian Lillard",6606,401098037,"2019",0,29.4278779391243,0,"ThreePoint",1,NA,NA,NA,NA
"925","Damian Lillard",6606,401098037,"2019",0,24.7588368062799,0,"ThreePoint",2,0,NA,NA,NA
"926","Damian Lillard",6606,401098037,"2019",0,25.6320112359526,0,"ThreePoint",3,0,0,NA,NA
"927","Damian Lillard",6606,401098037,"2019",1,25,0,"ThreePoint",4,0,0,0,0
"928","Damian Lillard",6606,401098037,"2019",1,33.5410196624968,0,"ThreePoint",5,1,0,0,1
"929","Damian Lillard",6606,401098037,"2019",0,26.9258240356725,0,"ThreePoint",6,1,1,0,2
"930","Damian Lillard",6606,401098037,"2019",1,24.7588368062799,0,"ThreePoint",7,0,1,1,2
"931","Damian Lillard",6606,401098037,"2019",1,31.0161248385416,0,"ThreePoint",8,1,0,1,2
"932","Damian Lillard",6606,401098037,"2019",0,26.6270539113887,0,"ThreePoint",9,1,1,0,2
"933","Damian Lillard",6606,401098037,"2019",0,31.4006369362152,0,"ThreePoint",10,0,1,1,2
"934","Damian Lillard",6606,401098037,"2019",1,31.0644491340181,0,"ThreePoint",11,0,0,1,1
"935","Damian Lillard",6606,401098037,"2019",1,32.0156211871642,0,"ThreePoint",12,1,0,0,1
"936","Damian Lillard",6606,401098037,"2019",0,32.2490309931942,0,"ThreePoint",13,1,1,0,2
"937","Damian Lillard",6606,401098037,"2019",0,26.2488094968134,0,"ThreePoint",14,0,1,1,2
"938","Damian Lillard",6606,401098037,"2019",0,68.2495421230062,0,"ThreePoint",15,0,0,1,1
"939","Damian Lillard",6606,401098037,"2019",0,23.7697286480094,0,"ThreePoint",16,0,0,0,0
"940","Damian Lillard",6606,401098037,"2019",0,26.0768096208106,0,"ThreePoint",17,0,0,0,0
"941","Damian Lillard",6606,401160983,"2020",0,29.1547594742265,0,"ThreePoint",1,NA,NA,NA,NA
"942","Damian Lillard",6606,401160983,"2020",0,7.61577310586391,0,"Close",2,0,NA,NA,NA
"943","Damian Lillard",6606,401160983,"2020",0,2.23606797749979,0,"Close",3,0,0,NA,NA
"944","Damian Lillard",6606,401160983,"2020",0,25.4950975679639,0,"ThreePoint",4,0,0,0,0
"945","Damian Lillard",6606,401160983,"2020",0,16.2788205960997,0,"Midrange",5,0,0,0,0
"946","Damian Lillard",6606,401160983,"2020",0,25,0,"ThreePoint",6,0,0,0,0
"947","Damian Lillard",6606,401160983,"2020",0,21.0237960416286,0,"Midrange",7,0,0,0,0
"948","Damian Lillard",6606,401160983,"2020",1,13.1529464379659,0,"Midrange",8,0,0,0,0
"949","Damian Lillard",6606,401160983,"2020",0,26.6270539113887,0,"ThreePoint",9,1,0,0,1
"950","Damian Lillard",6606,401160983,"2020",1,5.09901951359278,0,"Close",10,0,1,0,1
"951","Damian Lillard",6606,401160983,"2020",1,25.0798724079689,0,"ThreePoint",11,1,0,1,2
"952","Damian Lillard",6606,401160983,"2020",1,25.0599281722833,0,"ThreePoint",12,1,1,0,2
"953","Damian Lillard",6606,401160983,"2020",1,2,1,"Close",13,1,1,1,3
"954","Damian Lillard",6606,401160983,"2020",1,14.3178210632764,1,"Midrange",14,1,1,1,3
"955","Damian Lillard",6606,401160983,"2020",0,9.48683298050514,1,"Midrange",15,1,1,1,3
"956","Damian Lillard",6606,401160983,"2020",0,24.6981780704569,0,"ThreePoint",16,0,1,1,2
"957","Damian Lillard",6606,401160983,"2020",1,15.2643375224737,0,"Midrange",17,0,0,1,1
"958","Damian Lillard",6606,401160983,"2020",0,25.6320112359526,0,"ThreePoint",18,1,0,0,1
"959","Damian Lillard",6606,401160983,"2020",0,25.298221281347,0,"ThreePoint",19,0,1,0,1
"960","Damian Lillard",6606,401160983,"2020",0,5.65685424949238,0,"Close",20,0,0,1,1
"961","Damian Lillard",6606,401160983,"2020",0,26.0768096208106,0,"ThreePoint",21,0,0,0,0
"962","Damian Lillard",6606,401160983,"2020",1,0,0,"Close",22,0,0,0,0
"963","Damian Lillard",6606,401160983,"2020",0,28.2311884269862,0,"ThreePoint",23,1,0,0,1
"964","Damian Lillard",6606,401160983,"2020",0,26.4007575648882,0,"ThreePoint",24,0,1,0,1
"965","Damian Lillard",6606,401267476,"2021",1,27.7308492477241,0,"ThreePoint",1,NA,NA,NA,NA
"966","Damian Lillard",6606,401267476,"2021",0,4.47213595499958,0,"Close",2,1,NA,NA,NA
"967","Damian Lillard",6606,401267476,"2021",0,28.6356421265527,0,"ThreePoint",3,0,1,NA,NA
"968","Damian Lillard",6606,401267476,"2021",1,1,0,"Close",4,0,0,1,1
"969","Damian Lillard",6606,401267476,"2021",1,3.16227766016838,0,"Close",5,1,0,0,1
"970","Damian Lillard",6606,401267476,"2021",0,27.0185121722126,0,"ThreePoint",6,1,1,0,2
"971","Damian Lillard",6606,401267476,"2021",0,26.4007575648882,0,"ThreePoint",7,0,1,1,2
"972","Damian Lillard",6606,401267476,"2021",1,1,0,"Close",8,0,0,1,1
"973","Damian Lillard",6606,401267476,"2021",0,26.1725046566048,0,"ThreePoint",9,1,0,0,1
"974","Damian Lillard",6606,401267476,"2021",0,2.23606797749979,0,"Close",10,0,1,0,1
"975","Damian Lillard",6606,401267476,"2021",1,2.23606797749979,0,"Close",11,0,0,1,1
"976","Damian Lillard",6606,401267476,"2021",0,29.2061637330205,0,"ThreePoint",12,1,0,0,1
"977","Damian Lillard",6606,401267476,"2021",1,27.3130005674953,0,"ThreePoint",13,0,1,0,1
"978","Damian Lillard",6606,401306581,"2021",0,25.5538646783613,0,"ThreePoint",1,NA,NA,NA,NA
"979","Damian Lillard",6606,401306581,"2021",0,27.2946881279124,0,"ThreePoint",2,0,NA,NA,NA
"980","Damian Lillard",6606,401306581,"2021",0,19.2353840616713,0,"Midrange",3,0,0,NA,NA
"981","Damian Lillard",6606,401306581,"2021",1,25.2388589282479,0,"ThreePoint",4,0,0,0,0
"982","Damian Lillard",6606,401306581,"2021",1,26.1725046566048,0,"ThreePoint",5,1,0,0,1
"983","Damian Lillard",6606,401306581,"2021",1,26.0768096208106,0,"ThreePoint",6,1,1,0,2
"984","Damian Lillard",6606,401306581,"2021",1,0,1,"Close",7,1,1,1,3
"985","Damian Lillard",6606,401306581,"2021",0,32.8937684067971,1,"ThreePoint",8,1,1,1,3
"986","Damian Lillard",6606,401306581,"2021",1,43.1740662898458,0,"ThreePoint",9,0,1,1,2
"987","Damian Lillard",6606,401306581,"2021",0,27.2029410174709,0,"ThreePoint",10,1,0,1,2
"988","Damian Lillard",6606,401306581,"2021",1,2.23606797749979,0,"Close",11,0,1,0,1
"989","Damian Lillard",6606,401306581,"2021",0,24.7588368062799,0,"ThreePoint",12,1,0,1,2
"990","Damian Lillard",6606,401306581,"2021",1,29.5296461204668,0,"ThreePoint",13,0,1,0,1
"991","Damian Lillard",6606,401306581,"2021",0,43.0464865000618,0,"ThreePoint",14,1,0,1,2
"992","Damian Lillard",6606,401306581,"2021",0,25.0599281722833,0,"ThreePoint",15,0,1,0,1
"993","Damian Lillard",6606,401306581,"2021",0,28.2311884269862,0,"ThreePoint",16,0,0,1,1
"994","Damian Lillard",6606,401306581,"2021",1,1.4142135623731,0,"Close",17,0,0,0,0
"995","Damian Lillard",6606,401306581,"2021",1,26.4007575648882,0,"ThreePoint",18,1,0,0,1
"996","Damian Lillard",6606,401306581,"2021",1,26.0768096208106,0,"ThreePoint",19,1,1,0,2
"997","Damian Lillard",6606,401306581,"2021",1,40.2492235949962,1,"ThreePoint",20,1,1,1,3
"998","Damian Lillard",6606,401307536,"2021",1,32.6955654485436,0,"ThreePoint",1,NA,NA,NA,NA
"999","Damian Lillard",6606,401307536,"2021",1,1.4142135623731,0,"Close",2,1,NA,NA,NA
"1000","Damian Lillard",6606,401307536,"2021",1,29.1547594742265,0,"ThreePoint",3,1,1,NA,NA
"1001","Damian Lillard",6606,401307536,"2021",1,24.0831891575846,1,"ThreePoint",4,1,1,1,3
"1002","Damian Lillard",6606,401307536,"2021",1,8.94427190999916,1,"Midrange",5,1,1,1,3
"1003","Damian Lillard",6606,401307536,"2021",0,26.9258240356725,1,"ThreePoint",6,1,1,1,3
"1004","Damian Lillard",6606,401307536,"2021",1,1,0,"Close",7,0,1,1,2
"1005","Damian Lillard",6606,401307536,"2021",1,24.6981780704569,0,"ThreePoint",8,1,0,1,2
"1006","Damian Lillard",6606,401307536,"2021",1,26.2488094968134,0,"ThreePoint",9,1,1,0,2
"1007","Damian Lillard",6606,401307536,"2021",0,24.0831891575846,1,"ThreePoint",10,1,1,1,3
"1008","Damian Lillard",6606,401307536,"2021",0,30.0166620396073,0,"ThreePoint",11,0,1,1,2
"1009","Damian Lillard",6606,401307536,"2021",1,1,0,"Close",12,0,0,1,1
"1010","Damian Lillard",6606,401307536,"2021",1,21.540659228538,0,"Midrange",13,1,0,0,1
"1011","Damian Lillard",6606,401307536,"2021",0,25.4950975679639,0,"ThreePoint",14,1,1,0,2
"1012","Damian Lillard",6606,401307536,"2021",0,2,0,"Close",15,0,1,1,2
"1013","Damian Lillard",6606,401307536,"2021",0,17,0,"Midrange",16,0,0,1,1
"1014","Damian Lillard",6606,401307536,"2021",0,3.60555127546399,0,"Close",17,0,0,0,0
"1015","Damian Lillard",6606,401307536,"2021",0,3.60555127546399,0,"Close",18,0,0,0,0
"1016","Damian Lillard",6606,401307536,"2021",0,25.6124969497314,0,"ThreePoint",19,0,0,0,0
"1017","Damian Lillard",6606,401524696,"2023",1,30.8706980808663,0,"ThreePoint",1,NA,NA,NA,NA
"1018","Damian Lillard",6606,401524696,"2023",0,32.0156211871642,0,"ThreePoint",2,1,NA,NA,NA
"1019","Damian Lillard",6606,401524696,"2023",0,26.0768096208106,0,"ThreePoint",3,0,1,NA,NA
"1020","Damian Lillard",6606,401524696,"2023",0,29.1204395571221,0,"ThreePoint",4,0,0,1,1
"1021","Damian Lillard",6606,401524696,"2023",0,24.5967477524977,0,"ThreePoint",5,0,0,0,0
"1022","Damian Lillard",6606,401524696,"2023",0,24.8394846967484,0,"ThreePoint",6,0,0,0,0
"1023","Damian Lillard",6606,401524696,"2023",0,25.2388589282479,0,"ThreePoint",7,0,0,0,0
"1024","Damian Lillard",6606,401524696,"2023",0,31.7647603485372,0,"ThreePoint",8,0,0,0,0
"1025","Damian Lillard",6606,401524696,"2023",1,31.1448230047949,0,"ThreePoint",9,0,0,0,0
"1026","Damian Lillard",6606,401524696,"2023",1,24.1867732448956,0,"ThreePoint",10,1,0,0,1
"1027","Damian Lillard",6606,401524696,"2023",1,29.4108823397055,0,"ThreePoint",11,1,1,0,2
"1028","Damian Lillard",6606,401524696,"2023",1,34.4818792991333,1,"ThreePoint",12,1,1,1,3
"1029","Damian Lillard",6606,401524696,"2023",1,48.7544869729956,1,"ThreePoint",13,1,1,1,3
"1030","Damian Lillard",6606,401524696,"2023",0,39.0512483795333,1,"ThreePoint",14,1,1,1,3
"1031","Damian Lillard",6606,401524696,"2023",0,35.3553390593274,0,"ThreePoint",15,0,1,1,2
"1032","Damian Lillard",6606,401524696,"2023",1,2.23606797749979,0,"Close",16,0,0,1,1
"1033","Damian Lillard",6606,401524696,"2023",1,25.4950975679639,0,"ThreePoint",17,1,0,0,1
"1034","Damian Lillard",6606,401524696,"2023",0,35.3411940941446,0,"ThreePoint",18,1,1,0,2
"1035","Damian Lillard",6606,401524696,"2023",0,45.2769256906871,0,"ThreePoint",19,0,1,1,2
"1036","Damian Lillard",6606,401524696,"2023",0,43.3820239269677,0,"ThreePoint",20,0,0,1,1
"1037","Damian Lillard",6606,401524696,"2023",1,30.4138126514911,0,"ThreePoint",21,0,0,0,0
"1038","Damian Lillard",6606,401584847,"2024",0,12.5299640861417,0,"Midrange",1,NA,NA,NA,NA
"1039","Damian Lillard",6606,401584847,"2024",0,28.1602556806574,0,"ThreePoint",2,0,NA,NA,NA
"1040","Damian Lillard",6606,401584847,"2024",1,1.4142135623731,0,"Close",3,0,0,NA,NA
"1041","Damian Lillard",6606,401584847,"2024",1,26.1725046566048,0,"ThreePoint",4,1,0,0,1
"1042","Damian Lillard",6606,401584847,"2024",0,18.8679622641132,0,"Midrange",5,1,1,0,2
"1043","Damian Lillard",6606,401584847,"2024",1,24,0,"ThreePoint",6,0,1,1,2
"1044","Damian Lillard",6606,401584847,"2024",0,27.7848879788996,0,"ThreePoint",7,1,0,1,2
"1045","Damian Lillard",6606,401584847,"2024",0,4.24264068711928,0,"Close",8,0,1,0,1
"1046","Damian Lillard",6606,401584847,"2024",0,27.6586333718787,0,"ThreePoint",9,0,0,1,1
"1047","Damian Lillard",6606,401584847,"2024",0,2.82842712474619,0,"Close",10,0,0,0,0
"1048","Damian Lillard",6606,401584847,"2024",0,15.52417469626,0,"Midrange",11,0,0,0,0
"1049","Damian Lillard",6606,401584847,"2024",1,17.8885438199983,0,"Midrange",12,0,0,0,0
"1050","Damian Lillard",6606,401584847,"2024",1,28.3019433961698,0,"ThreePoint",13,1,0,0,1
"1051","Damian Lillard",6606,401584847,"2024",0,5,0,"Close",14,1,1,0,2
"1052","Damian Lillard",6606,401585330,"2024",1,26.4764045897475,0,"ThreePoint",1,NA,NA,NA,NA
"1053","Damian Lillard",6606,401585330,"2024",1,17.7200451466693,0,"Midrange",2,1,NA,NA,NA
"1054","Damian Lillard",6606,401585330,"2024",1,27.459060435492,0,"ThreePoint",3,1,1,NA,NA
"1055","Damian Lillard",6606,401585330,"2024",1,1.4142135623731,1,"Close",4,1,1,1,3
"1056","Damian Lillard",6606,401585330,"2024",1,27.459060435492,1,"ThreePoint",5,1,1,1,3
"1057","Damian Lillard",6606,401585330,"2024",1,23.0217288664427,1,"ThreePoint",6,1,1,1,3
"1058","Damian Lillard",6606,401585330,"2024",1,1.4142135623731,1,"Close",7,1,1,1,3
"1059","Damian Lillard",6606,401585330,"2024",0,19.4164878389476,1,"Midrange",8,1,1,1,3
"1060","Damian Lillard",6606,401585330,"2024",1,1.4142135623731,0,"Close",9,0,1,1,2
"1061","Damian Lillard",6606,401585330,"2024",1,26.4196896272458,0,"ThreePoint",10,1,0,1,2
"1062","Damian Lillard",6606,401585330,"2024",1,22.0907220343745,0,"ThreePoint",11,1,1,0,2
"1063","Damian Lillard",6606,401752956,"2025",0,29.6816441593117,0,"ThreePoint",1,NA,NA,NA,NA
"1064","Damian Lillard",6606,401752956,"2025",1,28.0178514522438,0,"ThreePoint",2,0,NA,NA,NA
"1065","Damian Lillard",6606,401752956,"2025",1,27.7848879788996,0,"ThreePoint",3,1,0,NA,NA
"1066","Damian Lillard",6606,401752956,"2025",0,17.464249196573,0,"Midrange",4,1,1,0,2
"1067","Damian Lillard",6606,401752956,"2025",1,27.8926513619627,0,"ThreePoint",5,0,1,1,2
"1068","Darius Garland",4396907,401410564,"2022",0,2.23606797749979,0,"Close",1,NA,NA,NA,NA
"1069","Darius Garland",4396907,401410564,"2022",0,25.0599281722833,0,"ThreePoint",2,0,NA,NA,NA
"1070","Darius Garland",4396907,401410564,"2022",1,2,0,"Close",3,0,0,NA,NA
"1071","Darius Garland",4396907,401410564,"2022",1,1,0,"Close",4,1,0,0,1
"1072","Darius Garland",4396907,401410564,"2022",1,23,0,"ThreePoint",5,1,1,0,2
"1073","Darius Garland",4396907,401410564,"2022",0,14.0356688476182,1,"Midrange",6,1,1,1,3
"1074","Darius Garland",4396907,401410564,"2022",1,35.0142828000232,0,"ThreePoint",7,0,1,1,2
"1075","Darius Garland",4396907,401410564,"2022",0,33.1209903233584,0,"ThreePoint",8,1,0,1,2
"1076","Darius Garland",4396907,401410564,"2022",0,5,0,"Close",9,0,1,0,1
"1077","Darius Garland",4396907,401410564,"2022",1,27.8028775489157,0,"ThreePoint",10,0,0,1,1
"1078","Darius Garland",4396907,401410564,"2022",0,29.698484809835,0,"ThreePoint",11,1,0,0,1
"1079","Darius Garland",4396907,401410564,"2022",0,27,0,"ThreePoint",12,0,1,0,1
"1080","De'Aaron Fox",4066259,401267361,"2021",1,1,0,"Close",1,NA,NA,NA,NA
"1081","De'Aaron Fox",4066259,401267361,"2021",0,23.0217288664427,0,"ThreePoint",2,1,NA,NA,NA
"1082","De'Aaron Fox",4066259,401267361,"2021",0,23.4093998214393,0,"ThreePoint",3,0,1,NA,NA
"1083","De'Aaron Fox",4066259,401267361,"2021",0,24.5967477524977,0,"ThreePoint",4,0,0,1,1
"1084","De'Aaron Fox",4066259,401267361,"2021",1,1,0,"Close",5,0,0,0,0
"1085","De'Aaron Fox",4066259,401267361,"2021",1,1.4142135623731,0,"Close",6,1,0,0,1
"1086","De'Aaron Fox",4066259,401267361,"2021",1,1.4142135623731,0,"Close",7,1,1,0,2
"1087","De'Aaron Fox",4066259,401267361,"2021",1,3.60555127546399,1,"Close",8,1,1,1,3
"1088","De'Aaron Fox",4066259,401267361,"2021",1,25.7099202643649,1,"ThreePoint",9,1,1,1,3
"1089","De'Aaron Fox",4066259,401267361,"2021",1,1,1,"Close",10,1,1,1,3
"1090","De'Aaron Fox",4066259,401267361,"2021",1,11.4017542509914,1,"Midrange",11,1,1,1,3
"1091","De'Aaron Fox",4066259,401267361,"2021",1,26.0192236625154,1,"ThreePoint",12,1,1,1,3
"1092","De'Aaron Fox",4066259,401267361,"2021",0,26.0768096208106,1,"ThreePoint",13,1,1,1,3
"1093","De'Aaron Fox",4066259,401267361,"2021",1,6,0,"Close",14,0,1,1,2
"1094","De'Aaron Fox",4066259,401267361,"2021",1,25.4950975679639,0,"ThreePoint",15,1,0,1,2
"1095","De'Aaron Fox",4066259,401267361,"2021",0,3.16227766016838,0,"Close",16,1,1,0,2
"1096","De'Aaron Fox",4066259,401267361,"2021",0,25.5538646783613,0,"ThreePoint",17,0,1,1,2
"1097","De'Aaron Fox",4066259,401267361,"2021",1,2,0,"Close",18,0,0,1,1
"1098","De'Aaron Fox",4066259,401267361,"2021",1,14.0356688476182,0,"Midrange",19,1,0,0,1
"1099","De'Aaron Fox",4066259,401267361,"2021",1,9.89949493661167,0,"Midrange",20,1,1,0,2
"1100","De'Aaron Fox",4066259,401267361,"2021",0,26.4007575648882,1,"ThreePoint",21,1,1,1,3
"1101","De'Aaron Fox",4066259,401267361,"2021",0,17.8044938147649,0,"Midrange",22,0,1,1,2
"1102","De'Aaron Fox",4066259,401267361,"2021",0,9.21954445729289,0,"Midrange",23,0,0,1,1
"1103","De'Aaron Fox",4066259,401267361,"2021",1,2.23606797749979,0,"Close",24,0,0,0,0
"1104","De'Aaron Fox",4066259,401267361,"2021",0,26.1725046566048,0,"ThreePoint",25,1,0,0,1
"1105","De'Aaron Fox",4066259,401267361,"2021",1,9.21954445729289,0,"Midrange",26,0,1,0,1
"1106","De'Aaron Fox",4066259,401267361,"2021",1,7.21110255092798,0,"Close",27,1,0,1,2
"1107","De'Aaron Fox",4066259,401307518,"2021",0,16.2788205960997,0,"Midrange",1,NA,NA,NA,NA
"1108","De'Aaron Fox",4066259,401307518,"2021",0,1,0,"Close",2,0,NA,NA,NA
"1109","De'Aaron Fox",4066259,401307518,"2021",0,25.6320112359526,0,"ThreePoint",3,0,0,NA,NA
"1110","De'Aaron Fox",4066259,401307518,"2021",0,1.4142135623731,0,"Close",4,0,0,0,0
"1111","De'Aaron Fox",4066259,401307518,"2021",1,25.5538646783613,0,"ThreePoint",5,0,0,0,0
"1112","De'Aaron Fox",4066259,401307518,"2021",0,12.0830459735946,0,"Midrange",6,1,0,0,1
"1113","De'Aaron Fox",4066259,401307518,"2021",1,0,0,"Close",7,0,1,0,1
"1114","De'Aaron Fox",4066259,401307518,"2021",1,12.1655250605964,0,"Midrange",8,1,0,1,2
"1115","De'Aaron Fox",4066259,401307518,"2021",0,8.06225774829855,0,"Midrange",9,1,1,0,2
"1116","De'Aaron Fox",4066259,401307518,"2021",0,15.8113883008419,0,"Midrange",10,0,1,1,2
"1117","De'Aaron Fox",4066259,401307518,"2021",0,26.2488094968134,0,"ThreePoint",11,0,0,1,1
"1118","De'Aaron Fox",4066259,401307518,"2021",1,17.464249196573,0,"Midrange",12,0,0,0,0
"1119","De'Aaron Fox",4066259,401307518,"2021",0,25.4950975679639,0,"ThreePoint",13,1,0,0,1
"1120","De'Aaron Fox",4066259,401307518,"2021",1,14.142135623731,0,"Midrange",14,0,1,0,1
"1121","De'Aaron Fox",4066259,401307518,"2021",1,1,0,"Close",15,1,0,1,2
"1122","De'Aaron Fox",4066259,401307518,"2021",0,1,0,"Close",16,1,1,0,2
"1123","De'Aaron Fox",4066259,401307518,"2021",1,2.23606797749979,0,"Close",17,0,1,1,2
"1124","De'Aaron Fox",4066259,401307518,"2021",0,26.9072480941474,0,"ThreePoint",18,1,0,1,2
"1125","De'Aaron Fox",4066259,401524696,"2023",0,1,0,"Close",1,NA,NA,NA,NA
"1126","De'Aaron Fox",4066259,401704775,"2025",0,26.4196896272458,0,"ThreePoint",1,NA,NA,NA,NA
"1127","De'Aaron Fox",4066259,401704775,"2025",1,10.1980390271856,0,"Midrange",2,0,NA,NA,NA
"1128","De'Aaron Fox",4066259,401704775,"2025",1,4.12310562561766,0,"Close",3,1,0,NA,NA
"1129","De'Aaron Fox",4066259,401704775,"2025",0,27.0185121722126,0,"ThreePoint",4,1,1,0,2
"1130","De'Aaron Fox",4066259,401704775,"2025",1,16.2788205960997,0,"Midrange",5,0,1,1,2
"1131","De'Aaron Fox",4066259,401704775,"2025",0,11.1803398874989,0,"Midrange",6,1,0,1,2
"1132","De'Aaron Fox",4066259,401704775,"2025",0,26.8328157299975,0,"ThreePoint",7,0,1,0,1
"1133","De'Aaron Fox",4066259,401704775,"2025",0,11.1803398874989,0,"Midrange",8,0,0,1,1
"1134","De'Aaron Fox",4066259,401704775,"2025",1,12,0,"Midrange",9,0,0,0,0
"1135","De'Aaron Fox",4066259,401704775,"2025",0,16.4924225024706,0,"Midrange",10,1,0,0,1
"1136","De'Aaron Fox",4066259,401704775,"2025",0,2,0,"Close",11,0,1,0,1
"1137","De'Aaron Fox",4066259,401704775,"2025",0,26.0768096208106,0,"ThreePoint",12,0,0,1,1
"1138","De'Aaron Fox",4066259,401704775,"2025",0,14.8660687473185,0,"Midrange",13,0,0,0,0
"1139","De'Aaron Fox",4066259,401704775,"2025",0,27.7848879788996,0,"ThreePoint",14,0,0,0,0
"1140","De'Aaron Fox",4066259,401704775,"2025",0,14.142135623731,0,"Midrange",15,0,0,0,0
"1141","De'Aaron Fox",4066259,401704775,"2025",0,20.0249843945008,0,"Midrange",16,0,0,0,0
"1142","De'Aaron Fox",4066259,401704775,"2025",0,27.2946881279124,0,"ThreePoint",17,0,0,0,0
"1143","De'Aaron Fox",4066259,401704775,"2025",1,16.2788205960997,0,"Midrange",18,0,0,0,0
"1144","De'Aaron Fox",4066259,401704775,"2025",1,3.16227766016838,0,"Close",19,1,0,0,1
"1145","De'Aaron Fox",4066259,401704775,"2025",1,12.1655250605964,0,"Midrange",20,1,1,0,2
"1146","De'Aaron Fox",4066259,401704775,"2025",1,17,1,"Midrange",21,1,1,1,3
"1147","De'Aaron Fox",4066259,401704775,"2025",1,11.4017542509914,1,"Midrange",22,1,1,1,3
"1148","De'Aaron Fox",4066259,401704775,"2025",1,20.6155281280883,1,"Midrange",23,1,1,1,3
"1149","DeMar DeRozan",3978,400935635,"2017",0,15.8113883008419,0,"Midrange",1,NA,NA,NA,NA
"1150","DeMar DeRozan",3978,400935635,"2017",1,0,0,"Close",2,0,NA,NA,NA
"1151","DeMar DeRozan",3978,400935635,"2017",1,1,0,"Close",3,1,0,NA,NA
"1152","DeMar DeRozan",3978,400935635,"2017",0,2,0,"Close",4,1,1,0,2
"1153","DeMar DeRozan",3978,400935635,"2017",1,2.23606797749979,0,"Close",5,0,1,1,2
"1154","DeMar DeRozan",3978,400935635,"2017",0,20.5182845286832,0,"Midrange",6,1,0,1,2
"1155","DeMar DeRozan",3978,400935635,"2017",1,2.23606797749979,0,"Close",7,0,1,0,1
"1156","DeMar DeRozan",3978,400935635,"2017",0,20.5182845286832,0,"Midrange",8,1,0,1,2
"1157","DeMar DeRozan",3978,400935635,"2017",1,0,0,"Close",9,0,1,0,1
"1158","DeMar DeRozan",3978,400935635,"2017",1,0,0,"Close",10,1,0,1,2
"1159","DeMar DeRozan",3978,400935635,"2017",0,3,0,"Close",11,1,1,0,2
"1160","DeMar DeRozan",3978,400935635,"2017",0,2,0,"Close",12,0,1,1,2
"1161","DeMar DeRozan",3978,400935635,"2017",0,19.0262975904404,0,"Midrange",13,0,0,1,1
"1162","DeMar DeRozan",3978,400935635,"2017",1,1,0,"Close",14,0,0,0,0
"1163","DeMar DeRozan",3978,400935635,"2017",1,2,0,"Close",15,1,0,0,1
"1164","DeMar DeRozan",3978,401161123,"2020",1,16.1245154965971,0,"Midrange",1,NA,NA,NA,NA
"1165","DeMar DeRozan",3978,401161123,"2020",1,1,0,"Close",2,1,NA,NA,NA
"1166","DeMar DeRozan",3978,401161123,"2020",1,7.21110255092798,0,"Close",3,1,1,NA,NA
"1167","DeMar DeRozan",3978,401161123,"2020",0,10.1980390271856,1,"Midrange",4,1,1,1,3
"1168","DeMar DeRozan",3978,401161123,"2020",1,1.4142135623731,0,"Close",5,0,1,1,2
"1169","DeMar DeRozan",3978,401161123,"2020",1,12.0415945787923,0,"Midrange",6,1,0,1,2
"1170","DeMar DeRozan",3978,401161123,"2020",1,9.05538513813742,0,"Midrange",7,1,1,0,2
"1171","DeMar DeRozan",3978,401161123,"2020",0,20,1,"Midrange",8,1,1,1,3
"1172","DeMar DeRozan",3978,401161123,"2020",1,1.4142135623731,0,"Close",9,0,1,1,2
"1173","DeMar DeRozan",3978,401161123,"2020",1,15.1327459504216,0,"Midrange",10,1,0,1,2
"1174","DeMar DeRozan",3978,401161123,"2020",1,3.60555127546399,0,"Close",11,1,1,0,2
"1175","DeMar DeRozan",3978,401161123,"2020",0,15.6524758424985,1,"Midrange",12,1,1,1,3
"1176","DeMar DeRozan",3978,401161123,"2020",1,10.1980390271856,0,"Midrange",13,0,1,1,2
"1177","DeMar DeRozan",3978,401161123,"2020",1,10.4403065089106,0,"Midrange",14,1,0,1,2
"1178","DeMar DeRozan",3978,401161123,"2020",1,17.0293863659264,0,"Midrange",15,1,1,0,2
"1179","DeMar DeRozan",3978,401161123,"2020",1,16.1554944214035,1,"Midrange",16,1,1,1,3
"1180","DeMar DeRozan",3978,401307518,"2021",0,1.4142135623731,0,"Close",1,NA,NA,NA,NA
"1181","DeMar DeRozan",3978,401307518,"2021",0,11.4017542509914,0,"Midrange",2,0,NA,NA,NA
"1182","DeMar DeRozan",3978,401307518,"2021",0,1.4142135623731,0,"Close",3,0,0,NA,NA
"1183","DeMar DeRozan",3978,401307518,"2021",1,16.4012194668567,0,"Midrange",4,0,0,0,0
"1184","DeMar DeRozan",3978,401307518,"2021",0,11.1803398874989,0,"Midrange",5,1,0,0,1
"1185","DeMar DeRozan",3978,401307518,"2021",1,1,0,"Close",6,0,1,0,1
"1186","DeMar DeRozan",3978,401307518,"2021",1,0,0,"Close",7,1,0,1,2
"1187","DeMar DeRozan",3978,401307518,"2021",0,6.40312423743285,0,"Close",8,1,1,0,2
"1188","DeMar DeRozan",3978,401307518,"2021",1,3.16227766016838,0,"Close",9,0,1,1,2
"1189","DeMar DeRozan",3978,401307518,"2021",1,6,0,"Close",10,1,0,1,2
"1190","DeMar DeRozan",3978,401307518,"2021",1,16.2788205960997,0,"Midrange",11,1,1,0,2
"1191","DeMar DeRozan",3978,401307518,"2021",1,18.3847763108502,1,"Midrange",12,1,1,1,3
"1192","DeMar DeRozan",3978,401307518,"2021",1,19.9248588451713,1,"Midrange",13,1,1,1,3
"1193","DeMar DeRozan",3978,401307518,"2021",1,15.0332963783729,1,"Midrange",14,1,1,1,3
"1194","DeMar DeRozan",3978,401307518,"2021",0,11.1803398874989,1,"Midrange",15,1,1,1,3
"1195","DeMar DeRozan",3978,401307518,"2021",1,1,0,"Close",16,0,1,1,2
"1196","DeMar DeRozan",3978,401307518,"2021",0,16.2788205960997,0,"Midrange",17,1,0,1,2
"1197","DeMar DeRozan",3978,401307518,"2021",0,2,0,"Close",18,0,1,0,1
"1198","DeMar DeRozan",3978,401307518,"2021",1,10.6301458127346,0,"Midrange",19,0,0,1,1
"1199","DeMar DeRozan",3978,401307518,"2021",1,13.4164078649987,0,"Midrange",20,1,0,0,1
"1200","DeMar DeRozan",3978,401360680,"2022",0,20.6155281280883,0,"Midrange",1,NA,NA,NA,NA
"1201","DeMar DeRozan",3978,401360680,"2022",1,14.8660687473185,0,"Midrange",2,0,NA,NA,NA
"1202","DeMar DeRozan",3978,401360680,"2022",0,2.82842712474619,0,"Close",3,1,0,NA,NA
"1203","DeMar DeRozan",3978,401360680,"2022",0,12.0415945787923,0,"Midrange",4,0,1,0,1
"1204","DeMar DeRozan",3978,401360680,"2022",0,12.6491106406735,0,"Midrange",5,0,0,1,1
"1205","DeMar DeRozan",3978,401360680,"2022",0,7.28010988928052,0,"Close",6,0,0,0,0
"1206","DeMar DeRozan",3978,401360680,"2022",1,15,0,"Midrange",7,0,0,0,0
"1207","DeMar DeRozan",3978,401360680,"2022",1,11.7046999107196,0,"Midrange",8,1,0,0,1
"1208","DeMar DeRozan",3978,401360680,"2022",1,0,0,"Close",9,1,1,0,2
"1209","DeMar DeRozan",3978,401360680,"2022",1,1,1,"Close",10,1,1,1,3
"1210","DeMar DeRozan",3978,401360680,"2022",1,13.3416640641263,1,"Midrange",11,1,1,1,3
"1211","DeMar DeRozan",3978,401360680,"2022",0,10.6301458127346,1,"Midrange",12,1,1,1,3
"1212","DeMar DeRozan",3978,401360680,"2022",0,23.5372045918796,0,"ThreePoint",13,0,1,1,2
"1213","DeMar DeRozan",3978,401360680,"2022",1,1,0,"Close",14,0,0,1,1
"1214","DeMar DeRozan",3978,401360680,"2022",1,19.1049731745428,0,"Midrange",15,1,0,0,1
"1215","DeMar DeRozan",3978,401360680,"2022",1,2.23606797749979,0,"Close",16,1,1,0,2
"1216","DeMar DeRozan",3978,401360680,"2022",1,1,1,"Close",17,1,1,1,3
"1217","DeMar DeRozan",3978,401360680,"2022",1,17.0880074906351,1,"Midrange",18,1,1,1,3
"1218","DeMar DeRozan",3978,401360680,"2022",1,1.4142135623731,1,"Close",19,1,1,1,3
"1219","DeMar DeRozan",3978,401360680,"2022",1,20.2484567313166,1,"Midrange",20,1,1,1,3
"1220","DeMar DeRozan",3978,401360680,"2022",1,1.4142135623731,1,"Close",21,1,1,1,3
"1221","DeMar DeRozan",3978,401360680,"2022",1,1.4142135623731,1,"Close",22,1,1,1,3
"1222","DeMar DeRozan",3978,401360680,"2022",1,21.2602916254693,1,"Midrange",23,1,1,1,3
"1223","DeMar DeRozan",3978,401360680,"2022",0,18.3847763108502,1,"Midrange",24,1,1,1,3
"1224","DeMar DeRozan",3978,401360901,"2022",0,23.0217288664427,0,"ThreePoint",1,NA,NA,NA,NA
"1225","DeMar DeRozan",3978,401360901,"2022",1,18.3575597506858,0,"Midrange",2,0,NA,NA,NA
"1226","DeMar DeRozan",3978,401360901,"2022",0,15.2643375224737,0,"Midrange",3,1,0,NA,NA
"1227","DeMar DeRozan",3978,401360901,"2022",0,10.0498756211209,0,"Midrange",4,0,1,0,1
"1228","DeMar DeRozan",3978,401360901,"2022",0,36.3455636907725,0,"ThreePoint",5,0,0,1,1
"1229","DeMar DeRozan",3978,401360901,"2022",0,15.52417469626,0,"Midrange",6,0,0,0,0
"1230","DeMar DeRozan",3978,401360901,"2022",0,20.2484567313166,0,"Midrange",7,0,0,0,0
"1231","DeMar DeRozan",3978,401360901,"2022",1,24.4131112314674,0,"ThreePoint",8,0,0,0,0
"1232","DeMar DeRozan",3978,401360901,"2022",0,15.8113883008419,0,"Midrange",9,1,0,0,1
"1233","DeMar DeRozan",3978,401360901,"2022",0,5,0,"Close",10,0,1,0,1
"1234","DeMar DeRozan",3978,401360901,"2022",0,23.0217288664427,0,"ThreePoint",11,0,0,1,1
"1235","DeMar DeRozan",3978,401360901,"2022",1,9.4339811320566,0,"Midrange",12,0,0,0,0
"1236","DeMar DeRozan",3978,401360901,"2022",0,2.23606797749979,0,"Close",13,1,0,0,1
"1237","DeMar DeRozan",3978,401360901,"2022",1,2.23606797749979,0,"Close",14,0,1,0,1
"1238","DeMar DeRozan",3978,401360901,"2022",0,15,0,"Midrange",15,1,0,1,2
"1239","DeMar DeRozan",3978,401360901,"2022",0,3.60555127546399,0,"Close",16,0,1,0,1
"1240","DeMar DeRozan",3978,401360901,"2022",1,19.4164878389476,0,"Midrange",17,0,0,1,1
"1241","DeMar DeRozan",3978,401360901,"2022",1,14.3178210632764,0,"Midrange",18,1,0,0,1
"1242","DeMar DeRozan",3978,401360901,"2022",1,17,0,"Midrange",19,1,1,0,2
"1243","DeMar DeRozan",3978,401360901,"2022",1,2,1,"Close",20,1,1,1,3
"1244","DeMar DeRozan",3978,401360901,"2022",1,19.4164878389476,1,"Midrange",21,1,1,1,3
"1245","DeMar DeRozan",3978,401360901,"2022",1,0,1,"Close",22,1,1,1,3
"1246","DeMar DeRozan",3978,401360901,"2022",0,25.8069758011279,1,"ThreePoint",23,1,1,1,3
"1247","DeMar DeRozan",3978,401360951,"2022",0,10.1980390271856,0,"Midrange",1,NA,NA,NA,NA
"1248","DeMar DeRozan",3978,401360951,"2022",1,24.0208242989286,0,"ThreePoint",2,0,NA,NA,NA
"1249","DeMar DeRozan",3978,401360951,"2022",0,10,0,"Midrange",3,1,0,NA,NA
"1250","DeMar DeRozan",3978,401360951,"2022",0,18.0277563773199,0,"Midrange",4,0,1,0,1
"1251","DeMar DeRozan",3978,401360951,"2022",0,18.0277563773199,0,"Midrange",5,0,0,1,1
"1252","DeMar DeRozan",3978,401360951,"2022",0,16.6433169770932,0,"Midrange",6,0,0,0,0
"1253","DeMar DeRozan",3978,401360951,"2022",0,9.4339811320566,0,"Midrange",7,0,0,0,0
"1254","DeMar DeRozan",3978,401360951,"2022",1,3.16227766016838,0,"Close",8,0,0,0,0
"1255","DeMar DeRozan",3978,401360951,"2022",0,21.095023109729,0,"Midrange",9,1,0,0,1
"1256","DeMar DeRozan",3978,401360951,"2022",0,16.1245154965971,0,"Midrange",10,0,1,0,1
"1257","DeMar DeRozan",3978,401360951,"2022",0,7.81024967590665,0,"Close",11,0,0,1,1
"1258","DeMar DeRozan",3978,401360951,"2022",0,47.169905660283,0,"ThreePoint",12,0,0,0,0
"1259","DeMar DeRozan",3978,401360951,"2022",1,6.08276253029822,0,"Close",13,0,0,0,0
"1260","DeMar DeRozan",3978,401360951,"2022",0,12.5299640861417,0,"Midrange",14,1,0,0,1
"1261","DeMar DeRozan",3978,401360951,"2022",0,7.61577310586391,0,"Close",15,0,1,0,1
"1262","DeMar DeRozan",3978,401360951,"2022",1,12.5299640861417,0,"Midrange",16,0,0,1,1
"1263","DeMar DeRozan",3978,401360951,"2022",1,4.47213595499958,0,"Close",17,1,0,0,1
"1264","DeMar DeRozan",3978,401360951,"2022",0,6.70820393249937,0,"Close",18,1,1,0,2
"1265","DeMar DeRozan",3978,401360951,"2022",1,6.70820393249937,0,"Close",19,0,1,1,2
"1266","DeMar DeRozan",3978,401360951,"2022",0,15.1327459504216,0,"Midrange",20,1,0,1,2
"1267","DeMar DeRozan",3978,401360951,"2022",0,7.07106781186548,0,"Close",21,0,1,0,1
"1268","DeMar DeRozan",3978,401360951,"2022",1,17.7200451466693,0,"Midrange",22,0,0,1,1
"1269","DeMar DeRozan",3978,401360951,"2022",1,17.464249196573,0,"Midrange",23,1,0,0,1
"1270","DeMar DeRozan",3978,401360951,"2022",1,15.6204993518133,0,"Midrange",24,1,1,0,2
"1271","DeMar DeRozan",3978,401360951,"2022",1,4,1,"Close",25,1,1,1,3
"1272","DeMar DeRozan",3978,401360951,"2022",1,3.16227766016838,1,"Close",26,1,1,1,3
"1273","DeMar DeRozan",3978,401360951,"2022",1,18.4390889145858,1,"Midrange",27,1,1,1,3
"1274","DeMar DeRozan",3978,401410564,"2022",1,20.2484567313166,0,"Midrange",1,NA,NA,NA,NA
"1275","DeMar DeRozan",3978,401410564,"2022",1,1,0,"Close",2,1,NA,NA,NA
"1276","DeMar DeRozan",3978,401410564,"2022",0,16.7630546142402,0,"Midrange",3,1,1,NA,NA
"1277","DeMar DeRozan",3978,401410564,"2022",0,20.0249843945008,0,"Midrange",4,0,1,1,2
"1278","DeMar DeRozan",3978,401410564,"2022",0,2,0,"Close",5,0,0,1,1
"1279","DeMar DeRozan",3978,401410564,"2022",1,2.23606797749979,0,"Close",6,0,0,0,0
"1280","DeMar DeRozan",3978,401410564,"2022",0,22.3606797749979,0,"ThreePoint",7,1,0,0,1
"1281","DeMar DeRozan",3978,401410564,"2022",1,17.0293863659264,0,"Midrange",8,0,1,0,1
"1282","DeMar DeRozan",3978,401468707,"2023",1,23.5372045918796,0,"ThreePoint",1,NA,NA,NA,NA
"1283","DeMar DeRozan",3978,401468707,"2023",1,17.7200451466693,0,"Midrange",2,1,NA,NA,NA
"1284","DeMar DeRozan",3978,401468707,"2023",0,12.6491106406735,0,"Midrange",3,1,1,NA,NA
"1285","DeMar DeRozan",3978,401468707,"2023",1,17.2046505340853,0,"Midrange",4,0,1,1,2
"1286","DeMar DeRozan",3978,401468707,"2023",0,14.0356688476182,0,"Midrange",5,1,0,1,2
"1287","DeMar DeRozan",3978,401468707,"2023",0,15.2315462117278,0,"Midrange",6,0,1,0,1
"1288","DeMar DeRozan",3978,401468707,"2023",1,15.1327459504216,0,"Midrange",7,0,0,1,1
"1289","DeMar DeRozan",3978,401468707,"2023",0,13.1529464379659,0,"Midrange",8,1,0,0,1
"1290","DeMar DeRozan",3978,401468707,"2023",1,12.6491106406735,0,"Midrange",9,0,1,0,1
"1291","DeMar DeRozan",3978,401468707,"2023",0,16.7630546142402,0,"Midrange",10,1,0,1,2
"1292","DeMar DeRozan",3978,401468707,"2023",0,12.1655250605964,0,"Midrange",11,0,1,0,1
"1293","DeMar DeRozan",3978,401468707,"2023",0,25.298221281347,0,"ThreePoint",12,0,0,1,1
"1294","DeMar DeRozan",3978,401468707,"2023",1,20.0249843945008,0,"Midrange",13,0,0,0,0
"1295","DeMar DeRozan",3978,401468707,"2023",1,17.0293863659264,0,"Midrange",14,1,0,0,1
"1296","DeMar DeRozan",3978,401468707,"2023",0,23.0867927612304,0,"ThreePoint",15,1,1,0,2
"1297","DeMar DeRozan",3978,401468707,"2023",1,1,0,"Close",16,0,1,1,2
"1298","DeMar DeRozan",3978,401468707,"2023",0,3.60555127546399,0,"Close",17,1,0,1,2
"1299","DeMar DeRozan",3978,401468707,"2023",0,4.12310562561766,0,"Close",18,0,1,0,1
"1300","DeMar DeRozan",3978,401468707,"2023",1,2.82842712474619,0,"Close",19,0,0,1,1
"1301","DeMar DeRozan",3978,401468707,"2023",1,5.3851648071345,0,"Close",20,1,0,0,1
"1302","DeMar DeRozan",3978,401468707,"2023",0,10.4403065089106,0,"Midrange",21,1,1,0,2
"1303","DeMar DeRozan",3978,401468707,"2023",0,17.2626765016321,0,"Midrange",22,0,1,1,2
"1304","DeMar DeRozan",3978,401468707,"2023",1,12.0830459735946,0,"Midrange",23,0,0,1,1
"1305","DeMar DeRozan",3978,401468707,"2023",1,16.1554944214035,0,"Midrange",24,1,0,0,1
"1306","DeMar DeRozan",3978,401468707,"2023",1,5.09901951359278,0,"Close",25,1,1,0,2
"1307","DeMar DeRozan",3978,401468707,"2023",0,20.6155281280883,1,"Midrange",26,1,1,1,3
"1308","DeMar DeRozan",3978,401468707,"2023",1,10.1980390271856,0,"Midrange",27,0,1,1,2
"1309","DeMar DeRozan",3978,401468707,"2023",1,26.4007575648882,0,"ThreePoint",28,1,0,1,2
"1310","DeMar DeRozan",3978,401468707,"2023",0,26.4007575648882,0,"ThreePoint",29,1,1,0,2
"1311","DeMar DeRozan",3978,401468707,"2023",0,20.8806130178211,0,"Midrange",30,0,1,1,2
"1312","DeMar DeRozan",3978,401468707,"2023",1,16.2788205960997,0,"Midrange",31,0,0,1,1
"1313","DeMar DeRozan",3978,401468707,"2023",0,27.1661554144122,0,"ThreePoint",32,1,0,0,1
"1314","DeMar DeRozan",3978,401469105,"2023",1,20.0249843945008,0,"Midrange",1,NA,NA,NA,NA
"1315","DeMar DeRozan",3978,401469105,"2023",1,19.2353840616713,0,"Midrange",2,1,NA,NA,NA
"1316","DeMar DeRozan",3978,401469105,"2023",1,14.0356688476182,0,"Midrange",3,1,1,NA,NA
"1317","DeMar DeRozan",3978,401469105,"2023",0,17.6918060129541,1,"Midrange",4,1,1,1,3
"1318","DeMar DeRozan",3978,401469105,"2023",1,12.6491106406735,0,"Midrange",5,0,1,1,2
"1319","DeMar DeRozan",3978,401469105,"2023",1,19.723082923316,0,"Midrange",6,1,0,1,2
"1320","DeMar DeRozan",3978,401469105,"2023",1,20.2484567313166,0,"Midrange",7,1,1,0,2
"1321","DeMar DeRozan",3978,401469105,"2023",0,18.7882942280559,1,"Midrange",8,1,1,1,3
"1322","DeMar DeRozan",3978,401469105,"2023",1,23,0,"ThreePoint",9,0,1,1,2
"1323","DeMar DeRozan",3978,401469105,"2023",0,20.8806130178211,0,"Midrange",10,1,0,1,2
"1324","DeMar DeRozan",3978,401469105,"2023",1,19,0,"Midrange",11,0,1,0,1
"1325","DeMar DeRozan",3978,401469105,"2023",1,14.142135623731,0,"Midrange",12,1,0,1,2
"1326","DeMar DeRozan",3978,401469105,"2023",1,18.6815416922694,0,"Midrange",13,1,1,0,2
"1327","DeMar DeRozan",3978,401469105,"2023",0,1,1,"Close",14,1,1,1,3
"1328","DeMar DeRozan",3978,401469105,"2023",1,1,0,"Close",15,0,1,1,2
"1329","DeMar DeRozan",3978,401469105,"2023",1,18.6815416922694,0,"Midrange",16,1,0,1,2
"1330","DeMar DeRozan",3978,401469105,"2023",1,17.4928556845359,0,"Midrange",17,1,1,0,2
"1331","DeMar DeRozan",3978,401469105,"2023",0,18.9736659610103,1,"Midrange",18,1,1,1,3
"1332","DeMar DeRozan",3978,401524696,"2023",1,2.82842712474619,0,"Close",1,NA,NA,NA,NA
"1333","DeMar DeRozan",3978,401524696,"2023",1,19.7989898732233,0,"Midrange",2,1,NA,NA,NA
"1334","DeMar DeRozan",3978,401524696,"2023",1,21.095023109729,0,"Midrange",3,1,1,NA,NA
"1335","DeMar DeRozan",3978,401524696,"2023",0,14.0356688476182,1,"Midrange",4,1,1,1,3
"1336","DeMar DeRozan",3978,401524696,"2023",1,21.2602916254693,0,"Midrange",5,0,1,1,2
"1337","DeMar DeRozan",3978,401524696,"2023",0,22.6274169979695,0,"ThreePoint",6,1,0,1,2
"1338","DeMar DeRozan",3978,401704775,"2025",0,9.05538513813742,0,"Midrange",1,NA,NA,NA,NA
"1339","DeMar DeRozan",3978,401704775,"2025",0,22.0907220343745,0,"ThreePoint",2,0,NA,NA,NA
"1340","DeMar DeRozan",3978,401704775,"2025",1,11,0,"Midrange",3,0,0,NA,NA
"1341","DeMar DeRozan",3978,401704775,"2025",0,8.06225774829855,0,"Midrange",4,1,0,0,1
"1342","DeMar DeRozan",3978,401704775,"2025",1,1,0,"Close",5,0,1,0,1
"1343","DeMar DeRozan",3978,401704775,"2025",1,12.1655250605964,0,"Midrange",6,1,0,1,2
"1344","DeMar DeRozan",3978,401704775,"2025",0,10.1980390271856,0,"Midrange",7,1,1,0,2
"1345","DeMar DeRozan",3978,401704775,"2025",0,12.1655250605964,0,"Midrange",8,0,1,1,2
"1346","DeMar DeRozan",3978,401704775,"2025",0,12.0830459735946,0,"Midrange",9,0,0,1,1
"1347","DeMar DeRozan",3978,401704775,"2025",1,13.9283882771841,0,"Midrange",10,0,0,0,0
"1348","DeMar DeRozan",3978,401704775,"2025",0,13.0384048104053,0,"Midrange",11,1,0,0,1
"1349","DeMar DeRozan",3978,401704775,"2025",0,7.81024967590665,0,"Close",12,0,1,0,1
"1350","DeMar DeRozan",3978,401704775,"2025",1,7.61577310586391,0,"Close",13,0,0,1,1
"1351","DeMar DeRozan",3978,401704775,"2025",0,23.8537208837531,0,"ThreePoint",14,1,0,0,1
"1352","DeMar DeRozan",3978,401704775,"2025",0,11.1803398874989,0,"Midrange",15,0,1,0,1
"1353","DeMar DeRozan",3978,401704775,"2025",1,9.8488578017961,0,"Midrange",16,0,0,1,1
"1354","DeMar DeRozan",3978,401704775,"2025",1,28.2311884269862,0,"ThreePoint",17,1,0,0,1
"1355","DeMar DeRozan",3978,401704775,"2025",1,13.0384048104053,0,"Midrange",18,1,1,0,2
"1356","DeMar DeRozan",3978,401704775,"2025",1,8.94427190999916,1,"Midrange",19,1,1,1,3
"1357","DeMar DeRozan",3978,401704775,"2025",1,19.1049731745428,1,"Midrange",20,1,1,1,3
"1358","DeMar DeRozan",3978,401704775,"2025",1,1.4142135623731,1,"Close",21,1,1,1,3
"1359","DeMar DeRozan",3978,401704775,"2025",1,18.3847763108502,1,"Midrange",22,1,1,1,3
"1360","DeMar DeRozan",3978,401704775,"2025",1,10.0498756211209,1,"Midrange",23,1,1,1,3
"1361","DeMar DeRozan",3978,401704775,"2025",1,9.05538513813742,1,"Midrange",24,1,1,1,3
"1362","DeMar DeRozan",3978,401704775,"2025",0,14.560219778561,1,"Midrange",25,1,1,1,3
"1363","DeMarcus Cousins",4258,400935635,"2017",1,32.0156211871642,0,"ThreePoint",1,NA,NA,NA,NA
"1364","DeMarcus Cousins",4258,400935635,"2017",0,33.2866339541865,0,"ThreePoint",2,1,NA,NA,NA
"1365","DeMarcus Cousins",4258,400935635,"2017",0,29.0688837074973,0,"ThreePoint",3,0,1,NA,NA
"1366","Dejounte Murray",3907497,401267322,"2021",0,14,0,"Midrange",1,NA,NA,NA,NA
"1367","Dejounte Murray",3907497,401267322,"2021",0,11.7046999107196,0,"Midrange",2,0,NA,NA,NA
"1368","Dejounte Murray",3907497,401267322,"2021",0,1.4142135623731,0,"Close",3,0,0,NA,NA
"1369","Dejounte Murray",3907497,401267322,"2021",0,25.8069758011279,0,"ThreePoint",4,0,0,0,0
"1370","Dejounte Murray",3907497,401267322,"2021",0,15.6524758424985,0,"Midrange",5,0,0,0,0
"1371","Dejounte Murray",3907497,401267322,"2021",1,14.0356688476182,0,"Midrange",6,0,0,0,0
"1372","Dejounte Murray",3907497,401267322,"2021",0,6.70820393249937,0,"Close",7,1,0,0,1
"1373","Dejounte Murray",3907497,401267322,"2021",0,5.09901951359278,0,"Close",8,0,1,0,1
"1374","Dejounte Murray",3907497,401267322,"2021",1,2.23606797749979,0,"Close",9,0,0,1,1
"1375","Dejounte Murray",3907497,401267322,"2021",1,16.9705627484771,0,"Midrange",10,1,0,0,1
"1376","Dejounte Murray",3907497,401267322,"2021",1,15.2315462117278,0,"Midrange",11,1,1,0,2
"1377","Dejounte Murray",3907497,401267322,"2021",1,15.52417469626,1,"Midrange",12,1,1,1,3
"1378","Dejounte Murray",3907497,401267322,"2021",1,17.4928556845359,1,"Midrange",13,1,1,1,3
"1379","Dejounte Murray",3907497,401307518,"2021",1,25.0798724079689,0,"ThreePoint",1,NA,NA,NA,NA
"1380","Dejounte Murray",3907497,401307518,"2021",1,1,0,"Close",2,1,NA,NA,NA
"1381","Dejounte Murray",3907497,401307518,"2021",0,12.0415945787923,0,"Midrange",3,1,1,NA,NA
"1382","Dejounte Murray",3907497,401307518,"2021",0,24.5153013442625,0,"ThreePoint",4,0,1,1,2
"1383","Dejounte Murray",3907497,401307518,"2021",0,25.6124969497314,0,"ThreePoint",5,0,0,1,1
"1384","Dejounte Murray",3907497,401307518,"2021",1,14.142135623731,0,"Midrange",6,0,0,0,0
"1385","Dejounte Murray",3907497,401307518,"2021",1,1,0,"Close",7,1,0,0,1
"1386","Dejounte Murray",3907497,401307518,"2021",0,11,0,"Midrange",8,1,1,0,2
"1387","Dejounte Murray",3907497,401307518,"2021",0,5.3851648071345,0,"Close",9,0,1,1,2
"1388","Dejounte Murray",3907497,401307518,"2021",0,13.4164078649987,0,"Midrange",10,0,0,1,1
"1389","Dejounte Murray",3907497,401307518,"2021",0,1.4142135623731,0,"Close",11,0,0,0,0
"1390","Dejounte Murray",3907497,401360680,"2022",1,1.4142135623731,0,"Close",1,NA,NA,NA,NA
"1391","Dejounte Murray",3907497,401360680,"2022",0,26.9258240356725,0,"ThreePoint",2,1,NA,NA,NA
"1392","Dejounte Murray",3907497,401360680,"2022",0,7.07106781186548,0,"Close",3,0,1,NA,NA
"1393","Dejounte Murray",3907497,401360680,"2022",1,1.4142135623731,0,"Close",4,0,0,1,1
"1394","Dejounte Murray",3907497,401360680,"2022",0,16,0,"Midrange",5,1,0,0,1
"1395","Dejounte Murray",3907497,401360680,"2022",1,17.0293863659264,0,"Midrange",6,0,1,0,1
"1396","Dejounte Murray",3907497,401360680,"2022",1,2.23606797749979,0,"Close",7,1,0,1,2
"1397","Dejounte Murray",3907497,401360680,"2022",1,15.6524758424985,0,"Midrange",8,1,1,0,2
"1398","Dejounte Murray",3907497,401360680,"2022",0,2,1,"Close",9,1,1,1,3
"1399","Dejounte Murray",3907497,401360680,"2022",0,20.1246117974981,0,"Midrange",10,0,1,1,2
"1400","Dejounte Murray",3907497,401360680,"2022",1,0,0,"Close",11,0,0,1,1
"1401","Dejounte Murray",3907497,401360680,"2022",0,2.23606797749979,0,"Close",12,1,0,0,1
"1402","Dejounte Murray",3907497,401360680,"2022",1,1,0,"Close",13,0,1,0,1
"1403","Dejounte Murray",3907497,401360680,"2022",0,15.2315462117278,0,"Midrange",14,1,0,1,2
"1404","Dejounte Murray",3907497,401360680,"2022",0,6,0,"Close",15,0,1,0,1
"1405","Dejounte Murray",3907497,401360680,"2022",0,13.4536240470737,0,"Midrange",16,0,0,1,1
"1406","Dejounte Murray",3907497,401410564,"2022",0,16.4924225024706,0,"Midrange",1,NA,NA,NA,NA
"1407","Dejounte Murray",3907497,401410564,"2022",1,23.0217288664427,0,"ThreePoint",2,0,NA,NA,NA
"1408","Dejounte Murray",3907497,401410564,"2022",1,0,0,"Close",3,1,0,NA,NA
"1409","Dejounte Murray",3907497,401410564,"2022",1,0,0,"Close",4,1,1,0,2
"1410","Dejounte Murray",3907497,401410564,"2022",1,2,1,"Close",5,1,1,1,3
"1411","Dejounte Murray",3907497,401410564,"2022",1,16.6433169770932,1,"Midrange",6,1,1,1,3
"1412","Dejounte Murray",3907497,401410564,"2022",1,1,1,"Close",7,1,1,1,3
"1413","Dejounte Murray",3907497,401410564,"2022",0,25.9615099714943,1,"ThreePoint",8,1,1,1,3
"1414","Dejounte Murray",3907497,401410564,"2022",1,1.4142135623731,0,"Close",9,0,1,1,2
"1415","Dejounte Murray",3907497,401410564,"2022",0,23.5372045918796,0,"ThreePoint",10,1,0,1,2
"1416","Dejounte Murray",3907497,401410564,"2022",0,1,0,"Close",11,0,1,0,1
"1417","Dejounte Murray",3907497,401584732,"2024",0,24.8394846967484,0,"ThreePoint",1,NA,NA,NA,NA
"1418","Dejounte Murray",3907497,401584732,"2024",1,2.82842712474619,0,"Close",2,0,NA,NA,NA
"1419","Dejounte Murray",3907497,401584732,"2024",1,17.4928556845359,0,"Midrange",3,1,0,NA,NA
"1420","Dejounte Murray",3907497,401584732,"2024",1,25.4950975679639,0,"ThreePoint",4,1,1,0,2
"1421","Dejounte Murray",3907497,401584732,"2024",0,12,1,"Midrange",5,1,1,1,3
"1422","Dejounte Murray",3907497,401584732,"2024",1,1,0,"Close",6,0,1,1,2
"1423","Dejounte Murray",3907497,401584732,"2024",0,1.4142135623731,0,"Close",7,1,0,1,2
"1424","Dejounte Murray",3907497,401584732,"2024",1,19.1049731745428,0,"Midrange",8,0,1,0,1
"1425","Dejounte Murray",3907497,401584732,"2024",0,3.16227766016838,0,"Close",9,1,0,1,2
"1426","Dejounte Murray",3907497,401584732,"2024",0,17.1172427686237,0,"Midrange",10,0,1,0,1
"1427","Dejounte Murray",3907497,401584732,"2024",1,2.82842712474619,0,"Close",11,0,0,1,1
"1428","Dejounte Murray",3907497,401584732,"2024",1,12.8062484748657,0,"Midrange",12,1,0,0,1
"1429","Dejounte Murray",3907497,401584732,"2024",1,2,0,"Close",13,1,1,0,2
"1430","Dejounte Murray",3907497,401584732,"2024",1,16.1245154965971,1,"Midrange",14,1,1,1,3
"1431","Dejounte Murray",3907497,401584732,"2024",1,26.4196896272458,1,"ThreePoint",15,1,1,1,3
"1432","Dejounte Murray",3907497,401584732,"2024",1,16.4012194668567,1,"Midrange",16,1,1,1,3
"1433","Dejounte Murray",3907497,401584732,"2024",1,18.6815416922694,1,"Midrange",17,1,1,1,3
"1434","Dejounte Murray",3907497,401584732,"2024",1,26.4007575648882,1,"ThreePoint",18,1,1,1,3
"1435","Dejounte Murray",3907497,401584732,"2024",1,1.4142135623731,1,"Close",19,1,1,1,3
"1436","Dejounte Murray",3907497,401584732,"2024",1,3,1,"Close",20,1,1,1,3
"1437","Dejounte Murray",3907497,401584732,"2024",1,19.313207915828,1,"Midrange",21,1,1,1,3
"1438","Dejounte Murray",3907497,401584732,"2024",0,5.65685424949238,1,"Close",22,1,1,1,3
"1439","Dejounte Murray",3907497,401584732,"2024",0,25.2388589282479,0,"ThreePoint",23,0,1,1,2
"1440","Dejounte Murray",3907497,401584732,"2024",1,5.65685424949238,0,"Close",24,0,0,1,1
"1441","Dejounte Murray",3907497,401585262,"2024",0,26.4007575648882,0,"ThreePoint",1,NA,NA,NA,NA
"1442","Dejounte Murray",3907497,401585262,"2024",0,8.24621125123532,0,"Midrange",2,0,NA,NA,NA
"1443","Dejounte Murray",3907497,401585262,"2024",1,2.23606797749979,0,"Close",3,0,0,NA,NA
"1444","Dejounte Murray",3907497,401585262,"2024",1,11.1803398874989,0,"Midrange",4,1,0,0,1
"1445","Dejounte Murray",3907497,401585262,"2024",1,26.9258240356725,0,"ThreePoint",5,1,1,0,2
"1446","Dejounte Murray",3907497,401585262,"2024",1,19.6977156035922,1,"Midrange",6,1,1,1,3
"1447","Dejounte Murray",3907497,401585262,"2024",1,8.06225774829855,1,"Midrange",7,1,1,1,3
"1448","Dejounte Murray",3907497,401585262,"2024",0,12.1655250605964,1,"Midrange",8,1,1,1,3
"1449","Dejounte Murray",3907497,401585262,"2024",0,7.28010988928052,0,"Close",9,0,1,1,2
"1450","Dejounte Murray",3907497,401585262,"2024",0,25.6124969497314,0,"ThreePoint",10,0,0,1,1
"1451","Dejounte Murray",3907497,401585262,"2024",1,2.23606797749979,0,"Close",11,0,0,0,0
"1452","Dejounte Murray",3907497,401585262,"2024",1,24.5967477524977,0,"ThreePoint",12,1,0,0,1
"1453","Dejounte Murray",3907497,401585262,"2024",0,9.21954445729289,0,"Midrange",13,1,1,0,2
"1454","Dejounte Murray",3907497,401585262,"2024",1,24.6981780704569,0,"ThreePoint",14,0,1,1,2
"1455","Dejounte Murray",3907497,401585262,"2024",1,3.16227766016838,0,"Close",15,1,0,1,2
"1456","Dejounte Murray",3907497,401585262,"2024",0,25.0798724079689,0,"ThreePoint",16,1,1,0,2
"1457","Dejounte Murray",3907497,401585262,"2024",0,6.32455532033676,0,"Close",17,0,1,1,2
"1458","Dejounte Murray",3907497,401585262,"2024",0,26.1725046566048,0,"ThreePoint",18,0,0,1,1
"1459","Dennis Schroder",3032979,401160983,"2020",0,16.6433169770932,0,"Midrange",1,NA,NA,NA,NA
"1460","Dennis Schroder",3032979,401160983,"2020",0,10,0,"Midrange",2,0,NA,NA,NA
"1461","Dennis Schroder",3032979,401160983,"2020",1,1.4142135623731,0,"Close",3,0,0,NA,NA
"1462","Dennis Schroder",3032979,401160983,"2020",1,24.0831891575846,0,"ThreePoint",4,1,0,0,1
"1463","Dennis Schroder",3032979,401160983,"2020",0,2.82842712474619,0,"Close",5,1,1,0,2
"1464","Dennis Schroder",3032979,401160983,"2020",1,15.8113883008419,0,"Midrange",6,0,1,1,2
"1465","Dennis Schroder",3032979,401160983,"2020",1,25.8069758011279,0,"ThreePoint",7,1,0,1,2
"1466","Dennis Schroder",3032979,401160983,"2020",1,17.7200451466693,0,"Midrange",8,1,1,0,2
"1467","Dennis Schroder",3032979,401160983,"2020",0,2.82842712474619,1,"Close",9,1,1,1,3
"1468","Dennis Schroder",3032979,401160983,"2020",1,23,0,"ThreePoint",10,0,1,1,2
"1469","Dennis Schroder",3032979,401160983,"2020",0,26.6270539113887,0,"ThreePoint",11,1,0,1,2
"1470","Dennis Schroder",3032979,401160983,"2020",1,16.2788205960997,0,"Midrange",12,0,1,0,1
"1471","Dennis Schroder",3032979,401160983,"2020",0,17.4928556845359,0,"Midrange",13,1,0,1,2
"1472","Dennis Schroder",3032979,401160983,"2020",0,6.40312423743285,0,"Close",14,0,1,0,1
"1473","Dennis Smith Jr.",4065697,400975000,"2018",1,2.82842712474619,0,"Close",1,NA,NA,NA,NA
"1474","Dennis Smith Jr.",4065697,400975000,"2018",1,16.6433169770932,0,"Midrange",2,1,NA,NA,NA
"1475","Dennis Smith Jr.",4065697,400975000,"2018",1,15.556349186104,0,"Midrange",3,1,1,NA,NA
"1476","Dennis Smith Jr.",4065697,400975000,"2018",0,2,1,"Close",4,1,1,1,3
"1477","Dennis Smith Jr.",4065697,400975000,"2018",0,24.7588368062799,0,"ThreePoint",5,0,1,1,2
"1478","Dennis Smith Jr.",4065697,400975000,"2018",0,2,0,"Close",6,0,0,1,1
"1479","Dennis Smith Jr.",4065697,400975000,"2018",0,13.0384048104053,0,"Midrange",7,0,0,0,0
"1480","Dennis Smith Jr.",4065697,400975000,"2018",0,26.2488094968134,0,"ThreePoint",8,0,0,0,0
"1481","Dennis Smith Jr.",4065697,400975000,"2018",0,2.82842712474619,0,"Close",9,0,0,0,0
"1482","Dennis Smith Jr.",4065697,400975000,"2018",0,19.8494332412792,0,"Midrange",10,0,0,0,0
"1483","Dennis Smith Jr.",4065697,400975000,"2018",1,1.4142135623731,0,"Close",11,0,0,0,0
"1484","Dennis Smith Jr.",4065697,400975000,"2018",0,26.4007575648882,0,"ThreePoint",12,1,0,0,1
"1485","Dennis Smith Jr.",4065697,400975000,"2018",0,2.23606797749979,0,"Close",13,0,1,0,1
"1486","Dennis Smith Jr.",4065697,400975000,"2018",0,2.23606797749979,0,"Close",14,0,0,1,1
"1487","Dennis Smith Jr.",4065697,400975000,"2018",0,25.6124969497314,0,"ThreePoint",15,0,0,0,0
"1488","Dennis Smith Jr.",4065697,400975000,"2018",0,5.09901951359278,0,"Close",16,0,0,0,0
"1489","Derrick Rose",3456,400829078,"2016",0,2,0,"Close",1,NA,NA,NA,NA
"1490","Derrick Rose",3456,400829078,"2016",1,4.47213595499958,0,"Close",2,0,NA,NA,NA
"1491","Derrick Rose",3456,400829078,"2016",0,11.1803398874989,0,"Midrange",3,1,0,NA,NA
"1492","Derrick Rose",3456,400829078,"2016",1,11,0,"Midrange",4,0,1,0,1
"1493","Derrick Rose",3456,400829078,"2016",0,24.0831891575846,0,"ThreePoint",5,1,0,1,2
"1494","Derrick Rose",3456,400829078,"2016",0,13.6014705087354,0,"Midrange",6,0,1,0,1
"1495","Derrick Rose",3456,400829078,"2016",0,6.40312423743285,0,"Close",7,0,0,1,1
"1496","Derrick Rose",3456,400829078,"2016",0,12.1655250605964,0,"Midrange",8,0,0,0,0
"1497","Derrick Rose",3456,400829078,"2016",0,2.82842712474619,0,"Close",9,0,0,0,0
"1498","Derrick Rose",3456,400829078,"2016",0,18.0277563773199,0,"Midrange",10,0,0,0,0
"1499","Derrick Rose",3456,400829078,"2016",1,9.4339811320566,0,"Midrange",11,0,0,0,0
"1500","Derrick Rose",3456,400829078,"2016",1,14.422205101856,0,"Midrange",12,1,0,0,1
"1501","Derrick Rose",3456,400829078,"2016",1,18.4390889145858,0,"Midrange",13,1,1,0,2
"1502","Derrick Rose",3456,400829078,"2016",0,26.1725046566048,1,"ThreePoint",14,1,1,1,3
"1503","Desmond Bane",4066320,401360931,"2022",1,26.8328157299975,0,"ThreePoint",1,NA,NA,NA,NA
"1504","Desmond Bane",4066320,401360931,"2022",1,10.295630140987,0,"Midrange",2,1,NA,NA,NA
"1505","Desmond Bane",4066320,401360931,"2022",0,2.23606797749979,0,"Close",3,1,1,NA,NA
"1506","Desmond Bane",4066320,401360931,"2022",1,20.2484567313166,0,"Midrange",4,0,1,1,2
"1507","Desmond Bane",4066320,401360931,"2022",0,10.6301458127346,0,"Midrange",5,1,0,1,2
"1508","Desmond Bane",4066320,401360931,"2022",0,25.9422435421457,0,"ThreePoint",6,0,1,0,1
"1509","Desmond Bane",4066320,401360931,"2022",0,25.6124969497314,0,"ThreePoint",7,0,0,1,1
"1510","Desmond Bane",4066320,401360931,"2022",1,1.4142135623731,0,"Close",8,0,0,0,0
"1511","Desmond Bane",4066320,401360931,"2022",0,15.6204993518133,0,"Midrange",9,1,0,0,1
"1512","Desmond Bane",4066320,401360931,"2022",1,27.0739727413618,0,"ThreePoint",10,0,1,0,1
"1513","Desmond Bane",4066320,401360931,"2022",0,27.0739727413618,0,"ThreePoint",11,1,0,1,2
"1514","Desmond Bane",4066320,401360931,"2022",1,20.0249843945008,0,"Midrange",12,0,1,0,1
"1515","Desmond Bane",4066320,401360931,"2022",0,1.4142135623731,0,"Close",13,1,0,1,2
"1516","Desmond Bane",4066320,401360931,"2022",0,2.23606797749979,0,"Close",14,0,1,0,1
"1517","Desmond Bane",4066320,401360931,"2022",1,7.21110255092798,0,"Close",15,0,0,1,1
"1518","Desmond Bane",4066320,401360931,"2022",0,23.7697286480094,0,"ThreePoint",16,1,0,0,1
"1519","Desmond Bane",4066320,401360931,"2022",1,1.4142135623731,0,"Close",17,0,1,0,1
"1520","Desmond Bane",4066320,401360931,"2022",1,1,0,"Close",18,1,0,1,2
"1521","Desmond Bane",4066320,401360931,"2022",0,25.0798724079689,0,"ThreePoint",19,1,1,0,2
"1522","Devin Booker",3136193,400900448,"2017",0,23.8537208837531,0,"ThreePoint",1,NA,NA,NA,NA
"1523","Devin Booker",3136193,400900448,"2017",0,18.0277563773199,0,"Midrange",2,0,NA,NA,NA
"1524","Devin Booker",3136193,400900448,"2017",0,25.298221281347,0,"ThreePoint",3,0,0,NA,NA
"1525","Devin Booker",3136193,400900448,"2017",1,17.0880074906351,0,"Midrange",4,0,0,0,0
"1526","Devin Booker",3136193,400900448,"2017",1,12.0415945787923,0,"Midrange",5,1,0,0,1
"1527","Devin Booker",3136193,400900448,"2017",0,19.313207915828,0,"Midrange",6,1,1,0,2
"1528","Devin Booker",3136193,400900448,"2017",1,1.4142135623731,0,"Close",7,0,1,1,2
"1529","Devin Booker",3136193,400900448,"2017",0,2.23606797749979,0,"Close",8,1,0,1,2
"1530","Devin Booker",3136193,400900448,"2017",0,0,0,"Close",9,0,1,0,1
"1531","Devin Booker",3136193,400900448,"2017",1,15,0,"Midrange",10,0,0,1,1
"1532","Devin Booker",3136193,400900448,"2017",0,25.6124969497314,0,"ThreePoint",11,1,0,0,1
"1533","Devin Booker",3136193,400900448,"2017",0,6,0,"Close",12,0,1,0,1
"1534","Devin Booker",3136193,400900448,"2017",0,24.6981780704569,0,"ThreePoint",13,0,0,1,1
"1535","Devin Booker",3136193,400900448,"2017",0,16.1554944214035,0,"Midrange",14,0,0,0,0
"1536","Devin Booker",3136193,400900448,"2017",0,1,0,"Close",15,0,0,0,0
"1537","Devin Booker",3136193,400900448,"2017",0,16.2788205960997,0,"Midrange",16,0,0,0,0
"1538","Devin Booker",3136193,401410564,"2022",1,24.6981780704569,0,"ThreePoint",1,NA,NA,NA,NA
"1539","Devin Booker",3136193,401410564,"2022",1,1.4142135623731,0,"Close",2,1,NA,NA,NA
"1540","Devin Booker",3136193,401410564,"2022",0,26.1725046566048,0,"ThreePoint",3,1,1,NA,NA
"1541","Devin Booker",3136193,401410564,"2022",0,26.9072480941474,0,"ThreePoint",4,0,1,1,2
"1542","Devin Booker",3136193,401410564,"2022",1,1,0,"Close",5,0,0,1,1
"1543","Devin Booker",3136193,401410564,"2022",0,18.8679622641132,0,"Midrange",6,1,0,0,1
"1544","Devin Booker",3136193,401410564,"2022",1,0,0,"Close",7,0,1,0,1
"1545","Devin Booker",3136193,401410564,"2022",1,15.6204993518133,0,"Midrange",8,1,0,1,2
"1546","Devin Booker",3136193,401410564,"2022",1,2,0,"Close",9,1,1,0,2
"1547","Devin Booker",3136193,401410564,"2022",1,25.4950975679639,1,"ThreePoint",10,1,1,1,3
"1548","Devin Booker",3136193,401410564,"2022",0,33.0151480384384,1,"ThreePoint",11,1,1,1,3
"1549","Devin Booker",3136193,401410564,"2022",1,15.0332963783729,0,"Midrange",12,0,1,1,2
"1550","Devin Booker",3136193,401410564,"2022",0,26.4007575648882,0,"ThreePoint",13,1,0,1,2
"1551","Devin Booker",3136193,401410564,"2022",0,21.0237960416286,0,"Midrange",14,0,1,0,1
"1552","Devin Booker",3136193,401410564,"2022",0,27.6586333718787,0,"ThreePoint",15,0,0,1,1
"1553","Devin Booker",3136193,401410564,"2022",0,24.0831891575846,0,"ThreePoint",16,0,0,0,0
"1554","Devin Booker",3136193,401410564,"2022",1,1.4142135623731,0,"Close",17,0,0,0,0
"1555","Devin Booker",3136193,401410564,"2022",0,29.0688837074973,0,"ThreePoint",18,1,0,0,1
"1556","Devin Booker",3136193,401410564,"2022",0,1,0,"Close",19,0,1,0,1
"1557","Devin Booker",3136193,401469105,"2023",0,16.2788205960997,0,"Midrange",1,NA,NA,NA,NA
"1558","Devin Booker",3136193,401469105,"2023",1,24.3515913237718,0,"ThreePoint",2,0,NA,NA,NA
"1559","Devin Booker",3136193,401469105,"2023",1,23,0,"ThreePoint",3,1,0,NA,NA
"1560","Devin Booker",3136193,401469105,"2023",1,13.3416640641263,0,"Midrange",4,1,1,0,2
"1561","Devin Booker",3136193,401469105,"2023",1,11.4017542509914,1,"Midrange",5,1,1,1,3
"1562","Devin Booker",3136193,401469105,"2023",1,26.1725046566048,1,"ThreePoint",6,1,1,1,3
"1563","Devin Booker",3136193,401469105,"2023",0,18.0277563773199,1,"Midrange",7,1,1,1,3
"1564","Devin Booker",3136193,401469105,"2023",0,39.6610640301039,0,"ThreePoint",8,0,1,1,2
"1565","Devin Booker",3136193,401469105,"2023",1,1.4142135623731,0,"Close",9,0,0,1,1
"1566","Devin Booker",3136193,401469105,"2023",0,1.4142135623731,0,"Close",10,1,0,0,1
"1567","Devin Booker",3136193,401469105,"2023",0,17.0293863659264,0,"Midrange",11,0,1,0,1
"1568","Devin Booker",3136193,401469105,"2023",0,22.561028345357,0,"ThreePoint",12,0,0,1,1
"1569","Devin Booker",3136193,401469105,"2023",0,1,0,"Close",13,0,0,0,0
"1570","Devin Booker",3136193,401469105,"2023",0,22,0,"Midrange",14,0,0,0,0
"1571","Devin Booker",3136193,401469105,"2023",1,25,0,"ThreePoint",15,0,0,0,0
"1572","Devin Booker",3136193,401469105,"2023",1,25.6124969497314,0,"ThreePoint",16,1,0,0,1
"1573","Devin Booker",3136193,401469105,"2023",0,10.295630140987,0,"Midrange",17,1,1,0,2
"1574","Devin Booker",3136193,401469105,"2023",1,29.6816441593117,0,"ThreePoint",18,0,1,1,2
"1575","Devin Booker",3136193,401469105,"2023",1,13,0,"Midrange",19,1,0,1,2
"1576","Devin Booker",3136193,401469105,"2023",0,25.6124969497314,0,"ThreePoint",20,1,1,0,2
"1577","Devin Booker",3136193,401469105,"2023",0,2,0,"Close",21,0,1,1,2
"1578","Devin Booker",3136193,401469105,"2023",0,0,0,"Close",22,0,0,1,1
"1579","Devin Booker",3136193,401469105,"2023",1,20.8086520466848,0,"Midrange",23,0,0,0,0
"1580","Devin Booker",3136193,401469105,"2023",1,19.1049731745428,0,"Midrange",24,1,0,0,1
"1581","Devin Booker",3136193,401584961,"2024",0,26.4764045897475,0,"ThreePoint",1,NA,NA,NA,NA
"1582","Devin Booker",3136193,401584961,"2024",0,23,0,"ThreePoint",2,0,NA,NA,NA
"1583","Devin Booker",3136193,401584961,"2024",0,17.2046505340853,0,"Midrange",3,0,0,NA,NA
"1584","Devin Booker",3136193,401584961,"2024",1,1.4142135623731,0,"Close",4,0,0,0,0
"1585","Devin Booker",3136193,401584961,"2024",1,21.4709105535839,0,"Midrange",5,1,0,0,1
"1586","Devin Booker",3136193,401584961,"2024",1,16.0312195418814,0,"Midrange",6,1,1,0,2
"1587","Devin Booker",3136193,401584961,"2024",0,12.1655250605964,1,"Midrange",7,1,1,1,3
"1588","Devin Booker",3136193,401584961,"2024",0,20.1246117974981,0,"Midrange",8,0,1,1,2
"1589","Devin Booker",3136193,401584961,"2024",1,1.4142135623731,0,"Close",9,0,0,1,1
"1590","Devin Booker",3136193,401584961,"2024",1,18.0277563773199,0,"Midrange",10,1,0,0,1
"1591","Devin Booker",3136193,401584961,"2024",1,2.82842712474619,0,"Close",11,1,1,0,2
"1592","Devin Booker",3136193,401584961,"2024",1,11.3137084989848,1,"Midrange",12,1,1,1,3
"1593","Devin Booker",3136193,401584961,"2024",1,9.8488578017961,1,"Midrange",13,1,1,1,3
"1594","Devin Booker",3136193,401584961,"2024",0,15.6204993518133,1,"Midrange",14,1,1,1,3
"1595","Devin Booker",3136193,401584961,"2024",0,26.5706605111728,0,"ThreePoint",15,0,1,1,2
"1596","Devin Booker",3136193,401584961,"2024",1,31.3847096529504,0,"ThreePoint",16,0,0,1,1
"1597","Devin Booker",3136193,401584961,"2024",0,19.723082923316,0,"Midrange",17,1,0,0,1
"1598","Devin Booker",3136193,401584961,"2024",1,0,0,"Close",18,0,1,0,1
"1599","Devin Booker",3136193,401584961,"2024",0,16.1245154965971,0,"Midrange",19,1,0,1,2
"1600","Devin Booker",3136193,401584961,"2024",0,9.21954445729289,0,"Midrange",20,0,1,0,1
"1601","Devin Booker",3136193,401584961,"2024",0,25.0798724079689,0,"ThreePoint",21,0,0,1,1
"1602","Devin Booker",3136193,401584961,"2024",1,1,0,"Close",22,0,0,0,0
"1603","Devin Booker",3136193,401584961,"2024",0,14.3178210632764,0,"Midrange",23,1,0,0,1
"1604","Devin Booker",3136193,401584961,"2024",0,3.16227766016838,0,"Close",24,0,1,0,1
"1605","Devin Booker",3136193,401584961,"2024",0,12.8062484748657,0,"Midrange",25,0,0,1,1
"1606","Devin Booker",3136193,401584961,"2024",0,9.4339811320566,0,"Midrange",26,0,0,0,0
"1607","Devin Booker",3136193,401585283,"2024",0,22.0227155455452,0,"ThreePoint",1,NA,NA,NA,NA
"1608","Devin Booker",3136193,401585283,"2024",1,1.4142135623731,0,"Close",2,0,NA,NA,NA
"1609","Devin Booker",3136193,401585283,"2024",0,13.1529464379659,0,"Midrange",3,1,0,NA,NA
"1610","Devin Booker",3136193,401585283,"2024",1,5.09901951359278,0,"Close",4,0,1,0,1
"1611","Devin Booker",3136193,401585283,"2024",0,17,0,"Midrange",5,1,0,1,2
"1612","Devin Booker",3136193,401585283,"2024",1,7.28010988928052,0,"Close",6,0,1,0,1
"1613","Devin Booker",3136193,401585283,"2024",1,1.4142135623731,0,"Close",7,1,0,1,2
"1614","Devin Booker",3136193,401585283,"2024",1,15.0332963783729,0,"Midrange",8,1,1,0,2
"1615","Devin Booker",3136193,401585283,"2024",1,21.1896201004171,1,"Midrange",9,1,1,1,3
"1616","Devin Booker",3136193,401585283,"2024",1,19.4164878389476,1,"Midrange",10,1,1,1,3
"1617","Devin Booker",3136193,401585283,"2024",1,2.23606797749979,1,"Close",11,1,1,1,3
"1618","Devin Booker",3136193,401585283,"2024",1,2.82842712474619,1,"Close",12,1,1,1,3
"1619","Devin Booker",3136193,401585283,"2024",1,18.0277563773199,1,"Midrange",13,1,1,1,3
"1620","Devin Booker",3136193,401585283,"2024",1,11.0453610171873,1,"Midrange",14,1,1,1,3
"1621","Devin Booker",3136193,401585283,"2024",1,25.4950975679639,1,"ThreePoint",15,1,1,1,3
"1622","Devin Booker",3136193,401585283,"2024",0,26.3058928759318,1,"ThreePoint",16,1,1,1,3
"1623","Devin Booker",3136193,401585283,"2024",1,17,0,"Midrange",17,0,1,1,2
"1624","Devin Booker",3136193,401585283,"2024",0,2.82842712474619,0,"Close",18,1,0,1,2
"1625","Devin Booker",3136193,401585283,"2024",1,22.2036033111745,0,"ThreePoint",19,0,1,0,1
"1626","Devin Booker",3136193,401585283,"2024",1,15,0,"Midrange",20,1,0,1,2
"1627","Devin Booker",3136193,401585283,"2024",1,1.4142135623731,0,"Close",21,1,1,0,2
"1628","Devin Booker",3136193,401585283,"2024",1,2,1,"Close",22,1,1,1,3
"1629","Devin Booker",3136193,401585283,"2024",0,7.07106781186548,1,"Close",23,1,1,1,3
"1630","Devin Booker",3136193,401585283,"2024",0,16.5529453572468,0,"Midrange",24,0,1,1,2
"1631","Devin Booker",3136193,401585283,"2024",0,20.2237484161567,0,"Midrange",25,0,0,1,1
"1632","Devin Booker",3136193,401585283,"2024",0,5.8309518948453,0,"Close",26,0,0,0,0
"1633","Devin Booker",3136193,401704775,"2025",0,20.5182845286832,0,"Midrange",1,NA,NA,NA,NA
"1634","Devin Booker",3136193,401704775,"2025",0,23.0217288664427,0,"ThreePoint",2,0,NA,NA,NA
"1635","Devin Booker",3136193,401704775,"2025",1,26.6270539113887,0,"ThreePoint",3,0,0,NA,NA
"1636","Devin Booker",3136193,401704775,"2025",1,20,0,"Midrange",4,1,0,0,1
"1637","Devin Booker",3136193,401704775,"2025",1,8.54400374531753,0,"Midrange",5,1,1,0,2
"1638","Devin Booker",3136193,401704775,"2025",0,25.8069758011279,1,"ThreePoint",6,1,1,1,3
"1639","Devin Booker",3136193,401704775,"2025",1,26.3058928759318,0,"ThreePoint",7,0,1,1,2
"1640","Devin Booker",3136193,401704775,"2025",0,25.6124969497314,0,"ThreePoint",8,1,0,1,2
"1641","Devin Booker",3136193,401704775,"2025",1,25,0,"ThreePoint",9,0,1,0,1
"1642","Devin Booker",3136193,401704775,"2025",0,10.4403065089106,0,"Midrange",10,1,0,1,2
"1643","Devin Booker",3136193,401704775,"2025",0,27.6586333718787,0,"ThreePoint",11,0,1,0,1
"1644","Devin Booker",3136193,401704775,"2025",1,20.0997512422418,0,"Midrange",12,0,0,1,1
"1645","Devin Booker",3136193,401704775,"2025",1,17.0880074906351,0,"Midrange",13,1,0,0,1
"1646","Devin Booker",3136193,401704775,"2025",1,18.0277563773199,0,"Midrange",14,1,1,0,2
"1647","Devin Booker",3136193,401704775,"2025",1,12,1,"Midrange",15,1,1,1,3
"1648","Devin Booker",3136193,401704775,"2025",0,13.6014705087354,1,"Midrange",16,1,1,1,3
"1649","Devin Booker",3136193,401704775,"2025",0,11.1803398874989,0,"Midrange",17,0,1,1,2
"1650","Devin Booker",3136193,401704775,"2025",0,24.1867732448956,0,"ThreePoint",18,0,0,1,1
"1651","Devin Booker",3136193,401704775,"2025",0,1,0,"Close",19,0,0,0,0
"1652","Devin Booker",3136193,401704775,"2025",0,24.0208242989286,0,"ThreePoint",20,0,0,0,0
"1653","Devin Booker",3136193,401704775,"2025",0,20.591260281974,0,"Midrange",21,0,0,0,0
"1654","Devin Booker",3136193,401704775,"2025",0,24.3310501211929,0,"ThreePoint",22,0,0,0,0
"1655","Devin Vassell",4395630,401585169,"2024",0,3.16227766016838,0,"Close",1,NA,NA,NA,NA
"1656","Devin Vassell",4395630,401585169,"2024",0,26,0,"ThreePoint",2,0,NA,NA,NA
"1657","Devin Vassell",4395630,401585169,"2024",1,3.60555127546399,0,"Close",3,0,0,NA,NA
"1658","Devin Vassell",4395630,401585169,"2024",1,11,0,"Midrange",4,1,0,0,1
"1659","Devin Vassell",4395630,401585169,"2024",1,26.2488094968134,0,"ThreePoint",5,1,1,0,2
"1660","Devin Vassell",4395630,401585169,"2024",0,12.5299640861417,1,"Midrange",6,1,1,1,3
"1661","Devin Vassell",4395630,401585169,"2024",0,2.23606797749979,0,"Close",7,0,1,1,2
"1662","Devin Vassell",4395630,401585169,"2024",0,9.05538513813742,0,"Midrange",8,0,0,1,1
"1663","Devin Vassell",4395630,401585169,"2024",1,8.06225774829855,0,"Midrange",9,0,0,0,0
"1664","Devin Vassell",4395630,401585169,"2024",0,27.8028775489157,0,"ThreePoint",10,1,0,0,1
"1665","Devonte' Graham",3133601,401160739,"2020",0,14.142135623731,0,"Midrange",1,NA,NA,NA,NA
"1666","Devonte' Graham",3133601,401160739,"2020",1,3.16227766016838,0,"Close",2,0,NA,NA,NA
"1667","Devonte' Graham",3133601,401160739,"2020",1,1.4142135623731,0,"Close",3,1,0,NA,NA
"1668","Devonte' Graham",3133601,401160739,"2020",0,28.1602556806574,0,"ThreePoint",4,1,1,0,2
"1669","Devonte' Graham",3133601,401160739,"2020",0,20.0249843945008,0,"Midrange",5,0,1,1,2
"1670","Devonte' Graham",3133601,401160739,"2020",0,5.09901951359278,0,"Close",6,0,0,1,1
"1671","Devonte' Graham",3133601,401160739,"2020",1,3.16227766016838,0,"Close",7,0,0,0,0
"1672","Devonte' Graham",3133601,401160739,"2020",1,26.1725046566048,0,"ThreePoint",8,1,0,0,1
"1673","Devonte' Graham",3133601,401160739,"2020",1,27.459060435492,0,"ThreePoint",9,1,1,0,2
"1674","Devonte' Graham",3133601,401160739,"2020",1,2.23606797749979,1,"Close",10,1,1,1,3
"1675","Devonte' Graham",3133601,401160739,"2020",0,18.6010752377383,1,"Midrange",11,1,1,1,3
"1676","Devonte' Graham",3133601,401160739,"2020",0,23.1948270094864,0,"ThreePoint",12,0,1,1,2
"1677","Devonte' Graham",3133601,401160739,"2020",0,22.0227155455452,0,"ThreePoint",13,0,0,1,1
"1678","Devonte' Graham",3133601,401160739,"2020",0,25.8069758011279,0,"ThreePoint",14,0,0,0,0
"1679","Devonte' Graham",3133601,401160739,"2020",1,24.3515913237718,0,"ThreePoint",15,0,0,0,0
"1680","Devonte' Graham",3133601,401160739,"2020",0,9.8488578017961,0,"Midrange",16,1,0,0,1
"1681","Devonte' Graham",3133601,401160739,"2020",1,25.7099202643649,0,"ThreePoint",17,0,1,0,1
"1682","Devonte' Graham",3133601,401160739,"2020",0,25.0798724079689,0,"ThreePoint",18,1,0,1,2
"1683","Devonte' Graham",3133601,401160739,"2020",0,30,0,"ThreePoint",19,0,1,0,1
"1684","Devonte' Graham",3133601,401160739,"2020",1,3.16227766016838,0,"Close",20,0,0,1,1
"1685","Devonte' Graham",3133601,401160739,"2020",1,6.40312423743285,0,"Close",21,1,0,0,1
"1686","Dirk Nowitzki",609,400827999,"2016",0,24.6981780704569,0,"ThreePoint",1,NA,NA,NA,NA
"1687","Dirk Nowitzki",609,400827999,"2016",0,24.0831891575846,0,"ThreePoint",2,0,NA,NA,NA
"1688","Dirk Nowitzki",609,400827999,"2016",0,25.5538646783613,0,"ThreePoint",3,0,0,NA,NA
"1689","Dirk Nowitzki",609,400827999,"2016",0,25.5538646783613,0,"ThreePoint",4,0,0,0,0
"1690","Dirk Nowitzki",609,400827999,"2016",0,15.0332963783729,0,"Midrange",5,0,0,0,0
"1691","Dirk Nowitzki",609,400827999,"2016",0,13.9283882771841,0,"Midrange",6,0,0,0,0
"1692","Dirk Nowitzki",609,400827999,"2016",1,25.0199920063936,0,"ThreePoint",7,0,0,0,0
"1693","Dirk Nowitzki",609,400827999,"2016",1,9,0,"Midrange",8,1,0,0,1
"1694","Dirk Nowitzki",609,400827999,"2016",1,14.7648230602334,0,"Midrange",9,1,1,0,2
"1695","Dirk Nowitzki",609,400827999,"2016",1,15.2970585407784,1,"Midrange",10,1,1,1,3
"1696","Dirk Nowitzki",609,400827999,"2016",1,17.6918060129541,1,"Midrange",11,1,1,1,3
"1697","Dirk Nowitzki",609,400827999,"2016",1,3,1,"Close",12,1,1,1,3
"1698","Dirk Nowitzki",609,400827999,"2016",1,13,1,"Midrange",13,1,1,1,3
"1699","Domantas Sabonis",3155942,401306581,"2021",0,16.2788205960997,0,"Midrange",1,NA,NA,NA,NA
"1700","Domantas Sabonis",3155942,401306581,"2021",1,1.4142135623731,0,"Close",2,0,NA,NA,NA
"1701","Domantas Sabonis",3155942,401584781,"2024",1,4.24264068711928,0,"Close",1,NA,NA,NA,NA
"1702","Domantas Sabonis",3155942,401584781,"2024",1,2.82842712474619,0,"Close",2,1,NA,NA,NA
"1703","Domantas Sabonis",3155942,401584781,"2024",1,4.47213595499958,0,"Close",3,1,1,NA,NA
"1704","Domantas Sabonis",3155942,401584781,"2024",0,21.0237960416286,1,"Midrange",4,1,1,1,3
"1705","Donovan Mitchell",3908809,400974891,"2018",1,25.4950975679639,0,"ThreePoint",1,NA,NA,NA,NA
"1706","Donovan Mitchell",3908809,400974891,"2018",1,26.9258240356725,0,"ThreePoint",2,1,NA,NA,NA
"1707","Donovan Mitchell",3908809,400974891,"2018",0,26,0,"ThreePoint",3,1,1,NA,NA
"1708","Donovan Mitchell",3908809,400974891,"2018",1,13.4536240470737,0,"Midrange",4,0,1,1,2
"1709","Donovan Mitchell",3908809,400974891,"2018",0,4,0,"Close",5,1,0,1,2
"1710","Donovan Mitchell",3908809,400974891,"2018",0,17,0,"Midrange",6,0,1,0,1
"1711","Donovan Mitchell",3908809,400974891,"2018",1,2,0,"Close",7,0,0,1,1
"1712","Donovan Mitchell",3908809,400974891,"2018",1,1,0,"Close",8,1,0,0,1
"1713","Donovan Mitchell",3908809,400974891,"2018",0,24.3515913237718,0,"ThreePoint",9,1,1,0,2
"1714","Donovan Mitchell",3908809,400974891,"2018",0,25.2388589282479,0,"ThreePoint",10,0,1,1,2
"1715","Donovan Mitchell",3908809,400974891,"2018",0,25.9422435421457,0,"ThreePoint",11,0,0,1,1
"1716","Donovan Mitchell",3908809,400974891,"2018",1,27.6586333718787,0,"ThreePoint",12,0,0,0,0
"1717","Donovan Mitchell",3908809,400974891,"2018",0,2.23606797749979,0,"Close",13,1,0,0,1
"1718","Donovan Mitchell",3908809,401306581,"2021",0,28.2311884269862,0,"ThreePoint",1,NA,NA,NA,NA
"1719","Donovan Mitchell",3908809,401306581,"2021",0,24.5967477524977,0,"ThreePoint",2,0,NA,NA,NA
"1720","Donovan Mitchell",3908809,401306581,"2021",1,1,0,"Close",3,0,0,NA,NA
"1721","Donovan Mitchell",3908809,401306581,"2021",1,0,0,"Close",4,1,0,0,1
"1722","Donovan Mitchell",3908809,401306581,"2021",0,27.7848879788996,0,"ThreePoint",5,1,1,0,2
"1723","Donovan Mitchell",3908809,401306581,"2021",0,25,0,"ThreePoint",6,0,1,1,2
"1724","Donovan Mitchell",3908809,401306581,"2021",1,23.0867927612304,0,"ThreePoint",7,0,0,1,1
"1725","Donovan Mitchell",3908809,401306581,"2021",1,1,0,"Close",8,1,0,0,1
"1726","Donovan Mitchell",3908809,401306581,"2021",0,26.2488094968134,0,"ThreePoint",9,1,1,0,2
"1727","Donovan Mitchell",3908809,401306581,"2021",1,24.0416305603426,0,"ThreePoint",10,0,1,1,2
"1728","Donovan Mitchell",3908809,401306581,"2021",0,26.4007575648882,0,"ThreePoint",11,1,0,1,2
"1729","Donovan Mitchell",3908809,401306581,"2021",1,27.0185121722126,0,"ThreePoint",12,0,1,0,1
"1730","Donovan Mitchell",3908809,401468707,"2023",0,6.08276253029822,0,"Close",1,NA,NA,NA,NA
"1731","Donovan Mitchell",3908809,401468707,"2023",0,25.4950975679639,0,"ThreePoint",2,0,NA,NA,NA
"1732","Donovan Mitchell",3908809,401468707,"2023",0,24.0208242989286,0,"ThreePoint",3,0,0,NA,NA
"1733","Donovan Mitchell",3908809,401468707,"2023",1,25.7099202643649,0,"ThreePoint",4,0,0,0,0
"1734","Donovan Mitchell",3908809,401468707,"2023",0,26.0768096208106,0,"ThreePoint",5,1,0,0,1
"1735","Donovan Mitchell",3908809,401468707,"2023",1,27.3130005674953,0,"ThreePoint",6,0,1,0,1
"1736","Donovan Mitchell",3908809,401468707,"2023",0,29.8328677803526,0,"ThreePoint",7,1,0,1,2
"1737","Donovan Mitchell",3908809,401468707,"2023",1,17.0880074906351,0,"Midrange",8,0,1,0,1
"1738","Donovan Mitchell",3908809,401468707,"2023",1,2.23606797749979,0,"Close",9,1,0,1,2
"1739","Donovan Mitchell",3908809,401468707,"2023",1,27.0739727413618,0,"ThreePoint",10,1,1,0,2
"1740","Donovan Mitchell",3908809,401468707,"2023",0,2.23606797749979,1,"Close",11,1,1,1,3
"1741","Donovan Mitchell",3908809,401468707,"2023",0,27.2946881279124,0,"ThreePoint",12,0,1,1,2
"1742","Donovan Mitchell",3908809,401468707,"2023",1,2.23606797749979,0,"Close",13,0,0,1,1
"1743","Donovan Mitchell",3908809,401468707,"2023",1,10.1980390271856,0,"Midrange",14,1,0,0,1
"1744","Donovan Mitchell",3908809,401468707,"2023",1,1.4142135623731,0,"Close",15,1,1,0,2
"1745","Donovan Mitchell",3908809,401468707,"2023",1,8.94427190999916,1,"Midrange",16,1,1,1,3
"1746","Donovan Mitchell",3908809,401468707,"2023",1,19.2353840616713,1,"Midrange",17,1,1,1,3
"1747","Donovan Mitchell",3908809,401468707,"2023",0,26.4007575648882,1,"ThreePoint",18,1,1,1,3
"1748","Donovan Mitchell",3908809,401468707,"2023",1,12.6491106406735,0,"Midrange",19,0,1,1,2
"1749","Donovan Mitchell",3908809,401468707,"2023",0,26.2488094968134,0,"ThreePoint",20,1,0,1,2
"1750","Donovan Mitchell",3908809,401468707,"2023",1,1,0,"Close",21,0,1,0,1
"1751","Donovan Mitchell",3908809,401468707,"2023",1,17.2046505340853,0,"Midrange",22,1,0,1,2
"1752","Donovan Mitchell",3908809,401468707,"2023",1,1,0,"Close",23,1,1,0,2
"1753","Donovan Mitchell",3908809,401468707,"2023",0,25.9422435421457,1,"ThreePoint",24,1,1,1,3
"1754","Donovan Mitchell",3908809,401468707,"2023",0,7.21110255092798,0,"Close",25,0,1,1,2
"1755","Donovan Mitchell",3908809,401468707,"2023",1,0,0,"Close",26,0,0,1,1
"1756","Donovan Mitchell",3908809,401468707,"2023",1,28.2842712474619,0,"ThreePoint",27,1,0,0,1
"1757","Donovan Mitchell",3908809,401468707,"2023",1,5.8309518948453,0,"Close",28,1,1,0,2
"1758","Donovan Mitchell",3908809,401468707,"2023",1,2,1,"Close",29,1,1,1,3
"1759","Donovan Mitchell",3908809,401468707,"2023",1,26.9258240356725,1,"ThreePoint",30,1,1,1,3
"1760","Donovan Mitchell",3908809,401468707,"2023",1,27.0185121722126,1,"ThreePoint",31,1,1,1,3
"1761","Donovan Mitchell",3908809,401468707,"2023",1,28.1780056072107,1,"ThreePoint",32,1,1,1,3
"1762","Donovan Mitchell",3908809,401468707,"2023",0,2.23606797749979,1,"Close",33,1,1,1,3
"1763","Donovan Mitchell",3908809,401468707,"2023",1,2.23606797749979,0,"Close",34,0,1,1,2
"1764","Donovan Mitchell",3908809,401524696,"2023",0,30.0832179129826,0,"ThreePoint",1,NA,NA,NA,NA
"1765","Donovan Mitchell",3908809,401524696,"2023",1,4.12310562561766,0,"Close",2,0,NA,NA,NA
"1766","Donovan Mitchell",3908809,401524696,"2023",0,25.6320112359526,0,"ThreePoint",3,1,0,NA,NA
"1767","Donovan Mitchell",3908809,401524696,"2023",0,25.2388589282479,0,"ThreePoint",4,0,1,0,1
"1768","Donovan Mitchell",3908809,401524696,"2023",1,3.60555127546399,0,"Close",5,0,0,1,1
"1769","Donovan Mitchell",3908809,401524696,"2023",1,3.16227766016838,0,"Close",6,1,0,0,1
"1770","Donovan Mitchell",3908809,401524696,"2023",1,25.7099202643649,0,"ThreePoint",7,1,1,0,2
"1771","Donovan Mitchell",3908809,401524696,"2023",1,30.0166620396073,1,"ThreePoint",8,1,1,1,3
"1772","Donovan Mitchell",3908809,401524696,"2023",1,6.32455532033676,1,"Close",9,1,1,1,3
"1773","Donovan Mitchell",3908809,401524696,"2023",1,26.4196896272458,1,"ThreePoint",10,1,1,1,3
"1774","Donovan Mitchell",3908809,401524696,"2023",1,36.6878726556883,1,"ThreePoint",11,1,1,1,3
"1775","Donovan Mitchell",3908809,401524696,"2023",0,4.47213595499958,1,"Close",12,1,1,1,3
"1776","Donovan Mitchell",3908809,401524696,"2023",1,2,0,"Close",13,0,1,1,2
"1777","Donovan Mitchell",3908809,401524696,"2023",1,35.8468966578698,0,"ThreePoint",14,1,0,1,2
"1778","Donovan Mitchell",3908809,401524696,"2023",0,44.2944691807002,0,"ThreePoint",15,1,1,0,2
"1779","Donovan Mitchell",3908809,401524696,"2023",1,32.0156211871642,0,"ThreePoint",16,0,1,1,2
"1780","Donovan Mitchell",3908809,401524696,"2023",0,25.298221281347,0,"ThreePoint",17,1,0,1,2
"1781","Donovan Mitchell",3908809,401524696,"2023",0,25.9615099714943,0,"ThreePoint",18,0,1,0,1
"1782","Donovan Mitchell",3908809,401524696,"2023",1,4.47213595499958,0,"Close",19,0,0,1,1
"1783","Donovan Mitchell",3908809,401524696,"2023",1,25.6124969497314,0,"ThreePoint",20,1,0,0,1
"1784","Donovan Mitchell",3908809,401524696,"2023",1,25.9422435421457,0,"ThreePoint",21,1,1,0,2
"1785","Donovan Mitchell",3908809,401524696,"2023",0,37.3363094051889,1,"ThreePoint",22,1,1,1,3
"1786","Donovan Mitchell",3908809,401524696,"2023",1,6.08276253029822,0,"Close",23,0,1,1,2
"1787","Donovan Mitchell",3908809,401524696,"2023",0,43.4165866921848,0,"ThreePoint",24,1,0,1,2
"1788","Donovan Mitchell",3908809,401524696,"2023",0,41.5932686861708,0,"ThreePoint",25,0,1,0,1
"1789","Donovan Mitchell",3908809,401585155,"2024",1,0,0,"Close",1,NA,NA,NA,NA
"1790","Donovan Mitchell",3908809,401585155,"2024",1,2,0,"Close",2,1,NA,NA,NA
"1791","Donovan Mitchell",3908809,401585155,"2024",0,33.1209903233584,0,"ThreePoint",3,1,1,NA,NA
"1792","Donovan Mitchell",3908809,401585155,"2024",0,0,0,"Close",4,0,1,1,2
"1793","Donovan Mitchell",3908809,401585155,"2024",1,0,0,"Close",5,0,0,1,1
"1794","Donovan Mitchell",3908809,401585155,"2024",1,13.9283882771841,0,"Midrange",6,1,0,0,1
"1795","Donovan Mitchell",3908809,401585155,"2024",0,26,0,"ThreePoint",7,1,1,0,2
"1796","Donovan Mitchell",3908809,401585155,"2024",1,10.816653826392,0,"Midrange",8,0,1,1,2
"1797","Donovan Mitchell",3908809,401585155,"2024",1,1,0,"Close",9,1,0,1,2
"1798","Donovan Mitchell",3908809,401585155,"2024",1,8.54400374531753,0,"Midrange",10,1,1,0,2
"1799","Donovan Mitchell",3908809,401585155,"2024",0,25,1,"ThreePoint",11,1,1,1,3
"1800","Donovan Mitchell",3908809,401585155,"2024",0,26.4196896272458,0,"ThreePoint",12,0,1,1,2
"1801","Donovan Mitchell",3908809,401585155,"2024",0,3,0,"Close",13,0,0,1,1
"1802","Donovan Mitchell",3908809,401585155,"2024",0,19.723082923316,0,"Midrange",14,0,0,0,0
"1803","Donovan Mitchell",3908809,401585155,"2024",0,25.0798724079689,0,"ThreePoint",15,0,0,0,0
"1804","Donovan Mitchell",3908809,401585155,"2024",1,1,0,"Close",16,0,0,0,0
"1805","Donovan Mitchell",3908809,401585155,"2024",1,1.4142135623731,0,"Close",17,1,0,0,1
"1806","Donovan Mitchell",3908809,401585155,"2024",0,13.0384048104053,0,"Midrange",18,1,1,0,2
"1807","Donovan Mitchell",3908809,401585155,"2024",0,28.0178514522438,0,"ThreePoint",19,0,1,1,2
"1808","Donovan Mitchell",3908809,401585155,"2024",1,0,0,"Close",20,0,0,1,1
"1809","Donovan Mitchell",3908809,401585155,"2024",0,3.16227766016838,0,"Close",21,1,0,0,1
"1810","Donovan Mitchell",3908809,401585155,"2024",1,26.6270539113887,0,"ThreePoint",22,0,1,0,1
"1811","Donovan Mitchell",3908809,401585155,"2024",0,27.7848879788996,0,"ThreePoint",23,1,0,1,2
"1812","Donovan Mitchell",3908809,401585155,"2024",0,26.1725046566048,0,"ThreePoint",24,0,1,0,1
"1813","Donovan Mitchell",3908809,401585155,"2024",1,1,0,"Close",25,0,0,1,1
"1814","Donovan Mitchell",3908809,401585155,"2024",0,1.4142135623731,0,"Close",26,1,0,0,1
"1815","Donovan Mitchell",3908809,401585155,"2024",1,25.0599281722833,0,"ThreePoint",27,0,1,0,1
"1816","Donovan Mitchell",3908809,401585155,"2024",1,31.0161248385416,0,"ThreePoint",28,1,0,1,2
"1817","Donovan Mitchell",3908809,401585155,"2024",1,25.1793566240283,0,"ThreePoint",29,1,1,0,2
"1818","Donovan Mitchell",3908809,401585155,"2024",0,1,1,"Close",30,1,1,1,3
"1819","Eric Bledsoe",4238,400975307,"2018",1,1,0,"Close",1,NA,NA,NA,NA
"1820","Eric Bledsoe",4238,400975307,"2018",1,11,0,"Midrange",2,1,NA,NA,NA
"1821","Eric Bledsoe",4238,400975307,"2018",1,26.9258240356725,0,"ThreePoint",3,1,1,NA,NA
"1822","Eric Bledsoe",4238,400975307,"2018",0,23.3452350598575,1,"ThreePoint",4,1,1,1,3
"1823","Eric Gordon",3431,400974891,"2018",0,26,0,"ThreePoint",1,NA,NA,NA,NA
"1824","Eric Gordon",3431,400974891,"2018",0,1.4142135623731,0,"Close",2,0,NA,NA,NA
"1825","Eric Gordon",3431,400974891,"2018",1,25.9615099714943,0,"ThreePoint",3,0,0,NA,NA
"1826","Eric Gordon",3431,400974891,"2018",1,1.4142135623731,0,"Close",4,1,0,0,1
"1827","Eric Gordon",3431,400974891,"2018",1,25.8069758011279,0,"ThreePoint",5,1,1,0,2
"1828","Eric Gordon",3431,400974891,"2018",0,2.23606797749979,1,"Close",6,1,1,1,3
"1829","Eric Gordon",3431,400974891,"2018",1,24.3515913237718,0,"ThreePoint",7,0,1,1,2
"1830","Eric Gordon",3431,400974891,"2018",1,26.1725046566048,0,"ThreePoint",8,1,0,1,2
"1831","Eric Gordon",3431,400974891,"2018",0,27.0185121722126,0,"ThreePoint",9,1,1,0,2
"1832","Eric Gordon",3431,400974891,"2018",1,26.0192236625154,0,"ThreePoint",10,0,1,1,2
"1833","Eric Gordon",3431,400974891,"2018",0,24.0416305603426,0,"ThreePoint",11,1,0,1,2
"1834","Eric Gordon",3431,400974891,"2018",1,27.1661554144122,0,"ThreePoint",12,0,1,0,1
"1835","Eric Gordon",3431,400974891,"2018",0,29.2061637330205,0,"ThreePoint",13,1,0,1,2
"1836","Eric Gordon",3431,400974891,"2018",0,28.0713376952364,0,"ThreePoint",14,0,1,0,1
"1837","Eric Gordon",3431,400974891,"2018",0,1,0,"Close",15,0,0,1,1
"1838","Evan Fournier",6588,401070745,"2019",0,26.9258240356725,0,"ThreePoint",1,NA,NA,NA,NA
"1839","Evan Fournier",6588,401070745,"2019",1,2,0,"Close",2,0,NA,NA,NA
"1840","Evan Fournier",6588,401070745,"2019",0,2.82842712474619,0,"Close",3,1,0,NA,NA
"1841","Evan Fournier",6588,401070745,"2019",1,1,0,"Close",4,0,1,0,1
"1842","Evan Fournier",6588,401070745,"2019",0,14.7648230602334,0,"Midrange",5,1,0,1,2
"1843","Evan Fournier",6588,401070745,"2019",0,3.60555127546399,0,"Close",6,0,1,0,1
"1844","Evan Fournier",6588,401070745,"2019",1,2,0,"Close",7,0,0,1,1
"1845","Evan Fournier",6588,401070745,"2019",0,26.9258240356725,0,"ThreePoint",8,1,0,0,1
"1846","Evan Fournier",6588,401070745,"2019",1,27.459060435492,0,"ThreePoint",9,0,1,0,1
"1847","Evan Fournier",6588,401070745,"2019",0,26.2488094968134,0,"ThreePoint",10,1,0,1,2
"1848","Evan Fournier",6588,401070745,"2019",1,1,0,"Close",11,0,1,0,1
"1849","Evan Fournier",6588,401070745,"2019",0,26.2488094968134,0,"ThreePoint",12,1,0,1,2
"1850","Evan Fournier",6588,401070745,"2019",1,2,0,"Close",13,0,1,0,1
"1851","Evan Fournier",6588,401070745,"2019",0,9,0,"Midrange",14,1,0,1,2
"1852","Evan Fournier",6588,401070745,"2019",0,1.4142135623731,0,"Close",15,0,1,0,1
"1853","Evan Fournier",6588,401070745,"2019",0,26.8700576850888,0,"ThreePoint",16,0,0,1,1
"1854","Evan Fournier",6588,401070908,"2019",0,23.0217288664427,0,"ThreePoint",1,NA,NA,NA,NA
"1855","Evan Fournier",6588,401070908,"2019",1,8.06225774829855,0,"Midrange",2,0,NA,NA,NA
"1856","Evan Fournier",6588,401070908,"2019",1,2.23606797749979,0,"Close",3,1,0,NA,NA
"1857","Evan Fournier",6588,401070908,"2019",0,4.12310562561766,0,"Close",4,1,1,0,2
"1858","Evan Fournier",6588,401070908,"2019",1,3.60555127546399,0,"Close",5,0,1,1,2
"1859","Evan Fournier",6588,401070908,"2019",0,26.0192236625154,0,"ThreePoint",6,1,0,1,2
"1860","Evan Fournier",6588,401070908,"2019",1,5.3851648071345,0,"Close",7,0,1,0,1
"1861","Evan Fournier",6588,401070908,"2019",0,25.7099202643649,0,"ThreePoint",8,1,0,1,2
"1862","Evan Fournier",6588,401070908,"2019",0,23.0867927612304,0,"ThreePoint",9,0,1,0,1
"1863","Evan Fournier",6588,401070908,"2019",1,26,0,"ThreePoint",10,0,0,1,1
"1864","Evan Fournier",6588,401070908,"2019",0,26,0,"ThreePoint",11,1,0,0,1
"1865","Evan Fournier",6588,401070908,"2019",0,25.5538646783613,0,"ThreePoint",12,0,1,0,1
"1866","Evan Fournier",6588,401070908,"2019",0,3,0,"Close",13,0,0,1,1
"1867","Evan Fournier",6588,401070908,"2019",1,2.23606797749979,0,"Close",14,0,0,0,0
"1868","Evan Fournier",6588,401070908,"2019",0,26.1725046566048,0,"ThreePoint",15,1,0,0,1
"1869","Franz Wagner",4566434,401585283,"2024",1,28.2311884269862,0,"ThreePoint",1,NA,NA,NA,NA
"1870","Franz Wagner",4566434,401585283,"2024",0,27.0185121722126,0,"ThreePoint",2,1,NA,NA,NA
"1871","Franz Wagner",4566434,401585283,"2024",0,26.1725046566048,0,"ThreePoint",3,0,1,NA,NA
"1872","Franz Wagner",4566434,401585283,"2024",1,2.23606797749979,0,"Close",4,0,0,1,1
"1873","Franz Wagner",4566434,401585283,"2024",0,25.5538646783613,0,"ThreePoint",5,1,0,0,1
"1874","Franz Wagner",4566434,401585283,"2024",0,2.23606797749979,0,"Close",6,0,1,0,1
"1875","Franz Wagner",4566434,401585283,"2024",0,18.3847763108502,0,"Midrange",7,0,0,1,1
"1876","Franz Wagner",4566434,401585283,"2024",0,27.2029410174709,0,"ThreePoint",8,0,0,0,0
"1877","Franz Wagner",4566434,401585283,"2024",0,9.8488578017961,0,"Midrange",9,0,0,0,0
"1878","Franz Wagner",4566434,401585283,"2024",1,26.4764045897475,0,"ThreePoint",10,0,0,0,0
"1879","Franz Wagner",4566434,401585283,"2024",0,26.5706605111728,0,"ThreePoint",11,1,0,0,1
"1880","Fred VanVleet",2991230,401410564,"2022",1,31.1448230047949,0,"ThreePoint",1,NA,NA,NA,NA
"1881","Fred VanVleet",2991230,401410564,"2022",0,25.4950975679639,0,"ThreePoint",2,1,NA,NA,NA
"1882","Fred VanVleet",2991230,401410564,"2022",0,30,0,"ThreePoint",3,0,1,NA,NA
"1883","Fred VanVleet",2991230,401410564,"2022",1,24,0,"ThreePoint",4,0,0,1,1
"1884","Fred VanVleet",2991230,401468588,"2023",0,27.1661554144122,0,"ThreePoint",1,NA,NA,NA,NA
"1885","Fred VanVleet",2991230,401468588,"2023",1,1.4142135623731,0,"Close",2,0,NA,NA,NA
"1886","Fred VanVleet",2991230,401468588,"2023",1,15,0,"Midrange",3,1,0,NA,NA
"1887","Fred VanVleet",2991230,401468588,"2023",1,23.0217288664427,0,"ThreePoint",4,1,1,0,2
"1888","Fred VanVleet",2991230,401468588,"2023",1,20.2237484161567,1,"Midrange",5,1,1,1,3
"1889","Fred VanVleet",2991230,401468588,"2023",1,29.0688837074973,1,"ThreePoint",6,1,1,1,3
"1890","Fred VanVleet",2991230,401468588,"2023",0,27.0185121722126,1,"ThreePoint",7,1,1,1,3
"1891","Fred VanVleet",2991230,401468588,"2023",1,9.21954445729289,0,"Midrange",8,0,1,1,2
"1892","Fred VanVleet",2991230,401468588,"2023",0,2.23606797749979,0,"Close",9,1,0,1,2
"1893","Fred VanVleet",2991230,401468588,"2023",1,10.0498756211209,0,"Midrange",10,0,1,0,1
"1894","Fred VanVleet",2991230,401468588,"2023",1,27.2946881279124,0,"ThreePoint",11,1,0,1,2
"1895","Fred VanVleet",2991230,401468588,"2023",0,26.6270539113887,0,"ThreePoint",12,1,1,0,2
"1896","Fred VanVleet",2991230,401468588,"2023",1,1.4142135623731,0,"Close",13,0,1,1,2
"1897","Fred VanVleet",2991230,401468588,"2023",0,5.09901951359278,0,"Close",14,1,0,1,2
"1898","Fred VanVleet",2991230,401468588,"2023",0,36.2353418639869,0,"ThreePoint",15,0,1,0,1
"1899","Fred VanVleet",2991230,401468588,"2023",1,2.82842712474619,0,"Close",16,0,0,1,1
"1900","Fred VanVleet",2991230,401468588,"2023",0,11.1803398874989,0,"Midrange",17,1,0,0,1
"1901","Fred VanVleet",2991230,401468588,"2023",0,28.1780056072107,0,"ThreePoint",18,0,1,0,1
"1902","Fred VanVleet",2991230,401468588,"2023",1,6.08276253029822,0,"Close",19,0,0,1,1
"1903","Fred VanVleet",2991230,401468588,"2023",1,2.23606797749979,0,"Close",20,1,0,0,1
"1904","Fred VanVleet",2991230,401468588,"2023",0,9.21954445729289,0,"Midrange",21,1,1,0,2
"1905","Fred VanVleet",2991230,401468588,"2023",1,27.8028775489157,0,"ThreePoint",22,0,1,1,2
"1906","Fred VanVleet",2991230,401468588,"2023",0,8,0,"Close",23,1,0,1,2
"1907","Fred VanVleet",2991230,401468588,"2023",1,23.0217288664427,0,"ThreePoint",24,0,1,0,1
"1908","Fred VanVleet",2991230,401584781,"2024",0,8.94427190999916,0,"Midrange",1,NA,NA,NA,NA
"1909","Fred VanVleet",2991230,401584781,"2024",0,26.0768096208106,0,"ThreePoint",2,0,NA,NA,NA
"1910","Fred VanVleet",2991230,401584781,"2024",0,12.2065556157337,0,"Midrange",3,0,0,NA,NA
"1911","Fred VanVleet",2991230,401584781,"2024",0,5.09901951359278,0,"Close",4,0,0,0,0
"1912","Fred VanVleet",2991230,401584781,"2024",1,26.1725046566048,0,"ThreePoint",5,0,0,0,0
"1913","Fred VanVleet",2991230,401584781,"2024",1,30.2654919008431,0,"ThreePoint",6,1,0,0,1
"1914","Fred VanVleet",2991230,401584781,"2024",0,26.9072480941474,0,"ThreePoint",7,1,1,0,2
"1915","Fred VanVleet",2991230,401584781,"2024",1,25.9615099714943,0,"ThreePoint",8,0,1,1,2
"1916","Gary Harris",2999547,400975511,"2018",1,25,0,"ThreePoint",1,NA,NA,NA,NA
"1917","Gary Harris",2999547,400975511,"2018",1,16.9705627484771,0,"Midrange",2,1,NA,NA,NA
"1918","Gary Harris",2999547,400975511,"2018",1,19.2353840616713,0,"Midrange",3,1,1,NA,NA
"1919","Gary Harris",2999547,400975511,"2018",1,23.3238075793812,1,"ThreePoint",4,1,1,1,3
"1920","Gary Harris",2999547,400975511,"2018",0,22.2036033111745,1,"ThreePoint",5,1,1,1,3
"1921","Gary Harris",2999547,400975511,"2018",0,1.4142135623731,0,"Close",6,0,1,1,2
"1922","Gary Harris",2999547,400975511,"2018",1,22.2036033111745,0,"ThreePoint",7,0,0,1,1
"1923","Gary Harris",2999547,400975511,"2018",0,26.1725046566048,0,"ThreePoint",8,1,0,0,1
"1924","Gary Harris",2999547,400975511,"2018",0,2.82842712474619,0,"Close",9,0,1,0,1
"1925","Gary Harris",2999547,400975511,"2018",0,24.1660919471891,0,"ThreePoint",10,0,0,1,1
"1926","Gary Harris",2999547,400975511,"2018",1,2.23606797749979,0,"Close",11,0,0,0,0
"1927","Gary Harris",2999547,400975511,"2018",0,24.4131112314674,0,"ThreePoint",12,1,0,0,1
"1928","Gary Harris",2999547,400975511,"2018",1,22.0907220343745,0,"ThreePoint",13,0,1,0,1
"1929","Gary Harris",2999547,400975511,"2018",1,23,0,"ThreePoint",14,1,0,1,2
"1930","Gary Harris",2999547,400975511,"2018",0,2.23606797749979,0,"Close",15,1,1,0,2
"1931","Gary Harris",2999547,400975511,"2018",1,25,0,"ThreePoint",16,0,1,1,2
"1932","Giannis Antetokounmpo",3032977,400828269,"2016",0,20.5182845286832,0,"Midrange",1,NA,NA,NA,NA
"1933","Giannis Antetokounmpo",3032977,400828269,"2016",0,16,0,"Midrange",2,0,NA,NA,NA
"1934","Giannis Antetokounmpo",3032977,400828269,"2016",0,1.4142135623731,0,"Close",3,0,0,NA,NA
"1935","Giannis Antetokounmpo",3032977,400828269,"2016",0,8,0,"Close",4,0,0,0,0
"1936","Giannis Antetokounmpo",3032977,400828269,"2016",0,4.47213595499958,0,"Close",5,0,0,0,0
"1937","Giannis Antetokounmpo",3032977,400828269,"2016",0,20.5182845286832,0,"Midrange",6,0,0,0,0
"1938","Giannis Antetokounmpo",3032977,400828269,"2016",0,4.24264068711928,0,"Close",7,0,0,0,0
"1939","Giannis Antetokounmpo",3032977,400828269,"2016",0,0,0,"Close",8,0,0,0,0
"1940","Giannis Antetokounmpo",3032977,400828269,"2016",1,3.16227766016838,0,"Close",9,0,0,0,0
"1941","Giannis Antetokounmpo",3032977,400828269,"2016",1,3.16227766016838,0,"Close",10,1,0,0,1
"1942","Giannis Antetokounmpo",3032977,400828269,"2016",1,2.23606797749979,0,"Close",11,1,1,0,2
"1943","Giannis Antetokounmpo",3032977,400828269,"2016",1,26.8328157299975,1,"ThreePoint",12,1,1,1,3
"1944","Giannis Antetokounmpo",3032977,400935635,"2017",1,0,0,"Close",1,NA,NA,NA,NA
"1945","Giannis Antetokounmpo",3032977,400935635,"2017",1,0,0,"Close",2,1,NA,NA,NA
"1946","Giannis Antetokounmpo",3032977,400935635,"2017",1,0,0,"Close",3,1,1,NA,NA
"1947","Giannis Antetokounmpo",3032977,400935635,"2017",1,0,1,"Close",4,1,1,1,3
"1948","Giannis Antetokounmpo",3032977,400935635,"2017",1,0,1,"Close",5,1,1,1,3
"1949","Giannis Antetokounmpo",3032977,400935635,"2017",1,0,1,"Close",6,1,1,1,3
"1950","Giannis Antetokounmpo",3032977,400935635,"2017",1,2.23606797749979,1,"Close",7,1,1,1,3
"1951","Giannis Antetokounmpo",3032977,400935635,"2017",1,2,1,"Close",8,1,1,1,3
"1952","Giannis Antetokounmpo",3032977,400935635,"2017",0,26.2488094968134,1,"ThreePoint",9,1,1,1,3
"1953","Giannis Antetokounmpo",3032977,400935635,"2017",1,0,0,"Close",10,0,1,1,2
"1954","Giannis Antetokounmpo",3032977,400935635,"2017",1,0,0,"Close",11,1,0,1,2
"1955","Giannis Antetokounmpo",3032977,400935635,"2017",0,0,0,"Close",12,1,1,0,2
"1956","Giannis Antetokounmpo",3032977,400935635,"2017",1,0,0,"Close",13,0,1,1,2
"1957","Giannis Antetokounmpo",3032977,400935635,"2017",1,0,0,"Close",14,1,0,1,2
"1958","Giannis Antetokounmpo",3032977,400935635,"2017",1,0,0,"Close",15,1,1,0,2
"1959","Giannis Antetokounmpo",3032977,400935635,"2017",0,0,1,"Close",16,1,1,1,3
"1960","Giannis Antetokounmpo",3032977,400935635,"2017",1,0,0,"Close",17,0,1,1,2
"1961","Giannis Antetokounmpo",3032977,400975307,"2018",1,1,0,"Close",1,NA,NA,NA,NA
"1962","Giannis Antetokounmpo",3032977,400975307,"2018",1,20.6155281280883,0,"Midrange",2,1,NA,NA,NA
"1963","Giannis Antetokounmpo",3032977,400975307,"2018",0,0,0,"Close",3,1,1,NA,NA
"1964","Giannis Antetokounmpo",3032977,400975307,"2018",1,16.1245154965971,0,"Midrange",4,0,1,1,2
"1965","Giannis Antetokounmpo",3032977,400975307,"2018",1,1,0,"Close",5,1,0,1,2
"1966","Giannis Antetokounmpo",3032977,400975307,"2018",1,0,0,"Close",6,1,1,0,2
"1967","Giannis Antetokounmpo",3032977,400975307,"2018",0,1.4142135623731,1,"Close",7,1,1,1,3
"1968","Giannis Antetokounmpo",3032977,400975307,"2018",1,0,0,"Close",8,0,1,1,2
"1969","Giannis Antetokounmpo",3032977,400975307,"2018",1,1,0,"Close",9,1,0,1,2
"1970","Giannis Antetokounmpo",3032977,400975307,"2018",1,7.21110255092798,0,"Close",10,1,1,0,2
"1971","Giannis Antetokounmpo",3032977,400975307,"2018",0,4.12310562561766,1,"Close",11,1,1,1,3
"1972","Giannis Antetokounmpo",3032977,400975307,"2018",0,3,0,"Close",12,0,1,1,2
"1973","Giannis Antetokounmpo",3032977,400975307,"2018",1,2,0,"Close",13,0,0,1,1
"1974","Giannis Antetokounmpo",3032977,400975307,"2018",0,15.6524758424985,0,"Midrange",14,1,0,0,1
"1975","Giannis Antetokounmpo",3032977,400975307,"2018",1,2.23606797749979,0,"Close",15,0,1,0,1
"1976","Giannis Antetokounmpo",3032977,400975307,"2018",1,1,0,"Close",16,1,0,1,2
"1977","Giannis Antetokounmpo",3032977,400975307,"2018",1,18.7882942280559,0,"Midrange",17,1,1,0,2
"1978","Giannis Antetokounmpo",3032977,400975307,"2018",0,25.9422435421457,1,"ThreePoint",18,1,1,1,3
"1979","Giannis Antetokounmpo",3032977,401070796,"2019",0,17.6918060129541,0,"Midrange",1,NA,NA,NA,NA
"1980","Giannis Antetokounmpo",3032977,401070796,"2019",1,1.4142135623731,0,"Close",2,0,NA,NA,NA
"1981","Giannis Antetokounmpo",3032977,401070796,"2019",0,2.23606797749979,0,"Close",3,1,0,NA,NA
"1982","Giannis Antetokounmpo",3032977,401070796,"2019",1,1,0,"Close",4,0,1,0,1
"1983","Giannis Antetokounmpo",3032977,401070796,"2019",0,2,0,"Close",5,1,0,1,2
"1984","Giannis Antetokounmpo",3032977,401070796,"2019",0,20.2237484161567,0,"Midrange",6,0,1,0,1
"1985","Giannis Antetokounmpo",3032977,401070796,"2019",1,1,0,"Close",7,0,0,1,1
"1986","Giannis Antetokounmpo",3032977,401070796,"2019",1,1,0,"Close",8,1,0,0,1
"1987","Giannis Antetokounmpo",3032977,401070796,"2019",1,1.4142135623731,0,"Close",9,1,1,0,2
"1988","Giannis Antetokounmpo",3032977,401070796,"2019",1,12,1,"Midrange",10,1,1,1,3
"1989","Giannis Antetokounmpo",3032977,401070796,"2019",0,1,1,"Close",11,1,1,1,3
"1990","Giannis Antetokounmpo",3032977,401070796,"2019",1,15.0332963783729,0,"Midrange",12,0,1,1,2
"1991","Giannis Antetokounmpo",3032977,401070796,"2019",0,8.06225774829855,0,"Midrange",13,1,0,1,2
"1992","Giannis Antetokounmpo",3032977,401070796,"2019",1,1,0,"Close",14,0,1,0,1
"1993","Giannis Antetokounmpo",3032977,401070796,"2019",1,1.4142135623731,0,"Close",15,1,0,1,2
"1994","Giannis Antetokounmpo",3032977,401070796,"2019",0,4.47213595499958,0,"Close",16,1,1,0,2
"1995","Giannis Antetokounmpo",3032977,401070796,"2019",1,2,0,"Close",17,0,1,1,2
"1996","Giannis Antetokounmpo",3032977,401070796,"2019",1,2,0,"Close",18,1,0,1,2
"1997","Giannis Antetokounmpo",3032977,401070796,"2019",1,4.47213595499958,0,"Close",19,1,1,0,2
"1998","Giannis Antetokounmpo",3032977,401070796,"2019",1,2,1,"Close",20,1,1,1,3
"1999","Giannis Antetokounmpo",3032977,401070796,"2019",0,2.23606797749979,1,"Close",21,1,1,1,3
"2000","Giannis Antetokounmpo",3032977,401070796,"2019",0,25,0,"ThreePoint",22,0,1,1,2
"2001","Giannis Antetokounmpo",3032977,401070975,"2019",1,3.16227766016838,0,"Close",1,NA,NA,NA,NA
"2002","Giannis Antetokounmpo",3032977,401070975,"2019",0,3.16227766016838,0,"Close",2,1,NA,NA,NA
"2003","Giannis Antetokounmpo",3032977,401070975,"2019",0,3,0,"Close",3,0,1,NA,NA
"2004","Giannis Antetokounmpo",3032977,401070975,"2019",1,3,0,"Close",4,0,0,1,1
"2005","Giannis Antetokounmpo",3032977,401070975,"2019",0,19.8494332412792,0,"Midrange",5,1,0,0,1
"2006","Giannis Antetokounmpo",3032977,401070975,"2019",0,2,0,"Close",6,0,1,0,1
"2007","Giannis Antetokounmpo",3032977,401070975,"2019",0,25.0798724079689,0,"ThreePoint",7,0,0,1,1
"2008","Giannis Antetokounmpo",3032977,401070975,"2019",0,2,0,"Close",8,0,0,0,0
"2009","Giannis Antetokounmpo",3032977,401070975,"2019",1,27.0739727413618,0,"ThreePoint",9,0,0,0,0
"2010","Giannis Antetokounmpo",3032977,401070975,"2019",1,1.4142135623731,0,"Close",10,1,0,0,1
"2011","Giannis Antetokounmpo",3032977,401070975,"2019",1,2,0,"Close",11,1,1,0,2
"2012","Giannis Antetokounmpo",3032977,401070975,"2019",0,26.0192236625154,1,"ThreePoint",12,1,1,1,3
"2013","Giannis Antetokounmpo",3032977,401070975,"2019",1,2,0,"Close",13,0,1,1,2
"2014","Giannis Antetokounmpo",3032977,401070975,"2019",0,0,0,"Close",14,1,0,1,2
"2015","Giannis Antetokounmpo",3032977,401070975,"2019",1,1,0,"Close",15,0,1,0,1
"2016","Giannis Antetokounmpo",3032977,401098037,"2019",1,1.4142135623731,0,"Close",1,NA,NA,NA,NA
"2017","Giannis Antetokounmpo",3032977,401098037,"2019",1,1,0,"Close",2,1,NA,NA,NA
"2018","Giannis Antetokounmpo",3032977,401098037,"2019",1,1.4142135623731,0,"Close",3,1,1,NA,NA
"2019","Giannis Antetokounmpo",3032977,401098037,"2019",1,2,1,"Close",4,1,1,1,3
"2020","Giannis Antetokounmpo",3032977,401098037,"2019",1,1.4142135623731,1,"Close",5,1,1,1,3
"2021","Giannis Antetokounmpo",3032977,401098037,"2019",1,2,1,"Close",6,1,1,1,3
"2022","Giannis Antetokounmpo",3032977,401098037,"2019",1,1.4142135623731,1,"Close",7,1,1,1,3
"2023","Giannis Antetokounmpo",3032977,401098037,"2019",1,2,1,"Close",8,1,1,1,3
"2024","Giannis Antetokounmpo",3032977,401098037,"2019",1,1.4142135623731,1,"Close",9,1,1,1,3
"2025","Giannis Antetokounmpo",3032977,401098037,"2019",0,27.0185121722126,1,"ThreePoint",10,1,1,1,3
"2026","Giannis Antetokounmpo",3032977,401098037,"2019",0,25.8069758011279,0,"ThreePoint",11,0,1,1,2
"2027","Giannis Antetokounmpo",3032977,401098037,"2019",1,2.23606797749979,0,"Close",12,0,0,1,1
"2028","Giannis Antetokounmpo",3032977,401098037,"2019",0,2.23606797749979,0,"Close",13,1,0,0,1
"2029","Giannis Antetokounmpo",3032977,401098037,"2019",1,1,0,"Close",14,0,1,0,1
"2030","Giannis Antetokounmpo",3032977,401098037,"2019",1,23.1948270094864,0,"ThreePoint",15,1,0,1,2
"2031","Giannis Antetokounmpo",3032977,401098037,"2019",1,3.16227766016838,0,"Close",16,1,1,0,2
"2032","Giannis Antetokounmpo",3032977,401098037,"2019",1,1.4142135623731,1,"Close",17,1,1,1,3
"2033","Giannis Antetokounmpo",3032977,401098037,"2019",0,24.3310501211929,1,"ThreePoint",18,1,1,1,3
"2034","Giannis Antetokounmpo",3032977,401098037,"2019",0,11,0,"Midrange",19,0,1,1,2
"2035","Giannis Antetokounmpo",3032977,401098037,"2019",1,1.4142135623731,0,"Close",20,0,0,1,1
"2036","Giannis Antetokounmpo",3032977,401098037,"2019",1,25.5538646783613,0,"ThreePoint",21,1,0,0,1
"2037","Giannis Antetokounmpo",3032977,401098037,"2019",0,25.0599281722833,0,"ThreePoint",22,1,1,0,2
"2038","Giannis Antetokounmpo",3032977,401098037,"2019",1,2,0,"Close",23,0,1,1,2
"2039","Giannis Antetokounmpo",3032977,401224744,"2020",1,2.23606797749979,0,"Close",1,NA,NA,NA,NA
"2040","Giannis Antetokounmpo",3032977,401224744,"2020",1,2.23606797749979,0,"Close",2,1,NA,NA,NA
"2041","Giannis Antetokounmpo",3032977,401224744,"2020",0,27.459060435492,0,"ThreePoint",3,1,1,NA,NA
"2042","Giannis Antetokounmpo",3032977,401224744,"2020",1,13.6014705087354,0,"Midrange",4,0,1,1,2
"2043","Giannis Antetokounmpo",3032977,401224744,"2020",1,1,0,"Close",5,1,0,1,2
"2044","Giannis Antetokounmpo",3032977,401224744,"2020",1,1.4142135623731,0,"Close",6,1,1,0,2
"2045","Giannis Antetokounmpo",3032977,401224744,"2020",0,24.2074368738204,1,"ThreePoint",7,1,1,1,3
"2046","Giannis Antetokounmpo",3032977,401224744,"2020",1,1,0,"Close",8,0,1,1,2
"2047","Giannis Antetokounmpo",3032977,401224744,"2020",1,2.23606797749979,0,"Close",9,1,0,1,2
"2048","Giannis Antetokounmpo",3032977,401224744,"2020",0,26.1725046566048,0,"ThreePoint",10,1,1,0,2
"2049","Giannis Antetokounmpo",3032977,401224744,"2020",1,3.16227766016838,0,"Close",11,0,1,1,2
"2050","Giannis Antetokounmpo",3032977,401224744,"2020",1,0,0,"Close",12,1,0,1,2
"2051","Giannis Antetokounmpo",3032977,401224744,"2020",1,1.4142135623731,0,"Close",13,1,1,0,2
"2052","Giannis Antetokounmpo",3032977,401224744,"2020",0,26.9258240356725,1,"ThreePoint",14,1,1,1,3
"2053","Giannis Antetokounmpo",3032977,401224744,"2020",1,2.82842712474619,0,"Close",15,0,1,1,2
"2054","Giannis Antetokounmpo",3032977,401224744,"2020",1,2.23606797749979,0,"Close",16,1,0,1,2
"2055","Giannis Antetokounmpo",3032977,401224744,"2020",1,2.82842712474619,0,"Close",17,1,1,0,2
"2056","Giannis Antetokounmpo",3032977,401267476,"2021",0,3,0,"Close",1,NA,NA,NA,NA
"2057","Giannis Antetokounmpo",3032977,401267476,"2021",1,1,0,"Close",2,0,NA,NA,NA
"2058","Giannis Antetokounmpo",3032977,401267476,"2021",1,2,0,"Close",3,1,0,NA,NA
"2059","Giannis Antetokounmpo",3032977,401267476,"2021",1,1.4142135623731,0,"Close",4,1,1,0,2
"2060","Giannis Antetokounmpo",3032977,401267476,"2021",1,1,1,"Close",5,1,1,1,3
"2061","Giannis Antetokounmpo",3032977,401267476,"2021",1,2,1,"Close",6,1,1,1,3
"2062","Giannis Antetokounmpo",3032977,401267476,"2021",1,3.16227766016838,1,"Close",7,1,1,1,3
"2063","Giannis Antetokounmpo",3032977,401267476,"2021",0,3.16227766016838,1,"Close",8,1,1,1,3
"2064","Giannis Antetokounmpo",3032977,401267476,"2021",0,3,0,"Close",9,0,1,1,2
"2065","Giannis Antetokounmpo",3032977,401267476,"2021",1,1,0,"Close",10,0,0,1,1
"2066","Giannis Antetokounmpo",3032977,401267476,"2021",1,2.23606797749979,0,"Close",11,1,0,0,1
"2067","Giannis Antetokounmpo",3032977,401306581,"2021",1,1,0,"Close",1,NA,NA,NA,NA
"2068","Giannis Antetokounmpo",3032977,401306581,"2021",1,0,0,"Close",2,1,NA,NA,NA
"2069","Giannis Antetokounmpo",3032977,401306581,"2021",1,1,0,"Close",3,1,1,NA,NA
"2070","Giannis Antetokounmpo",3032977,401306581,"2021",1,26.4196896272458,1,"ThreePoint",4,1,1,1,3
"2071","Giannis Antetokounmpo",3032977,401306581,"2021",1,1,1,"Close",5,1,1,1,3
"2072","Giannis Antetokounmpo",3032977,401306581,"2021",1,6,1,"Close",6,1,1,1,3
"2073","Giannis Antetokounmpo",3032977,401306581,"2021",1,1,1,"Close",7,1,1,1,3
"2074","Giannis Antetokounmpo",3032977,401306581,"2021",1,1.4142135623731,1,"Close",8,1,1,1,3
"2075","Giannis Antetokounmpo",3032977,401306581,"2021",1,1,1,"Close",9,1,1,1,3
"2076","Giannis Antetokounmpo",3032977,401306581,"2021",1,23.0867927612304,1,"ThreePoint",10,1,1,1,3
"2077","Giannis Antetokounmpo",3032977,401306581,"2021",1,2.23606797749979,1,"Close",11,1,1,1,3
"2078","Giannis Antetokounmpo",3032977,401306581,"2021",1,2,1,"Close",12,1,1,1,3
"2079","Giannis Antetokounmpo",3032977,401306581,"2021",1,0,1,"Close",13,1,1,1,3
"2080","Giannis Antetokounmpo",3032977,401306581,"2021",1,2.23606797749979,1,"Close",14,1,1,1,3
"2081","Giannis Antetokounmpo",3032977,401306581,"2021",1,4.24264068711928,1,"Close",15,1,1,1,3
"2082","Giannis Antetokounmpo",3032977,401306581,"2021",1,27.2946881279124,1,"ThreePoint",16,1,1,1,3
"2083","Giannis Antetokounmpo",3032977,401307536,"2021",1,3.16227766016838,0,"Close",1,NA,NA,NA,NA
"2084","Giannis Antetokounmpo",3032977,401307536,"2021",1,20.6155281280883,0,"Midrange",2,1,NA,NA,NA
"2085","Giannis Antetokounmpo",3032977,401307536,"2021",1,2.23606797749979,0,"Close",3,1,1,NA,NA
"2086","Giannis Antetokounmpo",3032977,401307536,"2021",1,19.0262975904404,1,"Midrange",4,1,1,1,3
"2087","Giannis Antetokounmpo",3032977,401307536,"2021",1,1.4142135623731,1,"Close",5,1,1,1,3
"2088","Giannis Antetokounmpo",3032977,401307536,"2021",1,1,1,"Close",6,1,1,1,3
"2089","Giannis Antetokounmpo",3032977,401307536,"2021",1,1.4142135623731,1,"Close",7,1,1,1,3
"2090","Giannis Antetokounmpo",3032977,401307536,"2021",0,26.1725046566048,1,"ThreePoint",8,1,1,1,3
"2091","Giannis Antetokounmpo",3032977,401307536,"2021",1,3.16227766016838,0,"Close",9,0,1,1,2
"2092","Giannis Antetokounmpo",3032977,401307536,"2021",1,1,0,"Close",10,1,0,1,2
"2093","Giannis Antetokounmpo",3032977,401307536,"2021",0,31.0161248385416,0,"ThreePoint",11,1,1,0,2
"2094","Giannis Antetokounmpo",3032977,401307536,"2021",1,1,0,"Close",12,0,1,1,2
"2095","Giannis Antetokounmpo",3032977,401307536,"2021",1,1,0,"Close",13,1,0,1,2
"2096","Giannis Antetokounmpo",3032977,401307536,"2021",1,2.23606797749979,0,"Close",14,1,1,0,2
"2097","Giannis Antetokounmpo",3032977,401307536,"2021",1,1,1,"Close",15,1,1,1,3
"2098","Giannis Antetokounmpo",3032977,401307536,"2021",1,1.4142135623731,1,"Close",16,1,1,1,3
"2099","Giannis Antetokounmpo",3032977,401307536,"2021",1,1,1,"Close",17,1,1,1,3
"2100","Giannis Antetokounmpo",3032977,401307536,"2021",1,1,1,"Close",18,1,1,1,3
"2101","Giannis Antetokounmpo",3032977,401307536,"2021",1,16.1245154965971,1,"Midrange",19,1,1,1,3
"2102","Giannis Antetokounmpo",3032977,401307536,"2021",0,25.298221281347,1,"ThreePoint",20,1,1,1,3
"2103","Giannis Antetokounmpo",3032977,401307536,"2021",1,2.23606797749979,0,"Close",21,0,1,1,2
"2104","Giannis Antetokounmpo",3032977,401307788,"2021",0,15.0332963783729,0,"Midrange",1,NA,NA,NA,NA
"2105","Giannis Antetokounmpo",3032977,401307788,"2021",0,9.05538513813742,0,"Midrange",2,0,NA,NA,NA
"2106","Giannis Antetokounmpo",3032977,401307788,"2021",0,19.2093727122985,0,"Midrange",3,0,0,NA,NA
"2107","Giannis Antetokounmpo",3032977,401307788,"2021",1,27.1661554144122,0,"ThreePoint",4,0,0,0,0
"2108","Giannis Antetokounmpo",3032977,401307788,"2021",1,2,0,"Close",5,1,0,0,1
"2109","Giannis Antetokounmpo",3032977,401307788,"2021",1,27.2946881279124,0,"ThreePoint",6,1,1,0,2
"2110","Giannis Antetokounmpo",3032977,401307788,"2021",1,1.4142135623731,1,"Close",7,1,1,1,3
"2111","Giannis Antetokounmpo",3032977,401307788,"2021",0,27.8567765543682,1,"ThreePoint",8,1,1,1,3
"2112","Giannis Antetokounmpo",3032977,401307788,"2021",1,19.6468827043885,0,"Midrange",9,0,1,1,2
"2113","Giannis Antetokounmpo",3032977,401307788,"2021",1,26.9258240356725,0,"ThreePoint",10,1,0,1,2
"2114","Giannis Antetokounmpo",3032977,401307788,"2021",1,4.12310562561766,0,"Close",11,1,1,0,2
"2115","Giannis Antetokounmpo",3032977,401307788,"2021",0,9.4339811320566,1,"Midrange",12,1,1,1,3
"2116","Giannis Antetokounmpo",3032977,401307788,"2021",1,13,0,"Midrange",13,0,1,1,2
"2117","Giannis Antetokounmpo",3032977,401307788,"2021",0,23.7697286480094,0,"ThreePoint",14,1,0,1,2
"2118","Giannis Antetokounmpo",3032977,401307788,"2021",0,29.1204395571221,0,"ThreePoint",15,0,1,0,1
"2119","Giannis Antetokounmpo",3032977,401307788,"2021",1,27.8028775489157,0,"ThreePoint",16,0,0,1,1
"2120","Giannis Antetokounmpo",3032977,401307788,"2021",0,12.5299640861417,0,"Midrange",17,1,0,0,1
"2121","Giannis Antetokounmpo",3032977,401307788,"2021",0,19.2353840616713,0,"Midrange",18,0,1,0,1
"2122","Giannis Antetokounmpo",3032977,401307788,"2021",0,8.06225774829855,0,"Midrange",19,0,0,1,1
"2123","Giannis Antetokounmpo",3032977,401307788,"2021",1,1,0,"Close",20,0,0,0,0
"2124","Giannis Antetokounmpo",3032977,401307788,"2021",0,27.0739727413618,0,"ThreePoint",21,1,0,0,1
"2125","Giannis Antetokounmpo",3032977,401307788,"2021",0,27.3130005674953,0,"ThreePoint",22,0,1,0,1
"2126","Giannis Antetokounmpo",3032977,401307788,"2021",0,9.05538513813742,0,"Midrange",23,0,0,1,1
"2127","Giannis Antetokounmpo",3032977,401307788,"2021",0,14,0,"Midrange",24,0,0,0,0
"2128","Giannis Antetokounmpo",3032977,401307788,"2021",0,3,0,"Close",25,0,0,0,0
"2129","Giannis Antetokounmpo",3032977,401307788,"2021",1,2.23606797749979,0,"Close",26,0,0,0,0
"2130","Giannis Antetokounmpo",3032977,401307788,"2021",0,12.0415945787923,0,"Midrange",27,1,0,0,1
"2131","Giannis Antetokounmpo",3032977,401307788,"2021",0,27.7848879788996,0,"ThreePoint",28,0,1,0,1
"2132","Giannis Antetokounmpo",3032977,401307788,"2021",0,27.0739727413618,0,"ThreePoint",29,0,0,1,1
"2133","Giannis Antetokounmpo",3032977,401307788,"2021",0,28.2842712474619,0,"ThreePoint",30,0,0,0,0
"2134","Giannis Antetokounmpo",3032977,401360043,"2022",1,2,0,"Close",1,NA,NA,NA,NA
"2135","Giannis Antetokounmpo",3032977,401360043,"2022",1,1,0,"Close",2,1,NA,NA,NA
"2136","Giannis Antetokounmpo",3032977,401360043,"2022",1,2.23606797749979,0,"Close",3,1,1,NA,NA
"2137","Giannis Antetokounmpo",3032977,401360043,"2022",1,2,1,"Close",4,1,1,1,3
"2138","Giannis Antetokounmpo",3032977,401360043,"2022",0,3.60555127546399,1,"Close",5,1,1,1,3
"2139","Giannis Antetokounmpo",3032977,401360043,"2022",1,3.16227766016838,0,"Close",6,0,1,1,2
"2140","Giannis Antetokounmpo",3032977,401360043,"2022",1,26.1725046566048,0,"ThreePoint",7,1,0,1,2
"2141","Giannis Antetokounmpo",3032977,401360043,"2022",1,3.16227766016838,0,"Close",8,1,1,0,2
"2142","Giannis Antetokounmpo",3032977,401360043,"2022",1,3.16227766016838,1,"Close",9,1,1,1,3
"2143","Giannis Antetokounmpo",3032977,401360043,"2022",1,1,1,"Close",10,1,1,1,3
"2144","Giannis Antetokounmpo",3032977,401360043,"2022",1,2.82842712474619,1,"Close",11,1,1,1,3
"2145","Giannis Antetokounmpo",3032977,401360043,"2022",1,1,1,"Close",12,1,1,1,3
"2146","Giannis Antetokounmpo",3032977,401360043,"2022",1,26.1725046566048,1,"ThreePoint",13,1,1,1,3
"2147","Giannis Antetokounmpo",3032977,401360043,"2022",1,2.23606797749979,1,"Close",14,1,1,1,3
"2148","Giannis Antetokounmpo",3032977,401360043,"2022",1,27.2029410174709,1,"ThreePoint",15,1,1,1,3
"2149","Giannis Antetokounmpo",3032977,401360043,"2022",0,2.82842712474619,1,"Close",16,1,1,1,3
"2150","Giannis Antetokounmpo",3032977,401360043,"2022",1,14.560219778561,0,"Midrange",17,0,1,1,2
"2151","Giannis Antetokounmpo",3032977,401360043,"2022",0,29.732137494637,0,"ThreePoint",18,1,0,1,2
"2152","Giannis Antetokounmpo",3032977,401360043,"2022",0,9.21954445729289,0,"Midrange",19,0,1,0,1
"2153","Giannis Antetokounmpo",3032977,401360043,"2022",1,1,0,"Close",20,0,0,1,1
"2154","Giannis Antetokounmpo",3032977,401360043,"2022",1,10.1980390271856,0,"Midrange",21,1,0,0,1
"2155","Giannis Antetokounmpo",3032977,401360043,"2022",1,2.82842712474619,0,"Close",22,1,1,0,2
"2156","Giannis Antetokounmpo",3032977,401360043,"2022",0,7.07106781186548,1,"Close",23,1,1,1,3
"2157","Giannis Antetokounmpo",3032977,401360641,"2022",1,2,0,"Close",1,NA,NA,NA,NA
"2158","Giannis Antetokounmpo",3032977,401360641,"2022",1,3,0,"Close",2,1,NA,NA,NA
"2159","Giannis Antetokounmpo",3032977,401360641,"2022",1,25.3179778023443,0,"ThreePoint",3,1,1,NA,NA
"2160","Giannis Antetokounmpo",3032977,401360641,"2022",1,1,1,"Close",4,1,1,1,3
"2161","Giannis Antetokounmpo",3032977,401360641,"2022",1,15.52417469626,1,"Midrange",5,1,1,1,3
"2162","Giannis Antetokounmpo",3032977,401360641,"2022",1,3.16227766016838,1,"Close",6,1,1,1,3
"2163","Giannis Antetokounmpo",3032977,401360641,"2022",1,25.298221281347,1,"ThreePoint",7,1,1,1,3
"2164","Giannis Antetokounmpo",3032977,401360641,"2022",1,16.0312195418814,1,"Midrange",8,1,1,1,3
"2165","Giannis Antetokounmpo",3032977,401360641,"2022",1,2.23606797749979,1,"Close",9,1,1,1,3
"2166","Giannis Antetokounmpo",3032977,401360641,"2022",1,2,1,"Close",10,1,1,1,3
"2167","Giannis Antetokounmpo",3032977,401360641,"2022",1,0,1,"Close",11,1,1,1,3
"2168","Giannis Antetokounmpo",3032977,401360641,"2022",0,17.0880074906351,1,"Midrange",12,1,1,1,3
"2169","Giannis Antetokounmpo",3032977,401360641,"2022",1,2,0,"Close",13,0,1,1,2
"2170","Giannis Antetokounmpo",3032977,401360641,"2022",1,2,0,"Close",14,1,0,1,2
"2171","Giannis Antetokounmpo",3032977,401360641,"2022",1,2,0,"Close",15,1,1,0,2
"2172","Giannis Antetokounmpo",3032977,401360641,"2022",0,17.464249196573,1,"Midrange",16,1,1,1,3
"2173","Giannis Antetokounmpo",3032977,401360641,"2022",1,1.4142135623731,0,"Close",17,0,1,1,2
"2174","Giannis Antetokounmpo",3032977,401360641,"2022",1,2.23606797749979,0,"Close",18,1,0,1,2
"2175","Giannis Antetokounmpo",3032977,401360641,"2022",0,1,0,"Close",19,1,1,0,2
"2176","Giannis Antetokounmpo",3032977,401360641,"2022",1,3,0,"Close",20,0,1,1,2
"2177","Giannis Antetokounmpo",3032977,401360901,"2022",1,2.82842712474619,0,"Close",1,NA,NA,NA,NA
"2178","Giannis Antetokounmpo",3032977,401360901,"2022",1,20.0997512422418,0,"Midrange",2,1,NA,NA,NA
"2179","Giannis Antetokounmpo",3032977,401360901,"2022",1,9.21954445729289,0,"Midrange",3,1,1,NA,NA
"2180","Giannis Antetokounmpo",3032977,401360901,"2022",0,15,1,"Midrange",4,1,1,1,3
"2181","Giannis Antetokounmpo",3032977,401360901,"2022",1,8.94427190999916,0,"Midrange",5,0,1,1,2
"2182","Giannis Antetokounmpo",3032977,401360901,"2022",1,4.12310562561766,0,"Close",6,1,0,1,2
"2183","Giannis Antetokounmpo",3032977,401360901,"2022",1,4,0,"Close",7,1,1,0,2
"2184","Giannis Antetokounmpo",3032977,401360901,"2022",0,3.60555127546399,1,"Close",8,1,1,1,3
"2185","Giannis Antetokounmpo",3032977,401360901,"2022",1,25.5538646783613,0,"ThreePoint",9,0,1,1,2
"2186","Giannis Antetokounmpo",3032977,401360901,"2022",1,2.23606797749979,0,"Close",10,1,0,1,2
"2187","Giannis Antetokounmpo",3032977,401360901,"2022",1,2.23606797749979,0,"Close",11,1,1,0,2
"2188","Giannis Antetokounmpo",3032977,401360901,"2022",0,27.8926513619627,1,"ThreePoint",12,1,1,1,3
"2189","Giannis Antetokounmpo",3032977,401360931,"2022",0,1,0,"Close",1,NA,NA,NA,NA
"2190","Giannis Antetokounmpo",3032977,401360931,"2022",0,0,0,"Close",2,0,NA,NA,NA
"2191","Giannis Antetokounmpo",3032977,401360931,"2022",1,1.4142135623731,0,"Close",3,0,0,NA,NA
"2192","Giannis Antetokounmpo",3032977,401360931,"2022",1,16.1245154965971,0,"Midrange",4,1,0,0,1
"2193","Giannis Antetokounmpo",3032977,401360931,"2022",0,3.60555127546399,0,"Close",5,1,1,0,2
"2194","Giannis Antetokounmpo",3032977,401360931,"2022",0,0,0,"Close",6,0,1,1,2
"2195","Giannis Antetokounmpo",3032977,401360931,"2022",0,9.48683298050514,0,"Midrange",7,0,0,1,1
"2196","Giannis Antetokounmpo",3032977,401360931,"2022",0,1,0,"Close",8,0,0,0,0
"2197","Giannis Antetokounmpo",3032977,401360931,"2022",1,1,0,"Close",9,0,0,0,0
"2198","Giannis Antetokounmpo",3032977,401360931,"2022",0,1.4142135623731,0,"Close",10,1,0,0,1
"2199","Giannis Antetokounmpo",3032977,401360931,"2022",0,3,0,"Close",11,0,1,0,1
"2200","Giannis Antetokounmpo",3032977,401360931,"2022",1,2.23606797749979,0,"Close",12,0,0,1,1
"2201","Giannis Antetokounmpo",3032977,401360931,"2022",1,0,0,"Close",13,1,0,0,1
"2202","Giannis Antetokounmpo",3032977,401360931,"2022",1,1,0,"Close",14,1,1,0,2
"2203","Giannis Antetokounmpo",3032977,401360931,"2022",0,26.4196896272458,1,"ThreePoint",15,1,1,1,3
"2204","Giannis Antetokounmpo",3032977,401360931,"2022",1,2.23606797749979,0,"Close",16,0,1,1,2
"2205","Giannis Antetokounmpo",3032977,401360931,"2022",1,1,0,"Close",17,1,0,1,2
"2206","Giannis Antetokounmpo",3032977,401360931,"2022",1,7.81024967590665,0,"Close",18,1,1,0,2
"2207","Giannis Antetokounmpo",3032977,401360931,"2022",1,1,1,"Close",19,1,1,1,3
"2208","Giannis Antetokounmpo",3032977,401360931,"2022",1,1.4142135623731,1,"Close",20,1,1,1,3
"2209","Giannis Antetokounmpo",3032977,401410564,"2022",1,1,0,"Close",1,NA,NA,NA,NA
"2210","Giannis Antetokounmpo",3032977,401410564,"2022",1,1,0,"Close",2,1,NA,NA,NA
"2211","Giannis Antetokounmpo",3032977,401410564,"2022",0,2.23606797749979,0,"Close",3,1,1,NA,NA
"2212","Giannis Antetokounmpo",3032977,401410564,"2022",1,1,0,"Close",4,0,1,1,2
"2213","Giannis Antetokounmpo",3032977,401410564,"2022",0,2.23606797749979,0,"Close",5,1,0,1,2
"2214","Giannis Antetokounmpo",3032977,401410564,"2022",1,0,0,"Close",6,0,1,0,1
"2215","Giannis Antetokounmpo",3032977,401410564,"2022",1,1,0,"Close",7,1,0,1,2
"2216","Giannis Antetokounmpo",3032977,401410564,"2022",1,1,0,"Close",8,1,1,0,2
"2217","Giannis Antetokounmpo",3032977,401410564,"2022",1,3.16227766016838,1,"Close",9,1,1,1,3
"2218","Giannis Antetokounmpo",3032977,401410564,"2022",1,0,1,"Close",10,1,1,1,3
"2219","Giannis Antetokounmpo",3032977,401410564,"2022",0,24.7588368062799,1,"ThreePoint",11,1,1,1,3
"2220","Giannis Antetokounmpo",3032977,401410564,"2022",1,1.4142135623731,0,"Close",12,0,1,1,2
"2221","Giannis Antetokounmpo",3032977,401410564,"2022",0,26.0192236625154,0,"ThreePoint",13,1,0,1,2
"2222","Giannis Antetokounmpo",3032977,401410564,"2022",1,2.23606797749979,0,"Close",14,0,1,0,1
"2223","Giannis Antetokounmpo",3032977,401410564,"2022",0,12,0,"Midrange",15,1,0,1,2
"2224","Giannis Antetokounmpo",3032977,401410564,"2022",1,1,0,"Close",16,0,1,0,1
"2225","Giannis Antetokounmpo",3032977,401410564,"2022",1,2,0,"Close",17,1,0,1,2
"2226","Giannis Antetokounmpo",3032977,401410564,"2022",1,0,0,"Close",18,1,1,0,2
"2227","Giannis Antetokounmpo",3032977,401410564,"2022",1,15.0332963783729,1,"Midrange",19,1,1,1,3
"2228","Giannis Antetokounmpo",3032977,401410564,"2022",0,30.6104557300279,1,"ThreePoint",20,1,1,1,3
"2229","Giannis Antetokounmpo",3032977,401410564,"2022",1,2.82842712474619,0,"Close",21,0,1,1,2
"2230","Giannis Antetokounmpo",3032977,401468215,"2023",0,17.8885438199983,0,"Midrange",1,NA,NA,NA,NA
"2231","Giannis Antetokounmpo",3032977,401468215,"2023",0,3.16227766016838,0,"Close",2,0,NA,NA,NA
"2232","Giannis Antetokounmpo",3032977,401468215,"2023",1,5,0,"Close",3,0,0,NA,NA
"2233","Giannis Antetokounmpo",3032977,401468215,"2023",0,28.7923600977759,0,"ThreePoint",4,1,0,0,1
"2234","Giannis Antetokounmpo",3032977,401468215,"2023",1,2,0,"Close",5,0,1,0,1
"2235","Giannis Antetokounmpo",3032977,401468215,"2023",0,16.1554944214035,0,"Midrange",6,1,0,1,2
"2236","Giannis Antetokounmpo",3032977,401468215,"2023",1,0,0,"Close",7,0,1,0,1
"2237","Giannis Antetokounmpo",3032977,401468215,"2023",0,19.2353840616713,0,"Midrange",8,1,0,1,2
"2238","Giannis Antetokounmpo",3032977,401468215,"2023",0,15.8113883008419,0,"Midrange",9,0,1,0,1
"2239","Giannis Antetokounmpo",3032977,401468215,"2023",0,27,0,"ThreePoint",10,0,0,1,1
"2240","Giannis Antetokounmpo",3032977,401468215,"2023",1,1.4142135623731,0,"Close",11,0,0,0,0
"2241","Giannis Antetokounmpo",3032977,401468215,"2023",0,7.07106781186548,0,"Close",12,1,0,0,1
"2242","Giannis Antetokounmpo",3032977,401468215,"2023",0,27.2946881279124,0,"ThreePoint",13,0,1,0,1
"2243","Giannis Antetokounmpo",3032977,401468215,"2023",1,4.47213595499958,0,"Close",14,0,0,1,1
"2244","Giannis Antetokounmpo",3032977,401468215,"2023",1,3.16227766016838,0,"Close",15,1,0,0,1
"2245","Giannis Antetokounmpo",3032977,401468215,"2023",1,3.60555127546399,0,"Close",16,1,1,0,2
"2246","Giannis Antetokounmpo",3032977,401468215,"2023",1,3.60555127546399,1,"Close",17,1,1,1,3
"2247","Giannis Antetokounmpo",3032977,401468215,"2023",1,3.16227766016838,1,"Close",18,1,1,1,3
"2248","Giannis Antetokounmpo",3032977,401468215,"2023",1,25.5538646783613,1,"ThreePoint",19,1,1,1,3
"2249","Giannis Antetokounmpo",3032977,401468215,"2023",1,2.82842712474619,1,"Close",20,1,1,1,3
"2250","Giannis Antetokounmpo",3032977,401468215,"2023",1,2.23606797749979,1,"Close",21,1,1,1,3
"2251","Giannis Antetokounmpo",3032977,401468215,"2023",1,3.60555127546399,1,"Close",22,1,1,1,3
"2252","Giannis Antetokounmpo",3032977,401468215,"2023",1,16.1245154965971,1,"Midrange",23,1,1,1,3
"2253","Giannis Antetokounmpo",3032977,401468215,"2023",1,1.4142135623731,1,"Close",24,1,1,1,3
"2254","Giannis Antetokounmpo",3032977,401468215,"2023",1,1.4142135623731,1,"Close",25,1,1,1,3
"2255","Giannis Antetokounmpo",3032977,401469291,"2023",1,3.60555127546399,0,"Close",1,NA,NA,NA,NA
"2256","Giannis Antetokounmpo",3032977,401469291,"2023",1,2.23606797749979,0,"Close",2,1,NA,NA,NA
"2257","Giannis Antetokounmpo",3032977,401469291,"2023",0,2.82842712474619,0,"Close",3,1,1,NA,NA
"2258","Giannis Antetokounmpo",3032977,401469291,"2023",1,3,0,"Close",4,0,1,1,2
"2259","Giannis Antetokounmpo",3032977,401469291,"2023",1,4.24264068711928,0,"Close",5,1,0,1,2
"2260","Giannis Antetokounmpo",3032977,401469291,"2023",1,3.60555127546399,0,"Close",6,1,1,0,2
"2261","Giannis Antetokounmpo",3032977,401469291,"2023",1,3,1,"Close",7,1,1,1,3
"2262","Giannis Antetokounmpo",3032977,401469291,"2023",1,13.4164078649987,1,"Midrange",8,1,1,1,3
"2263","Giannis Antetokounmpo",3032977,401469291,"2023",0,16.2788205960997,1,"Midrange",9,1,1,1,3
"2264","Giannis Antetokounmpo",3032977,401469291,"2023",0,5,0,"Close",10,0,1,1,2
"2265","Giannis Antetokounmpo",3032977,401469291,"2023",1,0,0,"Close",11,0,0,1,1
"2266","Giannis Antetokounmpo",3032977,401469291,"2023",1,3.60555127546399,0,"Close",12,1,0,0,1
"2267","Giannis Antetokounmpo",3032977,401469291,"2023",1,4,0,"Close",13,1,1,0,2
"2268","Giannis Antetokounmpo",3032977,401469291,"2023",1,2.23606797749979,1,"Close",14,1,1,1,3
"2269","Giannis Antetokounmpo",3032977,401469291,"2023",1,8.54400374531753,1,"Midrange",15,1,1,1,3
"2270","Giannis Antetokounmpo",3032977,401469291,"2023",1,1.4142135623731,1,"Close",16,1,1,1,3
"2271","Giannis Antetokounmpo",3032977,401469291,"2023",1,0,1,"Close",17,1,1,1,3
"2272","Giannis Antetokounmpo",3032977,401469291,"2023",0,6.40312423743285,1,"Close",18,1,1,1,3
"2273","Giannis Antetokounmpo",3032977,401524696,"2023",1,2,0,"Close",1,NA,NA,NA,NA
"2274","Giannis Antetokounmpo",3032977,401584799,"2024",0,4.24264068711928,0,"Close",1,NA,NA,NA,NA
"2275","Giannis Antetokounmpo",3032977,401584799,"2024",1,2.82842712474619,0,"Close",2,0,NA,NA,NA
"2276","Giannis Antetokounmpo",3032977,401584799,"2024",0,6.08276253029822,0,"Close",3,1,0,NA,NA
"2277","Giannis Antetokounmpo",3032977,401584799,"2024",1,3,0,"Close",4,0,1,0,1
"2278","Giannis Antetokounmpo",3032977,401584799,"2024",1,18.4390889145858,0,"Midrange",5,1,0,1,2
"2279","Giannis Antetokounmpo",3032977,401584799,"2024",1,1.4142135623731,0,"Close",6,1,1,0,2
"2280","Giannis Antetokounmpo",3032977,401584799,"2024",1,4.47213595499958,1,"Close",7,1,1,1,3
"2281","Giannis Antetokounmpo",3032977,401584799,"2024",1,17.0293863659264,1,"Midrange",8,1,1,1,3
"2282","Giannis Antetokounmpo",3032977,401584799,"2024",1,15.2970585407784,1,"Midrange",9,1,1,1,3
"2283","Giannis Antetokounmpo",3032977,401584799,"2024",1,2.23606797749979,1,"Close",10,1,1,1,3
"2284","Giannis Antetokounmpo",3032977,401584799,"2024",1,2,1,"Close",11,1,1,1,3
"2285","Giannis Antetokounmpo",3032977,401584799,"2024",0,27,1,"ThreePoint",12,1,1,1,3
"2286","Giannis Antetokounmpo",3032977,401584799,"2024",1,2,0,"Close",13,0,1,1,2
"2287","Giannis Antetokounmpo",3032977,401584799,"2024",1,2.82842712474619,0,"Close",14,1,0,1,2
"2288","Giannis Antetokounmpo",3032977,401584799,"2024",1,0,0,"Close",15,1,1,0,2
"2289","Giannis Antetokounmpo",3032977,401584799,"2024",0,3.60555127546399,1,"Close",16,1,1,1,3
"2290","Giannis Antetokounmpo",3032977,401584799,"2024",1,2.23606797749979,0,"Close",17,0,1,1,2
"2291","Giannis Antetokounmpo",3032977,401584799,"2024",1,1,0,"Close",18,1,0,1,2
"2292","Giannis Antetokounmpo",3032977,401584799,"2024",1,3.16227766016838,0,"Close",19,1,1,0,2
"2293","Giannis Antetokounmpo",3032977,401584799,"2024",1,3.60555127546399,1,"Close",20,1,1,1,3
"2294","Giannis Antetokounmpo",3032977,401584799,"2024",1,3.16227766016838,1,"Close",21,1,1,1,3
"2295","Giannis Antetokounmpo",3032977,401584799,"2024",1,2.82842712474619,1,"Close",22,1,1,1,3
"2296","Giannis Antetokounmpo",3032977,401584799,"2024",1,6.08276253029822,1,"Close",23,1,1,1,3
"2297","Giannis Antetokounmpo",3032977,401584799,"2024",0,18.3847763108502,1,"Midrange",24,1,1,1,3
"2298","Giannis Antetokounmpo",3032977,401584799,"2024",0,6.70820393249937,0,"Close",25,0,1,1,2
"2299","Giannis Antetokounmpo",3032977,401584847,"2024",1,1.4142135623731,0,"Close",1,NA,NA,NA,NA
"2300","Giannis Antetokounmpo",3032977,401584847,"2024",1,2,0,"Close",2,1,NA,NA,NA
"2301","Giannis Antetokounmpo",3032977,401584847,"2024",1,2.82842712474619,0,"Close",3,1,1,NA,NA
"2302","Giannis Antetokounmpo",3032977,401584847,"2024",1,2.23606797749979,1,"Close",4,1,1,1,3
"2303","Giannis Antetokounmpo",3032977,401584847,"2024",1,1.4142135623731,1,"Close",5,1,1,1,3
"2304","Giannis Antetokounmpo",3032977,401584847,"2024",0,4.12310562561766,1,"Close",6,1,1,1,3
"2305","Giannis Antetokounmpo",3032977,401584847,"2024",1,2.23606797749979,0,"Close",7,0,1,1,2
"2306","Giannis Antetokounmpo",3032977,401584847,"2024",1,2.82842712474619,0,"Close",8,1,0,1,2
"2307","Giannis Antetokounmpo",3032977,401584847,"2024",1,2.23606797749979,0,"Close",9,1,1,0,2
"2308","Giannis Antetokounmpo",3032977,401584847,"2024",1,3.60555127546399,1,"Close",10,1,1,1,3
"2309","Giannis Antetokounmpo",3032977,401584847,"2024",1,2.23606797749979,1,"Close",11,1,1,1,3
"2310","Giannis Antetokounmpo",3032977,401584847,"2024",1,1.4142135623731,1,"Close",12,1,1,1,3
"2311","Giannis Antetokounmpo",3032977,401584847,"2024",1,15.2315462117278,1,"Midrange",13,1,1,1,3
"2312","Giannis Antetokounmpo",3032977,401584847,"2024",1,4.24264068711928,1,"Close",14,1,1,1,3
"2313","Giannis Antetokounmpo",3032977,401584847,"2024",1,5.09901951359278,1,"Close",15,1,1,1,3
"2314","Giannis Antetokounmpo",3032977,401584847,"2024",0,4.47213595499958,1,"Close",16,1,1,1,3
"2315","Giannis Antetokounmpo",3032977,401584847,"2024",1,0,0,"Close",17,0,1,1,2
"2316","Giannis Antetokounmpo",3032977,401584847,"2024",1,16.1554944214035,0,"Midrange",18,1,0,1,2
"2317","Giannis Antetokounmpo",3032977,401584847,"2024",1,3.60555127546399,0,"Close",19,1,1,0,2
"2318","Giannis Antetokounmpo",3032977,401584847,"2024",1,4.47213595499958,1,"Close",20,1,1,1,3
"2319","Giannis Antetokounmpo",3032977,401584847,"2024",1,0,1,"Close",21,1,1,1,3
"2320","Giannis Antetokounmpo",3032977,401584847,"2024",0,13.4536240470737,1,"Midrange",22,1,1,1,3
"2321","Giannis Antetokounmpo",3032977,401584847,"2024",1,2.23606797749979,0,"Close",23,0,1,1,2
"2322","Giannis Antetokounmpo",3032977,401585330,"2024",1,1.4142135623731,0,"Close",1,NA,NA,NA,NA
"2323","Giannis Antetokounmpo",3032977,401585330,"2024",0,26.0192236625154,0,"ThreePoint",2,1,NA,NA,NA
"2324","Giannis Antetokounmpo",3032977,401585330,"2024",1,4.12310562561766,0,"Close",3,0,1,NA,NA
"2325","Giannis Antetokounmpo",3032977,401585330,"2024",1,17.8885438199983,0,"Midrange",4,1,0,1,2
"2326","Giannis Antetokounmpo",3032977,401585330,"2024",1,0,0,"Close",5,1,1,0,2
"2327","Giannis Antetokounmpo",3032977,401585330,"2024",0,18.3847763108502,1,"Midrange",6,1,1,1,3
"2328","Giannis Antetokounmpo",3032977,401585330,"2024",0,4,0,"Close",7,0,1,1,2
"2329","Giannis Antetokounmpo",3032977,401585330,"2024",0,9,0,"Midrange",8,0,0,1,1
"2330","Giannis Antetokounmpo",3032977,401585330,"2024",1,1,0,"Close",9,0,0,0,0
"2331","Giannis Antetokounmpo",3032977,401585330,"2024",1,26,0,"ThreePoint",10,1,0,0,1
"2332","Giannis Antetokounmpo",3032977,401585330,"2024",1,2,0,"Close",11,1,1,0,2
"2333","Giannis Antetokounmpo",3032977,401585330,"2024",1,4.12310562561766,1,"Close",12,1,1,1,3
"2334","Giannis Antetokounmpo",3032977,401585330,"2024",1,4.12310562561766,1,"Close",13,1,1,1,3
"2335","Giannis Antetokounmpo",3032977,401585330,"2024",0,1,1,"Close",14,1,1,1,3
"2336","Giannis Antetokounmpo",3032977,401585330,"2024",0,25.4558441227157,0,"ThreePoint",15,0,1,1,2
"2337","Giannis Antetokounmpo",3032977,401585330,"2024",1,1.4142135623731,0,"Close",16,0,0,1,1
"2338","Giannis Antetokounmpo",3032977,401585330,"2024",1,2.82842712474619,0,"Close",17,1,0,0,1
"2339","Giannis Antetokounmpo",3032977,401585330,"2024",0,20.6155281280883,0,"Midrange",18,1,1,0,2
"2340","Giannis Antetokounmpo",3032977,401585330,"2024",1,25.9615099714943,0,"ThreePoint",19,0,1,1,2
"2341","Giannis Antetokounmpo",3032977,401585330,"2024",1,2.23606797749979,0,"Close",20,1,0,1,2
"2342","Giannis Antetokounmpo",3032977,401585330,"2024",1,19.2093727122985,0,"Midrange",21,1,1,0,2
"2343","Giannis Antetokounmpo",3032977,401585330,"2024",1,1,1,"Close",22,1,1,1,3
"2344","Giannis Antetokounmpo",3032977,401585330,"2024",1,1.4142135623731,1,"Close",23,1,1,1,3
"2345","Giannis Antetokounmpo",3032977,401585330,"2024",1,1,1,"Close",24,1,1,1,3
"2346","Giannis Antetokounmpo",3032977,401585330,"2024",1,1,1,"Close",25,1,1,1,3
"2347","Giannis Antetokounmpo",3032977,401585330,"2024",1,2.23606797749979,1,"Close",26,1,1,1,3
"2348","Giannis Antetokounmpo",3032977,401585330,"2024",1,3.16227766016838,1,"Close",27,1,1,1,3
"2349","Giannis Antetokounmpo",3032977,401585330,"2024",0,26.0768096208106,1,"ThreePoint",28,1,1,1,3
"2350","Goran Dragic",3423,400900448,"2017",0,25,0,"ThreePoint",1,NA,NA,NA,NA
"2351","Goran Dragic",3423,400900448,"2017",0,1,0,"Close",2,0,NA,NA,NA
"2352","Goran Dragic",3423,400900448,"2017",0,1,0,"Close",3,0,0,NA,NA
"2353","Goran Dragic",3423,400900448,"2017",1,12.0415945787923,0,"Midrange",4,0,0,0,0
"2354","Goran Dragic",3423,400900448,"2017",0,11,0,"Midrange",5,1,0,0,1
"2355","Goran Dragic",3423,400900448,"2017",0,26.9258240356725,0,"ThreePoint",6,0,1,0,1
"2356","Goran Dragic",3423,400900448,"2017",0,12.7279220613579,0,"Midrange",7,0,0,1,1
"2357","Goran Dragic",3423,400900448,"2017",1,23.0217288664427,0,"ThreePoint",8,0,0,0,0
"2358","Goran Dragic",3423,400900448,"2017",0,2,0,"Close",9,1,0,0,1
"2359","Goran Dragic",3423,400900448,"2017",1,24.1660919471891,0,"ThreePoint",10,0,1,0,1
"2360","Goran Dragic",3423,400900448,"2017",0,1.4142135623731,0,"Close",11,1,0,1,2
"2361","Goran Dragic",3423,400900448,"2017",1,15.8113883008419,0,"Midrange",12,0,1,0,1
"2362","Goran Dragic",3423,400900448,"2017",1,1,0,"Close",13,1,0,1,2
"2363","Goran Dragic",3423,400900448,"2017",1,14.560219778561,0,"Midrange",14,1,1,0,2
"2364","Goran Dragic",3423,400900448,"2017",0,24.5967477524977,1,"ThreePoint",15,1,1,1,3
"2365","Gordon Hayward",4249,400828267,"2016",1,25,0,"ThreePoint",1,NA,NA,NA,NA
"2366","Gordon Hayward",4249,400828267,"2016",1,25.4950975679639,0,"ThreePoint",2,1,NA,NA,NA
"2367","Gordon Hayward",4249,400828267,"2016",0,24.1660919471891,0,"ThreePoint",3,1,1,NA,NA
"2368","Gordon Hayward",4249,400828267,"2016",0,2.82842712474619,0,"Close",4,0,1,1,2
"2369","Gordon Hayward",4249,400828267,"2016",0,18.4390889145858,0,"Midrange",5,0,0,1,1
"2370","Gordon Hayward",4249,400828267,"2016",0,2,0,"Close",6,0,0,0,0
"2371","Gordon Hayward",4249,400828267,"2016",0,23.5372045918796,0,"ThreePoint",7,0,0,0,0
"2372","Gordon Hayward",4249,400828267,"2016",1,23.0867927612304,0,"ThreePoint",8,0,0,0,0
"2373","Gordon Hayward",4249,400828267,"2016",0,25.4558441227157,0,"ThreePoint",9,1,0,0,1
"2374","Gordon Hayward",4249,400828267,"2016",0,24.0831891575846,0,"ThreePoint",10,0,1,0,1
"2375","Gordon Hayward",4249,400828267,"2016",1,6.40312423743285,0,"Close",11,0,0,1,1
"2376","Gordon Hayward",4249,400935635,"2017",0,26.2488094968134,0,"ThreePoint",1,NA,NA,NA,NA
"2377","Gordon Hayward",4249,400935635,"2017",1,2,0,"Close",2,0,NA,NA,NA
"2378","Gordon Hayward",4249,400935635,"2017",1,0,0,"Close",3,1,0,NA,NA
"2379","Gordon Hayward",4249,400935635,"2017",1,0,0,"Close",4,1,1,0,2
"2380","Gordon Hayward",4249,400935635,"2017",0,26.8700576850888,1,"ThreePoint",5,1,1,1,3
"2381","Gordon Hayward",4249,400935635,"2017",1,1,0,"Close",6,0,1,1,2
"2382","Gordon Hayward",4249,400935635,"2017",0,24.0208242989286,0,"ThreePoint",7,1,0,1,2
"2383","Harrison Barnes",6578,400975000,"2018",1,2.23606797749979,0,"Close",1,NA,NA,NA,NA
"2384","Harrison Barnes",6578,400975000,"2018",0,18.4390889145858,0,"Midrange",2,1,NA,NA,NA
"2385","Harrison Barnes",6578,400975000,"2018",0,14,0,"Midrange",3,0,1,NA,NA
"2386","Harrison Barnes",6578,400975000,"2018",1,5,0,"Close",4,0,0,1,1
"2387","Harrison Barnes",6578,400975000,"2018",0,2.23606797749979,0,"Close",5,1,0,0,1
"2388","Harrison Barnes",6578,400975000,"2018",1,17.1172427686237,0,"Midrange",6,0,1,0,1
"2389","Harrison Barnes",6578,400975000,"2018",1,17.7200451466693,0,"Midrange",7,1,0,1,2
"2390","Harrison Barnes",6578,400975000,"2018",0,25.1793566240283,0,"ThreePoint",8,1,1,0,2
"2391","Harrison Barnes",6578,400975000,"2018",1,25.0798724079689,0,"ThreePoint",9,0,1,1,2
"2392","Harrison Barnes",6578,400975000,"2018",0,9.21954445729289,0,"Midrange",10,1,0,1,2
"2393","Harrison Barnes",6578,400975000,"2018",1,6.70820393249937,0,"Close",11,0,1,0,1
"2394","Harrison Barnes",6578,400975000,"2018",1,3,0,"Close",12,1,0,1,2
"2395","Harrison Barnes",6578,400975000,"2018",1,18.3847763108502,0,"Midrange",13,1,1,0,2
"2396","Harrison Barnes",6578,400975000,"2018",1,5.09901951359278,1,"Close",14,1,1,1,3
"2397","Harrison Barnes",6578,400975000,"2018",0,14.142135623731,1,"Midrange",15,1,1,1,3
"2398","Harrison Barnes",6578,400975000,"2018",0,26.8328157299975,0,"ThreePoint",16,0,1,1,2
"2399","Harrison Barnes",6578,400975000,"2018",0,6.08276253029822,0,"Close",17,0,0,1,1
"2400","Harrison Barnes",6578,400975000,"2018",1,6.32455532033676,0,"Close",18,0,0,0,0
"2401","Harrison Barnes",6578,400975000,"2018",0,25.5538646783613,0,"ThreePoint",19,1,0,0,1
"2402","Harrison Barnes",6578,400975000,"2018",0,27.2946881279124,0,"ThreePoint",20,0,1,0,1
"2403","Harrison Barnes",6578,400975000,"2018",0,18.6010752377383,0,"Midrange",21,0,0,1,1
"2404","Harrison Barnes",6578,401070790,"2019",0,17.1172427686237,0,"Midrange",1,NA,NA,NA,NA
"2405","Harrison Barnes",6578,401070790,"2019",1,26,0,"ThreePoint",2,0,NA,NA,NA
"2406","Harrison Barnes",6578,401070790,"2019",0,3.60555127546399,0,"Close",3,1,0,NA,NA
"2407","Harrison Barnes",6578,401070790,"2019",0,19.4164878389476,0,"Midrange",4,0,1,0,1
"2408","Harrison Barnes",6578,401070790,"2019",1,13,0,"Midrange",5,0,0,1,1
"2409","Harrison Barnes",6578,401070790,"2019",0,5.09901951359278,0,"Close",6,1,0,0,1
"2410","Harrison Barnes",6578,401070790,"2019",0,2.23606797749979,0,"Close",7,0,1,0,1
"2411","Harrison Barnes",6578,401070790,"2019",1,26.8328157299975,0,"ThreePoint",8,0,0,1,1
"2412","Harrison Barnes",6578,401070790,"2019",0,26,0,"ThreePoint",9,1,0,0,1
"2413","Harrison Barnes",6578,401070790,"2019",1,6.08276253029822,0,"Close",10,0,1,0,1
"2414","Harrison Barnes",6578,401070790,"2019",1,27.0185121722126,0,"ThreePoint",11,1,0,1,2
"2415","Harrison Barnes",6578,401070790,"2019",0,23.0217288664427,0,"ThreePoint",12,1,1,0,2
"2416","Harrison Barnes",6578,401070790,"2019",0,4.12310562561766,0,"Close",13,0,1,1,2
"2417","Harrison Barnes",6578,401070790,"2019",0,7.07106781186548,0,"Close",14,0,0,1,1
"2418","Harrison Barnes",6578,401070790,"2019",0,2.23606797749979,0,"Close",15,0,0,0,0
"2419","Harrison Barnes",6578,401070790,"2019",1,24.3310501211929,0,"ThreePoint",16,0,0,0,0
"2420","Hassan Whiteside",4262,400900448,"2017",0,3.60555127546399,0,"Close",1,NA,NA,NA,NA
"2421","Hassan Whiteside",4262,400900448,"2017",0,21.2602916254693,0,"Midrange",2,0,NA,NA,NA
"2422","Hassan Whiteside",4262,400900448,"2017",1,0,0,"Close",3,0,0,NA,NA
"2423","Hassan Whiteside",4262,400900448,"2017",0,18.3575597506858,0,"Midrange",4,1,0,0,1
"2424","Hassan Whiteside",4262,400900448,"2017",0,3.16227766016838,0,"Close",5,0,1,0,1
"2425","Hassan Whiteside",4262,400900448,"2017",0,9.4339811320566,0,"Midrange",6,0,0,1,1
"2426","Hassan Whiteside",4262,400900448,"2017",0,7.07106781186548,0,"Close",7,0,0,0,0
"2427","Hassan Whiteside",4262,400900448,"2017",1,2,0,"Close",8,0,0,0,0
"2428","Hassan Whiteside",4262,400900448,"2017",0,5.09901951359278,0,"Close",9,1,0,0,1
"2429","Hassan Whiteside",4262,400900448,"2017",0,1,0,"Close",10,0,1,0,1
"2430","Hassan Whiteside",4262,400900448,"2017",0,6.32455532033676,0,"Close",11,0,0,1,1
"2431","Hassan Whiteside",4262,400900448,"2017",1,4,0,"Close",12,0,0,0,0
"2432","Hassan Whiteside",4262,400900448,"2017",1,0,0,"Close",13,1,0,0,1
"2433","Hassan Whiteside",4262,400900448,"2017",1,0,0,"Close",14,1,1,0,2
"2434","Hassan Whiteside",4262,400900448,"2017",1,0,1,"Close",15,1,1,1,3
"2435","Hassan Whiteside",4262,400900448,"2017",1,0,1,"Close",16,1,1,1,3
"2436","Hassan Whiteside",4262,400900448,"2017",1,2.23606797749979,1,"Close",17,1,1,1,3
"2437","Hassan Whiteside",4262,400900448,"2017",1,12.0415945787923,1,"Midrange",18,1,1,1,3
"2438","Isaiah Thomas",6472,400828415,"2016",1,16,0,"Midrange",1,NA,NA,NA,NA
"2439","Isaiah Thomas",6472,400828415,"2016",0,1.4142135623731,0,"Close",2,1,NA,NA,NA
"2440","Isaiah Thomas",6472,400828415,"2016",0,24.6981780704569,0,"ThreePoint",3,0,1,NA,NA
"2441","Isaiah Thomas",6472,400828415,"2016",0,2,0,"Close",4,0,0,1,1
"2442","Isaiah Thomas",6472,400828415,"2016",0,18.3847763108502,0,"Midrange",5,0,0,0,0
"2443","Isaiah Thomas",6472,400828415,"2016",0,2.23606797749979,0,"Close",6,0,0,0,0
"2444","Isaiah Thomas",6472,400828415,"2016",0,25.9615099714943,0,"ThreePoint",7,0,0,0,0
"2445","Isaiah Thomas",6472,400828415,"2016",0,2,0,"Close",8,0,0,0,0
"2446","Isaiah Thomas",6472,400828415,"2016",0,10.295630140987,0,"Midrange",9,0,0,0,0
"2447","Isaiah Thomas",6472,400828415,"2016",0,26.8328157299975,0,"ThreePoint",10,0,0,0,0
"2448","Isaiah Thomas",6472,400828415,"2016",0,1,0,"Close",11,0,0,0,0
"2449","Isaiah Thomas",6472,400828415,"2016",0,24.3515913237718,0,"ThreePoint",12,0,0,0,0
"2450","Isaiah Thomas",6472,400828415,"2016",0,17.8885438199983,0,"Midrange",13,0,0,0,0
"2451","Isaiah Thomas",6472,400828415,"2016",0,26.2488094968134,0,"ThreePoint",14,0,0,0,0
"2452","Isaiah Thomas",6472,400828415,"2016",0,13.4536240470737,0,"Midrange",15,0,0,0,0
"2453","Isaiah Thomas",6472,400828415,"2016",1,1.4142135623731,0,"Close",16,0,0,0,0
"2454","Isaiah Thomas",6472,400828415,"2016",1,1,0,"Close",17,1,0,0,1
"2455","Isaiah Thomas",6472,400828415,"2016",1,24.6981780704569,0,"ThreePoint",18,1,1,0,2
"2456","Isaiah Thomas",6472,400828415,"2016",1,2.23606797749979,1,"Close",19,1,1,1,3
"2457","Isaiah Thomas",6472,400828415,"2016",1,2.23606797749979,1,"Close",20,1,1,1,3
"2458","Isaiah Thomas",6472,400935635,"2017",1,1,0,"Close",1,NA,NA,NA,NA
"2459","Isaiah Thomas",6472,400935635,"2017",0,2.23606797749979,0,"Close",2,1,NA,NA,NA
"2460","Isaiah Thomas",6472,400935635,"2017",1,25,0,"ThreePoint",3,0,1,NA,NA
"2461","Isaiah Thomas",6472,400935635,"2017",1,25.2388589282479,0,"ThreePoint",4,1,0,1,2
"2462","Isaiah Thomas",6472,400935635,"2017",1,26,0,"ThreePoint",5,1,1,0,2
"2463","Isaiah Thomas",6472,400935635,"2017",0,25.6124969497314,1,"ThreePoint",6,1,1,1,3
"2464","Isaiah Thomas",6472,400935635,"2017",0,1.4142135623731,0,"Close",7,0,1,1,2
"2465","Isaiah Thomas",6472,400935635,"2017",0,25,0,"ThreePoint",8,0,0,1,1
"2466","Isaiah Thomas",6472,400935635,"2017",0,24.0208242989286,0,"ThreePoint",9,0,0,0,0
"2467","Isaiah Thomas",6472,400935635,"2017",1,2,0,"Close",10,0,0,0,0
"2468","Isaiah Thomas",6472,400935635,"2017",0,23.6008474424119,0,"ThreePoint",11,1,0,0,1
"2469","Isaiah Thomas",6472,400935635,"2017",0,24.4131112314674,0,"ThreePoint",12,0,1,0,1
"2470","Isaiah Thomas",6472,400935635,"2017",1,1,0,"Close",13,0,0,1,1
"2471","Isaiah Thomas",6472,400935635,"2017",1,23.0217288664427,0,"ThreePoint",14,1,0,0,1
"2472","Isaiah Thomas",6472,400935635,"2017",0,24,0,"ThreePoint",15,1,1,0,2
"2473","Ish Smith",4305,400827999,"2016",0,14.7648230602334,0,"Midrange",1,NA,NA,NA,NA
"2474","Ish Smith",4305,400827999,"2016",0,12.8062484748657,0,"Midrange",2,0,NA,NA,NA
"2475","Ish Smith",4305,400827999,"2016",1,2.23606797749979,0,"Close",3,0,0,NA,NA
"2476","Ish Smith",4305,400827999,"2016",1,1.4142135623731,0,"Close",4,1,0,0,1
"2477","Ish Smith",4305,400827999,"2016",0,2,0,"Close",5,1,1,0,2
"2478","Ish Smith",4305,400827999,"2016",1,1,0,"Close",6,0,1,1,2
"2479","Ish Smith",4305,400827999,"2016",1,2,0,"Close",7,1,0,1,2
"2480","Ish Smith",4305,400827999,"2016",1,2,0,"Close",8,1,1,0,2
"2481","Ish Smith",4305,400827999,"2016",0,16.6433169770932,1,"Midrange",9,1,1,1,3
"2482","Ish Smith",4305,400827999,"2016",0,20,0,"Midrange",10,0,1,1,2
"2483","Ja Morant",4279888,401410564,"2022",0,1,0,"Close",1,NA,NA,NA,NA
"2484","Ja Morant",4279888,401410564,"2022",0,25.0199920063936,0,"ThreePoint",2,0,NA,NA,NA
"2485","Ja Morant",4279888,401410564,"2022",1,1,0,"Close",3,0,0,NA,NA
"2486","Ja Morant",4279888,401410564,"2022",1,0,0,"Close",4,1,0,0,1
"2487","Ja Morant",4279888,401410564,"2022",0,1,0,"Close",5,1,1,0,2
"2488","Ja Morant",4279888,401410564,"2022",1,1,0,"Close",6,0,1,1,2
"2489","Ja Morant",4279888,401524696,"2023",1,2.23606797749979,0,"Close",1,NA,NA,NA,NA
"2490","Ja Morant",4279888,401524696,"2023",1,1.4142135623731,0,"Close",2,1,NA,NA,NA
"2491","Ja Morant",4279888,401524696,"2023",0,2,0,"Close",3,1,1,NA,NA
"2492","Ja Morant",4279888,401524696,"2023",1,3,0,"Close",4,0,1,1,2
"2493","Jalen Brunson",3934672,401468920,"2023",1,7.07106781186548,0,"Close",1,NA,NA,NA,NA
"2494","Jalen Brunson",3934672,401468920,"2023",0,25.6124969497314,0,"ThreePoint",2,1,NA,NA,NA
"2495","Jalen Brunson",3934672,401468920,"2023",0,7.28010988928052,0,"Close",3,0,1,NA,NA
"2496","Jalen Brunson",3934672,401468920,"2023",1,4.47213595499958,0,"Close",4,0,0,1,1
"2497","Jalen Brunson",3934672,401468920,"2023",0,12.2065556157337,0,"Midrange",5,1,0,0,1
"2498","Jalen Brunson",3934672,401468920,"2023",0,4.47213595499958,0,"Close",6,0,1,0,1
"2499","Jalen Brunson",3934672,401468920,"2023",1,14.142135623731,0,"Midrange",7,0,0,1,1
"2500","Jalen Brunson",3934672,401468920,"2023",1,4.12310562561766,0,"Close",8,1,0,0,1
"2501","Jalen Brunson",3934672,401468920,"2023",0,2.23606797749979,0,"Close",9,1,1,0,2
"2502","Jalen Brunson",3934672,401468920,"2023",1,25.3179778023443,0,"ThreePoint",10,0,1,1,2
"2503","Jalen Brunson",3934672,401468920,"2023",0,7,0,"Close",11,1,0,1,2
"2504","Jalen Brunson",3934672,401468920,"2023",1,24,0,"ThreePoint",12,0,1,0,1
"2505","Jalen Brunson",3934672,401468920,"2023",1,18.6010752377383,0,"Midrange",13,1,0,1,2
"2506","Jalen Brunson",3934672,401468920,"2023",0,26.9072480941474,0,"ThreePoint",14,1,1,0,2
"2507","Jalen Brunson",3934672,401468920,"2023",0,12.2065556157337,0,"Midrange",15,0,1,1,2
"2508","Jalen Brunson",3934672,401468920,"2023",1,11.4017542509914,0,"Midrange",16,0,0,1,1
"2509","Jalen Brunson",3934672,401468920,"2023",1,5.09901951359278,0,"Close",17,1,0,0,1
"2510","Jalen Brunson",3934672,401468920,"2023",1,9.05538513813742,0,"Midrange",18,1,1,0,2
"2511","Jalen Brunson",3934672,401468920,"2023",0,10.1980390271856,1,"Midrange",19,1,1,1,3
"2512","Jalen Brunson",3934672,401468920,"2023",0,6,0,"Close",20,0,1,1,2
"2513","Jalen Brunson",3934672,401468920,"2023",0,25.2388589282479,0,"ThreePoint",21,0,0,1,1
"2514","Jalen Brunson",3934672,401468920,"2023",0,25.4950975679639,0,"ThreePoint",22,0,0,0,0
"2515","Jalen Brunson",3934672,401468920,"2023",0,10.0498756211209,0,"Midrange",23,0,0,0,0
"2516","Jalen Brunson",3934672,401468920,"2023",0,2,0,"Close",24,0,0,0,0
"2517","Jalen Brunson",3934672,401468920,"2023",1,2.23606797749979,0,"Close",25,0,0,0,0
"2518","Jalen Brunson",3934672,401468920,"2023",0,7.07106781186548,0,"Close",26,1,0,0,1
"2519","Jalen Brunson",3934672,401468920,"2023",1,2.23606797749979,0,"Close",27,0,1,0,1
"2520","Jalen Brunson",3934672,401468920,"2023",1,7.07106781186548,0,"Close",28,1,0,1,2
"2521","Jalen Brunson",3934672,401468920,"2023",0,25.9422435421457,0,"ThreePoint",29,1,1,0,2
"2522","Jalen Brunson",3934672,401584961,"2024",1,10,0,"Midrange",1,NA,NA,NA,NA
"2523","Jalen Brunson",3934672,401584961,"2024",0,12.369316876853,0,"Midrange",2,1,NA,NA,NA
"2524","Jalen Brunson",3934672,401584961,"2024",0,19.8494332412792,0,"Midrange",3,0,1,NA,NA
"2525","Jalen Brunson",3934672,401584961,"2024",1,7.81024967590665,0,"Close",4,0,0,1,1
"2526","Jalen Brunson",3934672,401584961,"2024",1,1,0,"Close",5,1,0,0,1
"2527","Jalen Brunson",3934672,401584961,"2024",0,5,0,"Close",6,1,1,0,2
"2528","Jalen Brunson",3934672,401584961,"2024",0,8.54400374531753,0,"Midrange",7,0,1,1,2
"2529","Jalen Brunson",3934672,401584961,"2024",0,5.8309518948453,0,"Close",8,0,0,1,1
"2530","Jalen Brunson",3934672,401584961,"2024",1,2.23606797749979,0,"Close",9,0,0,0,0
"2531","Jalen Brunson",3934672,401584961,"2024",0,2.23606797749979,0,"Close",10,1,0,0,1
"2532","Jalen Brunson",3934672,401584961,"2024",1,24.7588368062799,0,"ThreePoint",11,0,1,0,1
"2533","Jalen Brunson",3934672,401584961,"2024",1,25.2388589282479,0,"ThreePoint",12,1,0,1,2
"2534","Jalen Brunson",3934672,401584961,"2024",1,27.0185121722126,0,"ThreePoint",13,1,1,0,2
"2535","Jalen Brunson",3934672,401584961,"2024",1,27.2029410174709,1,"ThreePoint",14,1,1,1,3
"2536","Jalen Brunson",3934672,401584961,"2024",1,27.8567765543682,1,"ThreePoint",15,1,1,1,3
"2537","Jalen Brunson",3934672,401584961,"2024",1,11.1803398874989,1,"Midrange",16,1,1,1,3
"2538","Jalen Brunson",3934672,401584961,"2024",1,25.0798724079689,1,"ThreePoint",17,1,1,1,3
"2539","Jalen Brunson",3934672,401584961,"2024",1,13.1529464379659,1,"Midrange",18,1,1,1,3
"2540","Jalen Brunson",3934672,401584961,"2024",1,2.23606797749979,1,"Close",19,1,1,1,3
"2541","Jalen Brunson",3934672,401584961,"2024",1,2,1,"Close",20,1,1,1,3
"2542","Jalen Brunson",3934672,401584961,"2024",1,30.364452901378,1,"ThreePoint",21,1,1,1,3
"2543","Jalen Brunson",3934672,401584961,"2024",1,26.4007575648882,1,"ThreePoint",22,1,1,1,3
"2544","Jalen Brunson",3934672,401584961,"2024",1,25.9422435421457,1,"ThreePoint",23,1,1,1,3
"2545","Jalen Green",4437244,401584781,"2024",1,2.23606797749979,0,"Close",1,NA,NA,NA,NA
"2546","Jalen Green",4437244,401584781,"2024",0,25.298221281347,0,"ThreePoint",2,1,NA,NA,NA
"2547","Jalen Green",4437244,401584781,"2024",1,27.0739727413618,0,"ThreePoint",3,0,1,NA,NA
"2548","Jalen Green",4437244,401584781,"2024",0,17.7200451466693,0,"Midrange",4,1,0,1,2
"2549","Jalen Green",4437244,401584781,"2024",1,24.0416305603426,0,"ThreePoint",5,0,1,0,1
"2550","Jalen Green",4437244,401584781,"2024",1,26.2488094968134,0,"ThreePoint",6,1,0,1,2
"2551","Jalen Green",4437244,401584781,"2024",0,7.21110255092798,0,"Close",7,1,1,0,2
"2552","Jalen Green",4437244,401584781,"2024",1,5,0,"Close",8,0,1,1,2
"2553","Jalen Green",4437244,401584781,"2024",0,27.5862284482674,0,"ThreePoint",9,1,0,1,2
"2554","Jalen Williams",4593803,401703424,"2025",1,1.4142135623731,0,"Close",1,NA,NA,NA,NA
"2555","Jalen Williams",4593803,401703424,"2025",0,12.0415945787923,0,"Midrange",2,1,NA,NA,NA
"2556","Jalen Williams",4593803,401703424,"2025",0,28.0713376952364,0,"ThreePoint",3,0,1,NA,NA
"2557","Jalen Williams",4593803,401703424,"2025",1,1,0,"Close",4,0,0,1,1
"2558","Jalen Williams",4593803,401703424,"2025",1,4.12310562561766,0,"Close",5,1,0,0,1
"2559","Jalen Williams",4593803,401703424,"2025",0,18.3847763108502,0,"Midrange",6,1,1,0,2
"2560","Jalen Williams",4593803,401703424,"2025",1,1,0,"Close",7,0,1,1,2
"2561","Jalen Williams",4593803,401703424,"2025",1,1.4142135623731,0,"Close",8,1,0,1,2
"2562","Jalen Williams",4593803,401703424,"2025",1,2,0,"Close",9,1,1,0,2
"2563","Jalen Williams",4593803,401703424,"2025",0,4.47213595499958,1,"Close",10,1,1,1,3
"2564","Jalen Williams",4593803,401703424,"2025",1,13,0,"Midrange",11,0,1,1,2
"2565","Jalen Williams",4593803,401703424,"2025",1,14.0356688476182,0,"Midrange",12,1,0,1,2
"2566","Jalen Williams",4593803,401703424,"2025",1,29.5465734053883,0,"ThreePoint",13,1,1,0,2
"2567","Jalen Williams",4593803,401703424,"2025",1,3.16227766016838,1,"Close",14,1,1,1,3
"2568","Jalen Williams",4593803,401703424,"2025",1,1.4142135623731,1,"Close",15,1,1,1,3
"2569","Jalen Williams",4593803,401703424,"2025",1,13.0384048104053,1,"Midrange",16,1,1,1,3
"2570","Jalen Williams",4593803,401703424,"2025",0,25.4950975679639,1,"ThreePoint",17,1,1,1,3
"2571","Jalen Williams",4593803,401703424,"2025",0,27.2946881279124,0,"ThreePoint",18,0,1,1,2
"2572","Jamal Murray",3936299,400975511,"2018",0,2.82842712474619,0,"Close",1,NA,NA,NA,NA
"2573","Jamal Murray",3936299,400975511,"2018",1,17.464249196573,0,"Midrange",2,0,NA,NA,NA
"2574","Jamal Murray",3936299,400975511,"2018",0,24.1867732448956,0,"ThreePoint",3,1,0,NA,NA
"2575","Jamal Murray",3936299,400975511,"2018",0,2.82842712474619,0,"Close",4,0,1,0,1
"2576","Jamal Murray",3936299,400975511,"2018",1,3.60555127546399,0,"Close",5,0,0,1,1
"2577","Jamal Murray",3936299,400975511,"2018",0,2.23606797749979,0,"Close",6,1,0,0,1
"2578","Jamal Murray",3936299,400975511,"2018",1,24.1867732448956,0,"ThreePoint",7,0,1,0,1
"2579","Jamal Murray",3936299,400975511,"2018",1,15,0,"Midrange",8,1,0,1,2
"2580","Jamal Murray",3936299,400975511,"2018",1,25.2388589282479,0,"ThreePoint",9,1,1,0,2
"2581","Jamal Murray",3936299,400975511,"2018",1,24.7588368062799,1,"ThreePoint",10,1,1,1,3
"2582","Jamal Murray",3936299,400975511,"2018",1,25.1793566240283,1,"ThreePoint",11,1,1,1,3
"2583","Jamal Murray",3936299,400975511,"2018",1,12.0830459735946,1,"Midrange",12,1,1,1,3
"2584","Jamal Murray",3936299,400975511,"2018",0,10.4403065089106,1,"Midrange",13,1,1,1,3
"2585","Jamal Murray",3936299,400975511,"2018",1,22.0227155455452,0,"ThreePoint",14,0,1,1,2
"2586","Jamal Murray",3936299,400975511,"2018",0,2.82842712474619,0,"Close",15,1,0,1,2
"2587","Jamal Murray",3936299,400975511,"2018",0,22.0227155455452,0,"ThreePoint",16,0,1,0,1
"2588","Jamal Murray",3936299,400975511,"2018",0,24.2074368738204,0,"ThreePoint",17,0,0,1,1
"2589","Jamal Murray",3936299,400975511,"2018",1,9.8488578017961,0,"Midrange",18,0,0,0,0
"2590","Jamal Murray",3936299,400975511,"2018",1,17.1172427686237,0,"Midrange",19,1,0,0,1
"2591","Jamal Murray",3936299,400975511,"2018",1,5.8309518948453,0,"Close",20,1,1,0,2
"2592","Jamal Murray",3936299,400975511,"2018",1,2.23606797749979,1,"Close",21,1,1,1,3
"2593","Jamal Murray",3936299,400975511,"2018",1,1.4142135623731,1,"Close",22,1,1,1,3
"2594","Jamal Murray",3936299,400975511,"2018",0,19.2093727122985,1,"Midrange",23,1,1,1,3
"2595","Jamal Murray",3936299,401224793,"2020",1,25.4950975679639,0,"ThreePoint",1,NA,NA,NA,NA
"2596","Jamal Murray",3936299,401224793,"2020",1,26,0,"ThreePoint",2,1,NA,NA,NA
"2597","Jamal Murray",3936299,401224793,"2020",1,28.8444102037119,0,"ThreePoint",3,1,1,NA,NA
"2598","Jamal Murray",3936299,401224793,"2020",0,11.1803398874989,1,"Midrange",4,1,1,1,3
"2599","Jamal Murray",3936299,401224793,"2020",1,20.2237484161567,0,"Midrange",5,0,1,1,2
"2600","James Harden",3992,400935635,"2017",0,24.1867732448956,0,"ThreePoint",1,NA,NA,NA,NA
"2601","James Harden",3992,400935635,"2017",0,25.4558441227157,0,"ThreePoint",2,0,NA,NA,NA
"2602","James Harden",3992,400935635,"2017",1,28.2842712474619,0,"ThreePoint",3,0,0,NA,NA
"2603","James Harden",3992,400935635,"2017",0,26.9072480941474,0,"ThreePoint",4,1,0,0,1
"2604","James Harden",3992,400935635,"2017",1,27.6586333718787,0,"ThreePoint",5,0,1,0,1
"2605","James Harden",3992,400935635,"2017",0,26.9072480941474,0,"ThreePoint",6,1,0,1,2
"2606","James Harden",3992,400935635,"2017",1,40.0499687890016,0,"ThreePoint",7,0,1,0,1
"2607","James Harden",3992,400935635,"2017",1,26.4196896272458,0,"ThreePoint",8,1,0,1,2
"2608","James Harden",3992,400935635,"2017",0,25.2388589282479,0,"ThreePoint",9,1,1,0,2
"2609","James Harden",3992,400974891,"2018",1,14.3178210632764,0,"Midrange",1,NA,NA,NA,NA
"2610","James Harden",3992,400974891,"2018",1,25.9422435421457,0,"ThreePoint",2,1,NA,NA,NA
"2611","James Harden",3992,400974891,"2018",1,14.142135623731,0,"Midrange",3,1,1,NA,NA
"2612","James Harden",3992,400974891,"2018",1,28,1,"ThreePoint",4,1,1,1,3
"2613","James Harden",3992,400974891,"2018",1,2,1,"Close",5,1,1,1,3
"2614","James Harden",3992,400974891,"2018",1,10.770329614269,1,"Midrange",6,1,1,1,3
"2615","James Harden",3992,400974891,"2018",1,28.4429253066558,1,"ThreePoint",7,1,1,1,3
"2616","James Harden",3992,400974891,"2018",1,27.459060435492,1,"ThreePoint",8,1,1,1,3
"2617","James Harden",3992,400974891,"2018",1,26.4007575648882,1,"ThreePoint",9,1,1,1,3
"2618","James Harden",3992,400974891,"2018",1,14.2126704035519,1,"Midrange",10,1,1,1,3
"2619","James Harden",3992,400974891,"2018",0,14.3178210632764,1,"Midrange",11,1,1,1,3
"2620","James Harden",3992,400974891,"2018",1,4.12310562561766,0,"Close",12,0,1,1,2
"2621","James Harden",3992,400974891,"2018",0,16.9705627484771,0,"Midrange",13,1,0,1,2
"2622","James Harden",3992,400974891,"2018",1,26.2488094968134,0,"ThreePoint",14,0,1,0,1
"2623","James Harden",3992,400974891,"2018",0,3.60555127546399,0,"Close",15,1,0,1,2
"2624","James Harden",3992,400974891,"2018",1,2.23606797749979,0,"Close",16,0,1,0,1
"2625","James Harden",3992,400974891,"2018",1,25.4558441227157,0,"ThreePoint",17,1,0,1,2
"2626","James Harden",3992,400974891,"2018",1,1.4142135623731,0,"Close",18,1,1,0,2
"2627","James Harden",3992,400974891,"2018",1,2.23606797749979,1,"Close",19,1,1,1,3
"2628","James Harden",3992,400974891,"2018",1,1.4142135623731,1,"Close",20,1,1,1,3
"2629","James Harden",3992,400974891,"2018",1,1,1,"Close",21,1,1,1,3
"2630","James Harden",3992,400974891,"2018",1,2.23606797749979,1,"Close",22,1,1,1,3
"2631","James Harden",3992,400974891,"2018",0,26.9258240356725,1,"ThreePoint",23,1,1,1,3
"2632","James Harden",3992,400974891,"2018",0,11.1803398874989,0,"Midrange",24,0,1,1,2
"2633","James Harden",3992,400974891,"2018",0,16.1245154965971,0,"Midrange",25,0,0,1,1
"2634","James Harden",3992,401070948,"2019",0,11.0453610171873,0,"Midrange",1,NA,NA,NA,NA
"2635","James Harden",3992,401070948,"2019",1,1.4142135623731,0,"Close",2,0,NA,NA,NA
"2636","James Harden",3992,401070948,"2019",1,2.23606797749979,0,"Close",3,1,0,NA,NA
"2637","James Harden",3992,401070948,"2019",0,26.4007575648882,0,"ThreePoint",4,1,1,0,2
"2638","James Harden",3992,401070948,"2019",1,25.8069758011279,0,"ThreePoint",5,0,1,1,2
"2639","James Harden",3992,401070948,"2019",1,2.23606797749979,0,"Close",6,1,0,1,2
"2640","James Harden",3992,401070948,"2019",1,25.0798724079689,0,"ThreePoint",7,1,1,0,2
"2641","James Harden",3992,401070948,"2019",0,25.0599281722833,1,"ThreePoint",8,1,1,1,3
"2642","James Harden",3992,401070948,"2019",0,15.6524758424985,0,"Midrange",9,0,1,1,2
"2643","James Harden",3992,401070948,"2019",0,4.12310562561766,0,"Close",10,0,0,1,1
"2644","James Harden",3992,401070948,"2019",0,9,0,"Midrange",11,0,0,0,0
"2645","James Harden",3992,401070948,"2019",0,2.23606797749979,0,"Close",12,0,0,0,0
"2646","James Harden",3992,401070948,"2019",0,26.8700576850888,0,"ThreePoint",13,0,0,0,0
"2647","James Harden",3992,401070948,"2019",0,4.12310562561766,0,"Close",14,0,0,0,0
"2648","James Harden",3992,401070948,"2019",0,4.24264068711928,0,"Close",15,0,0,0,0
"2649","James Harden",3992,401070948,"2019",1,7.28010988928052,0,"Close",16,0,0,0,0
"2650","James Harden",3992,401070948,"2019",0,26.2488094968134,0,"ThreePoint",17,1,0,0,1
"2651","James Harden",3992,401070948,"2019",0,12.1655250605964,0,"Midrange",18,0,1,0,1
"2652","James Harden",3992,401070948,"2019",0,2.82842712474619,0,"Close",19,0,0,1,1
"2653","James Harden",3992,401070948,"2019",1,5,0,"Close",20,0,0,0,0
"2654","James Harden",3992,401070948,"2019",0,3.16227766016838,0,"Close",21,1,0,0,1
"2655","James Harden",3992,401070948,"2019",0,26.4196896272458,0,"ThreePoint",22,0,1,0,1
"2656","James Harden",3992,401070948,"2019",1,25.0199920063936,0,"ThreePoint",23,0,0,1,1
"2657","James Harden",3992,401070948,"2019",0,28.8444102037119,0,"ThreePoint",24,1,0,0,1
"2658","James Harden",3992,401070948,"2019",0,28.1602556806574,0,"ThreePoint",25,0,1,0,1
"2659","James Harden",3992,401070948,"2019",0,27.0185121722126,0,"ThreePoint",26,0,0,1,1
"2660","James Harden",3992,401070948,"2019",1,20.2484567313166,0,"Midrange",27,0,0,0,0
"2661","James Harden",3992,401071677,"2019",0,25,0,"ThreePoint",1,NA,NA,NA,NA
"2662","James Harden",3992,401071677,"2019",0,1,0,"Close",2,0,NA,NA,NA
"2663","James Harden",3992,401071677,"2019",0,6.08276253029822,0,"Close",3,0,0,NA,NA
"2664","James Harden",3992,401071677,"2019",0,0,0,"Close",4,0,0,0,0
"2665","James Harden",3992,401071677,"2019",0,25.0798724079689,0,"ThreePoint",5,0,0,0,0
"2666","James Harden",3992,401071677,"2019",0,12.0415945787923,0,"Midrange",6,0,0,0,0
"2667","James Harden",3992,401071677,"2019",1,24,0,"ThreePoint",7,0,0,0,0
"2668","James Harden",3992,401071677,"2019",0,25.2388589282479,0,"ThreePoint",8,1,0,0,1
"2669","James Harden",3992,401071677,"2019",0,2,0,"Close",9,0,1,0,1
"2670","James Harden",3992,401071677,"2019",0,2.23606797749979,0,"Close",10,0,0,1,1
"2671","James Harden",3992,401071677,"2019",0,25,0,"ThreePoint",11,0,0,0,0
"2672","James Harden",3992,401071677,"2019",0,2,0,"Close",12,0,0,0,0
"2673","James Harden",3992,401071677,"2019",1,6.32455532033676,0,"Close",13,0,0,0,0
"2674","James Harden",3992,401071677,"2019",1,2.23606797749979,0,"Close",14,1,0,0,1
"2675","James Harden",3992,401071677,"2019",1,27.6586333718787,0,"ThreePoint",15,1,1,0,2
"2676","James Harden",3992,401071677,"2019",0,27.0185121722126,1,"ThreePoint",16,1,1,1,3
"2677","James Harden",3992,401071677,"2019",0,3.16227766016838,0,"Close",17,0,1,1,2
"2678","James Harden",3992,401071677,"2019",0,25.7099202643649,0,"ThreePoint",18,0,0,1,1
"2679","James Harden",3992,401071677,"2019",1,24.738633753706,0,"ThreePoint",19,0,0,0,0
"2680","James Harden",3992,401071677,"2019",1,7.28010988928052,0,"Close",20,1,0,0,1
"2681","James Harden",3992,401071677,"2019",1,2.23606797749979,0,"Close",21,1,1,0,2
"2682","James Harden",3992,401098037,"2019",0,28.2842712474619,0,"ThreePoint",1,NA,NA,NA,NA
"2683","James Harden",3992,401098037,"2019",0,26.4196896272458,0,"ThreePoint",2,0,NA,NA,NA
"2684","James Harden",3992,401098037,"2019",1,26.6270539113887,0,"ThreePoint",3,0,0,NA,NA
"2685","James Harden",3992,401098037,"2019",0,26.3058928759318,0,"ThreePoint",4,1,0,0,1
"2686","James Harden",3992,401098037,"2019",0,28.1780056072107,0,"ThreePoint",5,0,1,0,1
"2687","James Harden",3992,401098037,"2019",0,27.8567765543682,0,"ThreePoint",6,0,0,1,1
"2688","James Harden",3992,401098037,"2019",0,28.7923600977759,0,"ThreePoint",7,0,0,0,0
"2689","James Harden",3992,401098037,"2019",1,26.8700576850888,0,"ThreePoint",8,0,0,0,0
"2690","James Harden",3992,401098037,"2019",0,26.9072480941474,0,"ThreePoint",9,1,0,0,1
"2691","James Harden",3992,401098037,"2019",1,26.5706605111728,0,"ThreePoint",10,0,1,0,1
"2692","James Harden",3992,401098037,"2019",0,26.9072480941474,0,"ThreePoint",11,1,0,1,2
"2693","James Harden",3992,401098037,"2019",0,27.0739727413618,0,"ThreePoint",12,0,1,0,1
"2694","James Harden",3992,401098037,"2019",1,30.4630924234556,0,"ThreePoint",13,0,0,1,1
"2695","James Harden",3992,401752956,"2025",1,27.8028775489157,0,"ThreePoint",1,NA,NA,NA,NA
"2696","Jaren Jackson Jr.",4277961,401360931,"2022",0,0,0,"Close",1,NA,NA,NA,NA
"2697","Jaren Jackson Jr.",4277961,401360931,"2022",0,29.5296461204668,0,"ThreePoint",2,0,NA,NA,NA
"2698","Jaren Jackson Jr.",4277961,401360931,"2022",1,4.24264068711928,0,"Close",3,0,0,NA,NA
"2699","Jaren Jackson Jr.",4277961,401360931,"2022",0,9.21954445729289,0,"Midrange",4,1,0,0,1
"2700","Jaren Jackson Jr.",4277961,401360931,"2022",0,24.6981780704569,0,"ThreePoint",5,0,1,0,1
"2701","Jaren Jackson Jr.",4277961,401360931,"2022",0,1.4142135623731,0,"Close",6,0,0,1,1
"2702","Jaren Jackson Jr.",4277961,401360931,"2022",0,28.6530975637888,0,"ThreePoint",7,0,0,0,0
"2703","Jaren Jackson Jr.",4277961,401360931,"2022",0,11.7046999107196,0,"Midrange",8,0,0,0,0
"2704","Jaren Jackson Jr.",4277961,401360931,"2022",0,25,0,"ThreePoint",9,0,0,0,0
"2705","Jaren Jackson Jr.",4277961,401360931,"2022",0,4.47213595499958,0,"Close",10,0,0,0,0
"2706","Jaren Jackson Jr.",4277961,401360931,"2022",1,2.23606797749979,0,"Close",11,0,0,0,0
"2707","Jaren Jackson Jr.",4277961,401360931,"2022",1,10.0498756211209,0,"Midrange",12,1,0,0,1
"2708","Jaren Jackson Jr.",4277961,401360931,"2022",1,4.47213595499958,0,"Close",13,1,1,0,2
"2709","Jaren Jackson Jr.",4277961,401360931,"2022",1,1,1,"Close",14,1,1,1,3
"2710","Jaylen Brown",3917376,401306581,"2021",1,1,0,"Close",1,NA,NA,NA,NA
"2711","Jaylen Brown",3917376,401306581,"2021",1,23.0867927612304,0,"ThreePoint",2,1,NA,NA,NA
"2712","Jaylen Brown",3917376,401306581,"2021",0,26.4007575648882,0,"ThreePoint",3,1,1,NA,NA
"2713","Jaylen Brown",3917376,401306581,"2021",1,1,0,"Close",4,0,1,1,2
"2714","Jaylen Brown",3917376,401306581,"2021",0,12.1655250605964,0,"Midrange",5,1,0,1,2
"2715","Jaylen Brown",3917376,401306581,"2021",1,24.0831891575846,0,"ThreePoint",6,0,1,0,1
"2716","Jaylen Brown",3917376,401306581,"2021",1,0,0,"Close",7,1,0,1,2
"2717","Jaylen Brown",3917376,401306581,"2021",1,25.4950975679639,0,"ThreePoint",8,1,1,0,2
"2718","Jaylen Brown",3917376,401306581,"2021",1,23.0217288664427,1,"ThreePoint",9,1,1,1,3
"2719","Jaylen Brown",3917376,401306581,"2021",0,36.0555127546399,1,"ThreePoint",10,1,1,1,3
"2720","Jaylen Brown",3917376,401306581,"2021",0,11.0453610171873,0,"Midrange",11,0,1,1,2
"2721","Jaylen Brown",3917376,401306581,"2021",1,25.0599281722833,0,"ThreePoint",12,0,0,1,1
"2722","Jaylen Brown",3917376,401524696,"2023",0,33.2866339541865,0,"ThreePoint",1,NA,NA,NA,NA
"2723","Jaylen Brown",3917376,401524696,"2023",1,3.16227766016838,0,"Close",2,0,NA,NA,NA
"2724","Jaylen Brown",3917376,401524696,"2023",1,3.16227766016838,0,"Close",3,1,0,NA,NA
"2725","Jaylen Brown",3917376,401524696,"2023",1,3.16227766016838,0,"Close",4,1,1,0,2
"2726","Jaylen Brown",3917376,401524696,"2023",1,2.23606797749979,1,"Close",5,1,1,1,3
"2727","Jaylen Brown",3917376,401524696,"2023",0,65,1,"ThreePoint",6,1,1,1,3
"2728","Jaylen Brown",3917376,401524696,"2023",1,31.1448230047949,0,"ThreePoint",7,0,1,1,2
"2729","Jaylen Brown",3917376,401524696,"2023",1,2,0,"Close",8,1,0,1,2
"2730","Jaylen Brown",3917376,401524696,"2023",0,26,0,"ThreePoint",9,1,1,0,2
"2731","Jaylen Brown",3917376,401524696,"2023",0,18.3847763108502,0,"Midrange",10,0,1,1,2
"2732","Jaylen Brown",3917376,401524696,"2023",0,23.3452350598575,0,"ThreePoint",11,0,0,1,1
"2733","Jaylen Brown",3917376,401524696,"2023",0,29,0,"ThreePoint",12,0,0,0,0
"2734","Jaylen Brown",3917376,401524696,"2023",1,2.82842712474619,0,"Close",13,0,0,0,0
"2735","Jaylen Brown",3917376,401524696,"2023",0,31.0161248385416,0,"ThreePoint",14,1,0,0,1
"2736","Jaylen Brown",3917376,401524696,"2023",0,0,0,"Close",15,0,1,0,1
"2737","Jaylen Brown",3917376,401524696,"2023",1,0,0,"Close",16,0,0,1,1
"2738","Jaylen Brown",3917376,401524696,"2023",1,15,0,"Midrange",17,1,0,0,1
"2739","Jaylen Brown",3917376,401524696,"2023",1,26.4764045897475,0,"ThreePoint",18,1,1,0,2
"2740","Jaylen Brown",3917376,401524696,"2023",0,25.4950975679639,1,"ThreePoint",19,1,1,1,3
"2741","Jaylen Brown",3917376,401524696,"2023",0,24.0208242989286,0,"ThreePoint",20,0,1,1,2
"2742","Jaylen Brown",3917376,401524696,"2023",1,3.16227766016838,0,"Close",21,0,0,1,1
"2743","Jaylen Brown",3917376,401524696,"2023",1,3.16227766016838,0,"Close",22,1,0,0,1
"2744","Jaylen Brown",3917376,401524696,"2023",1,5,0,"Close",23,1,1,0,2
"2745","Jaylen Brown",3917376,401524696,"2023",0,24.0208242989286,1,"ThreePoint",24,1,1,1,3
"2746","Jaylen Brown",3917376,401524696,"2023",1,4.24264068711928,0,"Close",25,0,1,1,2
"2747","Jaylen Brown",3917376,401524696,"2023",1,3.16227766016838,0,"Close",26,1,0,1,2
"2748","Jaylen Brown",3917376,401524696,"2023",1,30.4138126514911,0,"ThreePoint",27,1,1,0,2
"2749","Jaylen Brown",3917376,401752956,"2025",0,22.0227155455452,0,"ThreePoint",1,NA,NA,NA,NA
"2750","Jaylen Brown",3917376,401752956,"2025",1,3.16227766016838,0,"Close",2,0,NA,NA,NA
"2751","Jaylen Brown",3917376,401752956,"2025",1,12.1655250605964,0,"Midrange",3,1,0,NA,NA
"2752","Jaylen Brown",3917376,401752956,"2025",1,2.23606797749979,0,"Close",4,1,1,0,2
"2753","Jaylen Brown",3917376,401752956,"2025",1,1.4142135623731,1,"Close",5,1,1,1,3
"2754","Jayson Tatum",4065648,401070796,"2019",0,18.3847763108502,0,"Midrange",1,NA,NA,NA,NA
"2755","Jayson Tatum",4065648,401070796,"2019",0,24.738633753706,0,"ThreePoint",2,0,NA,NA,NA
"2756","Jayson Tatum",4065648,401070796,"2019",0,12.2065556157337,0,"Midrange",3,0,0,NA,NA
"2757","Jayson Tatum",4065648,401070796,"2019",0,15.0332963783729,0,"Midrange",4,0,0,0,0
"2758","Jayson Tatum",4065648,401070796,"2019",0,12.0415945787923,0,"Midrange",5,0,0,0,0
"2759","Jayson Tatum",4065648,401070796,"2019",1,23.0867927612304,0,"ThreePoint",6,0,0,0,0
"2760","Jayson Tatum",4065648,401070796,"2019",1,23.5372045918796,0,"ThreePoint",7,1,0,0,1
"2761","Jayson Tatum",4065648,401070796,"2019",1,1,0,"Close",8,1,1,0,2
"2762","Jayson Tatum",4065648,401070796,"2019",1,10.816653826392,1,"Midrange",9,1,1,1,3
"2763","Jayson Tatum",4065648,401070897,"2019",1,1,0,"Close",1,NA,NA,NA,NA
"2764","Jayson Tatum",4065648,401070897,"2019",0,17.4928556845359,0,"Midrange",2,1,NA,NA,NA
"2765","Jayson Tatum",4065648,401070897,"2019",0,19.9248588451713,0,"Midrange",3,0,1,NA,NA
"2766","Jayson Tatum",4065648,401070897,"2019",0,24.8394846967484,0,"ThreePoint",4,0,0,1,1
"2767","Jayson Tatum",4065648,401070897,"2019",0,26.1725046566048,0,"ThreePoint",5,0,0,0,0
"2768","Jayson Tatum",4065648,401070897,"2019",1,23.0217288664427,0,"ThreePoint",6,0,0,0,0
"2769","Jayson Tatum",4065648,401070897,"2019",1,17.6918060129541,0,"Midrange",7,1,0,0,1
"2770","Jayson Tatum",4065648,401070897,"2019",1,18.8679622641132,0,"Midrange",8,1,1,0,2
"2771","Jayson Tatum",4065648,401070897,"2019",0,19.723082923316,1,"Midrange",9,1,1,1,3
"2772","Jayson Tatum",4065648,401070897,"2019",1,3.60555127546399,0,"Close",10,0,1,1,2
"2773","Jayson Tatum",4065648,401070897,"2019",1,23.0867927612304,0,"ThreePoint",11,1,0,1,2
"2774","Jayson Tatum",4065648,401070897,"2019",1,7.07106781186548,0,"Close",12,1,1,0,2
"2775","Jayson Tatum",4065648,401070897,"2019",1,1.4142135623731,1,"Close",13,1,1,1,3
"2776","Jayson Tatum",4065648,401306581,"2021",0,25.4950975679639,0,"ThreePoint",1,NA,NA,NA,NA
"2777","Jayson Tatum",4065648,401306581,"2021",1,1,0,"Close",2,0,NA,NA,NA
"2778","Jayson Tatum",4065648,401306581,"2021",0,25.5538646783613,0,"ThreePoint",3,1,0,NA,NA
"2779","Jayson Tatum",4065648,401306581,"2021",0,25.8069758011279,0,"ThreePoint",4,0,1,0,1
"2780","Jayson Tatum",4065648,401306581,"2021",1,1,0,"Close",5,0,0,1,1
"2781","Jayson Tatum",4065648,401306581,"2021",1,1,0,"Close",6,1,0,0,1
"2782","Jayson Tatum",4065648,401306581,"2021",1,1,0,"Close",7,1,1,0,2
"2783","Jayson Tatum",4065648,401306581,"2021",1,24.6981780704569,1,"ThreePoint",8,1,1,1,3
"2784","Jayson Tatum",4065648,401306581,"2021",1,1,1,"Close",9,1,1,1,3
"2785","Jayson Tatum",4065648,401306581,"2021",1,23.7697286480094,1,"ThreePoint",10,1,1,1,3
"2786","Jayson Tatum",4065648,401306581,"2021",0,26.9258240356725,1,"ThreePoint",11,1,1,1,3
"2787","Jayson Tatum",4065648,401306581,"2021",0,23.1948270094864,0,"ThreePoint",12,0,1,1,2
"2788","Jayson Tatum",4065648,401306581,"2021",0,2.23606797749979,0,"Close",13,0,0,1,1
"2789","Jayson Tatum",4065648,401306581,"2021",1,1.4142135623731,0,"Close",14,0,0,0,0
"2790","Jayson Tatum",4065648,401306581,"2021",1,25.5538646783613,0,"ThreePoint",15,1,0,0,1
"2791","Jayson Tatum",4065648,401306581,"2021",0,25.4950975679639,0,"ThreePoint",16,1,1,0,2
"2792","Jayson Tatum",4065648,401410564,"2022",1,1,0,"Close",1,NA,NA,NA,NA
"2793","Jayson Tatum",4065648,401410564,"2022",1,1.4142135623731,0,"Close",2,1,NA,NA,NA
"2794","Jayson Tatum",4065648,401410564,"2022",0,26.4196896272458,0,"ThreePoint",3,1,1,NA,NA
"2795","Jayson Tatum",4065648,401410564,"2022",0,1,0,"Close",4,0,1,1,2
"2796","Jayson Tatum",4065648,401410564,"2022",0,1.4142135623731,0,"Close",5,0,0,1,1
"2797","Jayson Tatum",4065648,401410564,"2022",0,26.8700576850888,0,"ThreePoint",6,0,0,0,0
"2798","Jayson Tatum",4065648,401410564,"2022",1,1.4142135623731,0,"Close",7,0,0,0,0
"2799","Jayson Tatum",4065648,401410564,"2022",0,24.3310501211929,0,"ThreePoint",8,1,0,0,1
"2800","Jayson Tatum",4065648,401410564,"2022",1,1,0,"Close",9,0,1,0,1
"2801","Jayson Tatum",4065648,401410564,"2022",0,26.1725046566048,0,"ThreePoint",10,1,0,1,2
"2802","Jayson Tatum",4065648,401469336,"2023",1,1,0,"Close",1,NA,NA,NA,NA
"2803","Jayson Tatum",4065648,401469336,"2023",0,27.2946881279124,0,"ThreePoint",2,1,NA,NA,NA
"2804","Jayson Tatum",4065648,401469336,"2023",0,26.6833281282527,0,"ThreePoint",3,0,1,NA,NA
"2805","Jayson Tatum",4065648,401469336,"2023",0,4.24264068711928,0,"Close",4,0,0,1,1
"2806","Jayson Tatum",4065648,401469336,"2023",0,20.6155281280883,0,"Midrange",5,0,0,0,0
"2807","Jayson Tatum",4065648,401469336,"2023",1,1,0,"Close",6,0,0,0,0
"2808","Jayson Tatum",4065648,401469336,"2023",1,26.8700576850888,0,"ThreePoint",7,1,0,0,1
"2809","Jayson Tatum",4065648,401469336,"2023",0,26.9258240356725,0,"ThreePoint",8,1,1,0,2
"2810","Jayson Tatum",4065648,401469336,"2023",1,14.142135623731,0,"Midrange",9,0,1,1,2
"2811","Jayson Tatum",4065648,401469336,"2023",0,11.7046999107196,0,"Midrange",10,1,0,1,2
"2812","Jayson Tatum",4065648,401469336,"2023",1,1.4142135623731,0,"Close",11,0,1,0,1
"2813","Jayson Tatum",4065648,401469336,"2023",0,25.2388589282479,0,"ThreePoint",12,1,0,1,2
"2814","Jayson Tatum",4065648,401469336,"2023",0,0,0,"Close",13,0,1,0,1
"2815","Jayson Tatum",4065648,401469336,"2023",0,1,0,"Close",14,0,0,1,1
"2816","Jayson Tatum",4065648,401469336,"2023",1,26.6270539113887,0,"ThreePoint",15,0,0,0,0
"2817","Jayson Tatum",4065648,401469336,"2023",1,2.23606797749979,0,"Close",16,1,0,0,1
"2818","Jayson Tatum",4065648,401469336,"2023",0,26.2488094968134,0,"ThreePoint",17,1,1,0,2
"2819","Jayson Tatum",4065648,401469336,"2023",0,1.4142135623731,0,"Close",18,0,1,1,2
"2820","Jayson Tatum",4065648,401469336,"2023",0,25.4950975679639,0,"ThreePoint",19,0,0,1,1
"2821","Jayson Tatum",4065648,401469336,"2023",0,14.3178210632764,0,"Midrange",20,0,0,0,0
"2822","Jayson Tatum",4065648,401524696,"2023",0,23.3452350598575,0,"ThreePoint",1,NA,NA,NA,NA
"2823","Jayson Tatum",4065648,401524696,"2023",1,2,0,"Close",2,0,NA,NA,NA
"2824","Jayson Tatum",4065648,401524696,"2023",1,4.12310562561766,0,"Close",3,1,0,NA,NA
"2825","Jayson Tatum",4065648,401524696,"2023",0,32.0156211871642,0,"ThreePoint",4,1,1,0,2
"2826","Jayson Tatum",4065648,401524696,"2023",1,3.16227766016838,0,"Close",5,0,1,1,2
"2827","Jayson Tatum",4065648,401524696,"2023",1,2.23606797749979,0,"Close",6,1,0,1,2
"2828","Jayson Tatum",4065648,401524696,"2023",1,27.0185121722126,0,"ThreePoint",7,1,1,0,2
"2829","Jayson Tatum",4065648,401524696,"2023",1,3.60555127546399,1,"Close",8,1,1,1,3
"2830","Jayson Tatum",4065648,401524696,"2023",0,26.0768096208106,1,"ThreePoint",9,1,1,1,3
"2831","Jayson Tatum",4065648,401524696,"2023",1,2.82842712474619,0,"Close",10,0,1,1,2
"2832","Jayson Tatum",4065648,401524696,"2023",1,2.23606797749979,0,"Close",11,1,0,1,2
"2833","Jayson Tatum",4065648,401524696,"2023",1,2.23606797749979,0,"Close",12,1,1,0,2
"2834","Jayson Tatum",4065648,401524696,"2023",1,25.9422435421457,1,"ThreePoint",13,1,1,1,3
"2835","Jayson Tatum",4065648,401524696,"2023",1,26.4007575648882,1,"ThreePoint",14,1,1,1,3
"2836","Jayson Tatum",4065648,401524696,"2023",1,25.8069758011279,1,"ThreePoint",15,1,1,1,3
"2837","Jayson Tatum",4065648,401524696,"2023",1,23,1,"ThreePoint",16,1,1,1,3
"2838","Jayson Tatum",4065648,401524696,"2023",1,26.4007575648882,1,"ThreePoint",17,1,1,1,3
"2839","Jayson Tatum",4065648,401524696,"2023",0,37.6961536499415,1,"ThreePoint",18,1,1,1,3
"2840","Jayson Tatum",4065648,401524696,"2023",1,23.1948270094864,0,"ThreePoint",19,0,1,1,2
"2841","Jayson Tatum",4065648,401524696,"2023",0,28.3196045170126,0,"ThreePoint",20,1,0,1,2
"2842","Jayson Tatum",4065648,401524696,"2023",1,2.82842712474619,0,"Close",21,0,1,0,1
"2843","Jayson Tatum",4065648,401524696,"2023",0,30.4795013082563,0,"ThreePoint",22,1,0,1,2
"2844","Jayson Tatum",4065648,401524696,"2023",1,2,0,"Close",23,0,1,0,1
"2845","Jayson Tatum",4065648,401524696,"2023",0,27.7848879788996,0,"ThreePoint",24,1,0,1,2
"2846","Jayson Tatum",4065648,401524696,"2023",1,26.9258240356725,0,"ThreePoint",25,0,1,0,1
"2847","Jayson Tatum",4065648,401524696,"2023",1,3.16227766016838,0,"Close",26,1,0,1,2
"2848","Jayson Tatum",4065648,401524696,"2023",1,26.0768096208106,0,"ThreePoint",27,1,1,0,2
"2849","Jayson Tatum",4065648,401524696,"2023",1,31.4006369362152,1,"ThreePoint",28,1,1,1,3
"2850","Jayson Tatum",4065648,401524696,"2023",0,25.5538646783613,1,"ThreePoint",29,1,1,1,3
"2851","Jayson Tatum",4065648,401524696,"2023",0,3.60555127546399,0,"Close",30,0,1,1,2
"2852","Jayson Tatum",4065648,401524696,"2023",1,3.60555127546399,0,"Close",31,0,0,1,1
"2853","Jayson Tatum",4065648,401752956,"2025",1,3.16227766016838,0,"Close",1,NA,NA,NA,NA
"2854","Jayson Tatum",4065648,401752956,"2025",1,3.16227766016838,0,"Close",2,1,NA,NA,NA
"2855","Jayson Tatum",4065648,401752956,"2025",1,4.24264068711928,0,"Close",3,1,1,NA,NA
"2856","Jayson Tatum",4065648,401752956,"2025",0,23,1,"ThreePoint",4,1,1,1,3
"2857","Jimmy Butler",6430,400829078,"2016",1,20.5182845286832,0,"Midrange",1,NA,NA,NA,NA
"2858","Jimmy Butler",6430,400829078,"2016",0,2,0,"Close",2,1,NA,NA,NA
"2859","Jimmy Butler",6430,400829078,"2016",0,23.8537208837531,0,"ThreePoint",3,0,1,NA,NA
"2860","Jimmy Butler",6430,400829078,"2016",1,18.6010752377383,0,"Midrange",4,0,0,1,1
"2861","Jimmy Butler",6430,400829078,"2016",0,21.9544984001001,0,"Midrange",5,1,0,0,1
"2862","Jimmy Butler",6430,400829078,"2016",0,6.40312423743285,0,"Close",6,0,1,0,1
"2863","Jimmy Butler",6430,400829078,"2016",0,18.1107702762748,0,"Midrange",7,0,0,1,1
"2864","Jimmy Butler",6430,400829078,"2016",0,19.313207915828,0,"Midrange",8,0,0,0,0
"2865","Jimmy Butler",6430,400829078,"2016",1,12.0415945787923,0,"Midrange",9,0,0,0,0
"2866","Jimmy Butler",6430,400829078,"2016",1,24.5153013442625,0,"ThreePoint",10,1,0,0,1
"2867","Jimmy Butler",6430,400829078,"2016",1,26.2488094968134,0,"ThreePoint",11,1,1,0,2
"2868","Jimmy Butler",6430,400829078,"2016",0,1,1,"Close",12,1,1,1,3
"2869","Jimmy Butler",6430,400829078,"2016",1,10.0498756211209,0,"Midrange",13,0,1,1,2
"2870","Jimmy Butler",6430,400829078,"2016",0,16.1554944214035,0,"Midrange",14,1,0,1,2
"2871","Jimmy Butler",6430,400829078,"2016",1,1,0,"Close",15,0,1,0,1
"2872","Jimmy Butler",6430,400829078,"2016",0,23,0,"ThreePoint",16,1,0,1,2
"2873","Jimmy Butler",6430,400829078,"2016",0,15.8113883008419,0,"Midrange",17,0,1,0,1
"2874","Jimmy Butler",6430,400935635,"2017",1,0,0,"Close",1,NA,NA,NA,NA
"2875","Jimmy Butler",6430,400935635,"2017",1,22.4722050542442,0,"ThreePoint",2,1,NA,NA,NA
"2876","Jimmy Butler",6430,400935635,"2017",0,25,0,"ThreePoint",3,1,1,NA,NA
"2877","Jimmy Butler",6430,400935635,"2017",1,18.8679622641132,0,"Midrange",4,0,1,1,2
"2878","Joel Embiid",3059318,400975548,"2018",0,8,0,"Close",1,NA,NA,NA,NA
"2879","Joel Embiid",3059318,400975548,"2018",1,27.6586333718787,0,"ThreePoint",2,0,NA,NA,NA
"2880","Joel Embiid",3059318,400975548,"2018",0,13,0,"Midrange",3,1,0,NA,NA
"2881","Joel Embiid",3059318,400975548,"2018",1,15.6204993518133,0,"Midrange",4,0,1,0,1
"2882","Joel Embiid",3059318,400975548,"2018",0,5,0,"Close",5,1,0,1,2
"2883","Joel Embiid",3059318,400975548,"2018",1,19.1049731745428,0,"Midrange",6,0,1,0,1
"2884","Joel Embiid",3059318,400975548,"2018",0,15.2643375224737,0,"Midrange",7,1,0,1,2
"2885","Joel Embiid",3059318,400975548,"2018",1,13.8924439894498,0,"Midrange",8,0,1,0,1
"2886","Joel Embiid",3059318,400975548,"2018",1,13.1529464379659,0,"Midrange",9,1,0,1,2
"2887","Joel Embiid",3059318,400975548,"2018",0,28.4604989415154,0,"ThreePoint",10,1,1,0,2
"2888","Joel Embiid",3059318,400975548,"2018",0,27.459060435492,0,"ThreePoint",11,0,1,1,2
"2889","Joel Embiid",3059318,400975548,"2018",1,28.1602556806574,0,"ThreePoint",12,0,0,1,1
"2890","Joel Embiid",3059318,400975548,"2018",1,11.1803398874989,0,"Midrange",13,1,0,0,1
"2891","Joel Embiid",3059318,400975548,"2018",0,27.0185121722126,0,"ThreePoint",14,1,1,0,2
"2892","Joel Embiid",3059318,400975548,"2018",0,16.4012194668567,0,"Midrange",15,0,1,1,2
"2893","Joel Embiid",3059318,400975548,"2018",1,27.2946881279124,0,"ThreePoint",16,0,0,1,1
"2894","Joel Embiid",3059318,400975548,"2018",1,1,0,"Close",17,1,0,0,1
"2895","Joel Embiid",3059318,400975548,"2018",0,26,0,"ThreePoint",18,1,1,0,2
"2896","Joel Embiid",3059318,400975548,"2018",0,10.0498756211209,0,"Midrange",19,0,1,1,2
"2897","Joel Embiid",3059318,400975548,"2018",1,1.4142135623731,0,"Close",20,0,0,1,1
"2898","Joel Embiid",3059318,401098037,"2019",0,18.3847763108502,0,"Midrange",1,NA,NA,NA,NA
"2899","Joel Embiid",3059318,401098037,"2019",1,3,0,"Close",2,0,NA,NA,NA
"2900","Joel Embiid",3059318,401098037,"2019",1,2,0,"Close",3,1,0,NA,NA
"2901","Joel Embiid",3059318,401098037,"2019",0,28.0178514522438,0,"ThreePoint",4,1,1,0,2
"2902","Joel Embiid",3059318,401098037,"2019",0,23.3452350598575,0,"ThreePoint",5,0,1,1,2
"2903","Joel Embiid",3059318,401098037,"2019",0,19.1049731745428,0,"Midrange",6,0,0,1,1
"2904","Joel Embiid",3059318,401098037,"2019",1,2,0,"Close",7,0,0,0,0
"2905","Joel Embiid",3059318,401098037,"2019",0,1.4142135623731,0,"Close",8,1,0,0,1
"2906","Joel Embiid",3059318,401098037,"2019",0,2.82842712474619,0,"Close",9,0,1,0,1
"2907","Joel Embiid",3059318,401098037,"2019",0,1,0,"Close",10,0,0,1,1
"2908","Joel Embiid",3059318,401098037,"2019",1,1,0,"Close",11,0,0,0,0
"2909","Joel Embiid",3059318,401098037,"2019",0,26.4764045897475,0,"ThreePoint",12,1,0,0,1
"2910","Joel Embiid",3059318,401267317,"2021",0,17.0293863659264,0,"Midrange",1,NA,NA,NA,NA
"2911","Joel Embiid",3059318,401267317,"2021",0,25.9422435421457,0,"ThreePoint",2,0,NA,NA,NA
"2912","Joel Embiid",3059318,401267317,"2021",1,4.24264068711928,0,"Close",3,0,0,NA,NA
"2913","Joel Embiid",3059318,401267317,"2021",0,13.9283882771841,0,"Midrange",4,1,0,0,1
"2914","Joel Embiid",3059318,401267317,"2021",0,4.12310562561766,0,"Close",5,0,1,0,1
"2915","Joel Embiid",3059318,401267317,"2021",1,6.08276253029822,0,"Close",6,0,0,1,1
"2916","Joel Embiid",3059318,401267317,"2021",1,0,0,"Close",7,1,0,0,1
"2917","Joel Embiid",3059318,401267317,"2021",1,16.1245154965971,0,"Midrange",8,1,1,0,2
"2918","Joel Embiid",3059318,401267317,"2021",1,3.16227766016838,1,"Close",9,1,1,1,3
"2919","Joel Embiid",3059318,401267317,"2021",1,2,1,"Close",10,1,1,1,3
"2920","Joel Embiid",3059318,401267317,"2021",1,21,1,"Midrange",11,1,1,1,3
"2921","Joel Embiid",3059318,401267317,"2021",1,1,1,"Close",12,1,1,1,3
"2922","Joel Embiid",3059318,401267317,"2021",1,5,1,"Close",13,1,1,1,3
"2923","Joel Embiid",3059318,401267317,"2021",1,19.0262975904404,1,"Midrange",14,1,1,1,3
"2924","Joel Embiid",3059318,401267317,"2021",1,10.816653826392,1,"Midrange",15,1,1,1,3
"2925","Joel Embiid",3059318,401267317,"2021",0,20.2484567313166,1,"Midrange",16,1,1,1,3
"2926","Joel Embiid",3059318,401267317,"2021",0,26.8328157299975,0,"ThreePoint",17,0,1,1,2
"2927","Joel Embiid",3059318,401267317,"2021",1,17.4928556845359,0,"Midrange",18,0,0,1,1
"2928","Joel Embiid",3059318,401267317,"2021",1,11.1803398874989,0,"Midrange",19,1,0,0,1
"2929","Joel Embiid",3059318,401267317,"2021",1,3,0,"Close",20,1,1,0,2
"2930","Joel Embiid",3059318,401267317,"2021",1,17.6918060129541,1,"Midrange",21,1,1,1,3
"2931","Joel Embiid",3059318,401267317,"2021",0,29.4108823397055,1,"ThreePoint",22,1,1,1,3
"2932","Joel Embiid",3059318,401267317,"2021",1,20.8806130178211,0,"Midrange",23,0,1,1,2
"2933","Joel Embiid",3059318,401359889,"2022",0,4.12310562561766,0,"Close",1,NA,NA,NA,NA
"2934","Joel Embiid",3059318,401359889,"2022",1,10.4403065089106,0,"Midrange",2,0,NA,NA,NA
"2935","Joel Embiid",3059318,401359889,"2022",0,2,0,"Close",3,1,0,NA,NA
"2936","Joel Embiid",3059318,401359889,"2022",1,1,0,"Close",4,0,1,0,1
"2937","Joel Embiid",3059318,401359889,"2022",0,25.8069758011279,0,"ThreePoint",5,1,0,1,2
"2938","Joel Embiid",3059318,401359889,"2022",1,10.816653826392,0,"Midrange",6,0,1,0,1
"2939","Joel Embiid",3059318,401359889,"2022",0,17,0,"Midrange",7,1,0,1,2
"2940","Joel Embiid",3059318,401359889,"2022",0,15.2970585407784,0,"Midrange",8,0,1,0,1
"2941","Joel Embiid",3059318,401359889,"2022",1,1,0,"Close",9,0,0,1,1
"2942","Joel Embiid",3059318,401359889,"2022",0,3.60555127546399,0,"Close",10,1,0,0,1
"2943","Joel Embiid",3059318,401359889,"2022",0,0,0,"Close",11,0,1,0,1
"2944","Joel Embiid",3059318,401359889,"2022",1,0,0,"Close",12,0,0,1,1
"2945","Joel Embiid",3059318,401359889,"2022",1,9.21954445729289,0,"Midrange",13,1,0,0,1
"2946","Joel Embiid",3059318,401359889,"2022",1,19.8494332412792,0,"Midrange",14,1,1,0,2
"2947","Joel Embiid",3059318,401359889,"2022",0,26.8328157299975,1,"ThreePoint",15,1,1,1,3
"2948","Joel Embiid",3059318,401359889,"2022",0,7.61577310586391,0,"Close",16,0,1,1,2
"2949","Joel Embiid",3059318,401359889,"2022",0,29.0172362570938,0,"ThreePoint",17,0,0,1,1
"2950","Joel Embiid",3059318,401359889,"2022",0,15.2970585407784,0,"Midrange",18,0,0,0,0
"2951","Joel Embiid",3059318,401359889,"2022",1,25.1793566240283,0,"ThreePoint",19,0,0,0,0
"2952","Joel Embiid",3059318,401360177,"2022",1,1,0,"Close",1,NA,NA,NA,NA
"2953","Joel Embiid",3059318,401360177,"2022",0,14.3178210632764,0,"Midrange",2,1,NA,NA,NA
"2954","Joel Embiid",3059318,401360177,"2022",0,5.8309518948453,0,"Close",3,0,1,NA,NA
"2955","Joel Embiid",3059318,401360177,"2022",1,2.23606797749979,0,"Close",4,0,0,1,1
"2956","Joel Embiid",3059318,401360177,"2022",1,3,0,"Close",5,1,0,0,1
"2957","Joel Embiid",3059318,401360177,"2022",1,2,0,"Close",6,1,1,0,2
"2958","Joel Embiid",3059318,401360177,"2022",1,1.4142135623731,1,"Close",7,1,1,1,3
"2959","Joel Embiid",3059318,401360177,"2022",1,23.7697286480094,1,"ThreePoint",8,1,1,1,3
"2960","Joel Embiid",3059318,401360177,"2022",1,16,1,"Midrange",9,1,1,1,3
"2961","Joel Embiid",3059318,401360177,"2022",1,13.8924439894498,1,"Midrange",10,1,1,1,3
"2962","Joel Embiid",3059318,401360177,"2022",1,15.8113883008419,1,"Midrange",11,1,1,1,3
"2963","Joel Embiid",3059318,401360177,"2022",1,2.23606797749979,1,"Close",12,1,1,1,3
"2964","Joel Embiid",3059318,401360177,"2022",1,15.8113883008419,1,"Midrange",13,1,1,1,3
"2965","Joel Embiid",3059318,401360177,"2022",1,2.82842712474619,1,"Close",14,1,1,1,3
"2966","Joel Embiid",3059318,401360177,"2022",1,0,1,"Close",15,1,1,1,3
"2967","Joel Embiid",3059318,401360177,"2022",1,18,1,"Midrange",16,1,1,1,3
"2968","Joel Embiid",3059318,401360177,"2022",0,14.560219778561,1,"Midrange",17,1,1,1,3
"2969","Joel Embiid",3059318,401360177,"2022",1,18.4390889145858,0,"Midrange",18,0,1,1,2
"2970","Joel Embiid",3059318,401360177,"2022",0,23.3452350598575,0,"ThreePoint",19,1,0,1,2
"2971","Joel Embiid",3059318,401360177,"2022",0,18.1107702762748,0,"Midrange",20,0,1,0,1
"2972","Joel Embiid",3059318,401410564,"2022",0,25.0798724079689,0,"ThreePoint",1,NA,NA,NA,NA
"2973","Joel Embiid",3059318,401410564,"2022",1,0,0,"Close",2,0,NA,NA,NA
"2974","Joel Embiid",3059318,401410564,"2022",1,1,0,"Close",3,1,0,NA,NA
"2975","Joel Embiid",3059318,401410564,"2022",1,25.6320112359526,0,"ThreePoint",4,1,1,0,2
"2976","Joel Embiid",3059318,401410564,"2022",1,1.4142135623731,1,"Close",5,1,1,1,3
"2977","Joel Embiid",3059318,401410564,"2022",1,1,1,"Close",6,1,1,1,3
"2978","Joel Embiid",3059318,401410564,"2022",1,24.7588368062799,1,"ThreePoint",7,1,1,1,3
"2979","Joel Embiid",3059318,401410564,"2022",1,24.1660919471891,1,"ThreePoint",8,1,1,1,3
"2980","Joel Embiid",3059318,401410564,"2022",0,25.8069758011279,1,"ThreePoint",9,1,1,1,3
"2981","Joel Embiid",3059318,401410564,"2022",1,1,0,"Close",10,0,1,1,2
"2982","Joel Embiid",3059318,401410564,"2022",1,27.2946881279124,0,"ThreePoint",11,1,0,1,2
"2983","Joel Embiid",3059318,401410564,"2022",1,1.4142135623731,0,"Close",12,1,1,0,2
"2984","Joel Embiid",3059318,401410564,"2022",1,25.6320112359526,1,"ThreePoint",13,1,1,1,3
"2985","Joel Embiid",3059318,401410564,"2022",1,1,1,"Close",14,1,1,1,3
"2986","Joel Embiid",3059318,401410564,"2022",0,25.8069758011279,1,"ThreePoint",15,1,1,1,3
"2987","Joel Embiid",3059318,401410564,"2022",1,2.23606797749979,0,"Close",16,0,1,1,2
"2988","Joel Embiid",3059318,401410564,"2022",1,2.23606797749979,0,"Close",17,1,0,1,2
"2989","Joel Embiid",3059318,401410564,"2022",0,2,0,"Close",18,1,1,0,2
"2990","Joel Embiid",3059318,401410564,"2022",0,1.4142135623731,0,"Close",19,0,1,1,2
"2991","Joel Embiid",3059318,401410564,"2022",0,7.61577310586391,0,"Close",20,0,0,1,1
"2992","Joel Embiid",3059318,401469336,"2023",1,9.4339811320566,0,"Midrange",1,NA,NA,NA,NA
"2993","Joel Embiid",3059318,401469336,"2023",1,11.0453610171873,0,"Midrange",2,1,NA,NA,NA
"2994","Joel Embiid",3059318,401469336,"2023",1,1.4142135623731,0,"Close",3,1,1,NA,NA
"2995","Joel Embiid",3059318,401469336,"2023",0,10.295630140987,1,"Midrange",4,1,1,1,3
"2996","Joel Embiid",3059318,401469336,"2023",1,0,0,"Close",5,0,1,1,2
"2997","Joel Embiid",3059318,401469336,"2023",1,13.0384048104053,0,"Midrange",6,1,0,1,2
"2998","Joel Embiid",3059318,401469336,"2023",1,2.23606797749979,0,"Close",7,1,1,0,2
"2999","Joel Embiid",3059318,401469336,"2023",0,12.1655250605964,1,"Midrange",8,1,1,1,3
"3000","Joel Embiid",3059318,401469336,"2023",0,29.0688837074973,0,"ThreePoint",9,0,1,1,2
"3001","Joel Embiid",3059318,401469336,"2023",0,5.3851648071345,0,"Close",10,0,0,1,1
"3002","Joel Embiid",3059318,401469336,"2023",1,13.0384048104053,0,"Midrange",11,0,0,0,0
"3003","Joel Embiid",3059318,401469336,"2023",1,3,0,"Close",12,1,0,0,1
"3004","Joel Embiid",3059318,401469336,"2023",1,0,0,"Close",13,1,1,0,2
"3005","Joel Embiid",3059318,401469336,"2023",1,5,1,"Close",14,1,1,1,3
"3006","Joel Embiid",3059318,401469336,"2023",1,14,1,"Midrange",15,1,1,1,3
"3007","Joel Embiid",3059318,401469336,"2023",1,12.5299640861417,1,"Midrange",16,1,1,1,3
"3008","Joel Embiid",3059318,401469336,"2023",1,16.1245154965971,1,"Midrange",17,1,1,1,3
"3009","Joel Embiid",3059318,401469336,"2023",1,10,1,"Midrange",18,1,1,1,3
"3010","Joel Embiid",3059318,401469336,"2023",1,1,1,"Close",19,1,1,1,3
"3011","Joel Embiid",3059318,401469336,"2023",1,16.5529453572468,1,"Midrange",20,1,1,1,3
"3012","Joel Embiid",3059318,401469336,"2023",1,16.0312195418814,1,"Midrange",21,1,1,1,3
"3013","Joel Embiid",3059318,401469336,"2023",0,14.142135623731,1,"Midrange",22,1,1,1,3
"3014","Joel Embiid",3059318,401469336,"2023",1,16,0,"Midrange",23,0,1,1,2
"3015","Joel Embiid",3059318,401469336,"2023",1,16.6433169770932,0,"Midrange",24,1,0,1,2
"3016","Joel Embiid",3059318,401469336,"2023",1,1.4142135623731,0,"Close",25,1,1,0,2
"3017","Joel Embiid",3059318,401524696,"2023",1,5.3851648071345,0,"Close",1,NA,NA,NA,NA
"3018","Joel Embiid",3059318,401524696,"2023",1,3.16227766016838,0,"Close",2,1,NA,NA,NA
"3019","Joel Embiid",3059318,401524696,"2023",1,2.82842712474619,0,"Close",3,1,1,NA,NA
"3020","Joel Embiid",3059318,401524696,"2023",0,25.4558441227157,1,"ThreePoint",4,1,1,1,3
"3021","Joel Embiid",3059318,401524696,"2023",1,3.60555127546399,0,"Close",5,0,1,1,2
"3022","Joel Embiid",3059318,401524696,"2023",0,24.8394846967484,0,"ThreePoint",6,1,0,1,2
"3023","Joel Embiid",3059318,401524696,"2023",1,2.82842712474619,0,"Close",7,0,1,0,1
"3024","Joel Embiid",3059318,401524696,"2023",1,23.0217288664427,0,"ThreePoint",8,1,0,1,2
"3025","Joel Embiid",3059318,401524696,"2023",1,2.23606797749979,0,"Close",9,1,1,0,2
"3026","Joel Embiid",3059318,401524696,"2023",0,25.8069758011279,1,"ThreePoint",10,1,1,1,3
"3027","Joel Embiid",3059318,401524696,"2023",1,3,0,"Close",11,0,1,1,2
"3028","Joel Embiid",3059318,401524696,"2023",0,2.23606797749979,0,"Close",12,1,0,1,2
"3029","Joel Embiid",3059318,401524696,"2023",1,4,0,"Close",13,0,1,0,1
"3030","Joel Embiid",3059318,401524696,"2023",1,25.2388589282479,0,"ThreePoint",14,1,0,1,2
"3031","Joel Embiid",3059318,401524696,"2023",1,5.8309518948453,0,"Close",15,1,1,0,2
"3032","Joel Embiid",3059318,401524696,"2023",1,25.0199920063936,1,"ThreePoint",16,1,1,1,3
"3033","Joel Embiid",3059318,401524696,"2023",1,26.4196896272458,1,"ThreePoint",17,1,1,1,3
"3034","Joel Embiid",3059318,401524696,"2023",1,4.12310562561766,1,"Close",18,1,1,1,3
"3035","Joel Embiid",3059318,401524696,"2023",0,22.0227155455452,1,"ThreePoint",19,1,1,1,3
"3036","John Wall",4237,400935635,"2017",0,2,0,"Close",1,NA,NA,NA,NA
"3037","John Wall",4237,400935635,"2017",1,0,0,"Close",2,0,NA,NA,NA
"3038","John Wall",4237,400935635,"2017",1,0,0,"Close",3,1,0,NA,NA
"3039","John Wall",4237,400935635,"2017",0,25.9615099714943,0,"ThreePoint",4,1,1,0,2
"3040","John Wall",4237,400935635,"2017",0,1,0,"Close",5,0,1,1,2
"3041","John Wall",4237,400935635,"2017",0,29.0688837074973,0,"ThreePoint",6,0,0,1,1
"3042","John Wall",4237,400935635,"2017",0,1.4142135623731,0,"Close",7,0,0,0,0
"3043","John Wall",4237,400935635,"2017",1,1.4142135623731,0,"Close",8,0,0,0,0
"3044","John Wall",4237,400935635,"2017",1,0,0,"Close",9,1,0,0,1
"3045","John Wall",4237,400935635,"2017",1,0,0,"Close",10,1,1,0,2
"3046","John Wall",4237,400935635,"2017",1,0,1,"Close",11,1,1,1,3
"3047","John Wall",4237,400935635,"2017",0,1,1,"Close",12,1,1,1,3
"3048","Jordan Poole",4277956,401359993,"2022",0,7.07106781186548,0,"Close",1,NA,NA,NA,NA
"3049","Jordan Poole",4277956,401359993,"2022",0,28.0178514522438,0,"ThreePoint",2,0,NA,NA,NA
"3050","Jordan Poole",4277956,401359993,"2022",1,23,0,"ThreePoint",3,0,0,NA,NA
"3051","Jordan Poole",4277956,401359993,"2022",0,24.3515913237718,0,"ThreePoint",4,1,0,0,1
"3052","Jordan Poole",4277956,401359993,"2022",0,4.24264068711928,0,"Close",5,0,1,0,1
"3053","Jordan Poole",4277956,401359993,"2022",1,2.82842712474619,0,"Close",6,0,0,1,1
"3054","Jordan Poole",4277956,401359993,"2022",0,26.4007575648882,0,"ThreePoint",7,1,0,0,1
"3055","Jordan Poole",4277956,401359993,"2022",1,3.60555127546399,0,"Close",8,0,1,0,1
"3056","Jordan Poole",4277956,401359993,"2022",0,22.0227155455452,0,"ThreePoint",9,1,0,1,2
"3057","Jordan Poole",4277956,401359993,"2022",0,3.60555127546399,0,"Close",10,0,1,0,1
"3058","Jordan Poole",4277956,401359993,"2022",0,31.0161248385416,0,"ThreePoint",11,0,0,1,1
"3059","Jordan Poole",4277956,401359993,"2022",0,28.0178514522438,0,"ThreePoint",12,0,0,0,0
"3060","Jordan Poole",4277956,401359993,"2022",0,23.0217288664427,0,"ThreePoint",13,0,0,0,0
"3061","Jordan Poole",4277956,401359993,"2022",1,28,0,"ThreePoint",14,0,0,0,0
"3062","Jordan Poole",4277956,401359993,"2022",0,28.0178514522438,0,"ThreePoint",15,1,0,0,1
"3063","Jordan Poole",4277956,401359993,"2022",1,0,0,"Close",16,0,1,0,1
"3064","Jordan Poole",4277956,401359993,"2022",0,26.9072480941474,0,"ThreePoint",17,1,0,1,2
"3065","Jordan Poole",4277956,401360604,"2022",0,26.1725046566048,0,"ThreePoint",1,NA,NA,NA,NA
"3066","Jordan Poole",4277956,401360604,"2022",1,0,0,"Close",2,0,NA,NA,NA
"3067","Jordan Poole",4277956,401360604,"2022",0,26.4007575648882,0,"ThreePoint",3,1,0,NA,NA
"3068","Jordan Poole",4277956,401360604,"2022",1,19.2353840616713,0,"Midrange",4,0,1,0,1
"3069","Jordan Poole",4277956,401360604,"2022",0,32.2024843762092,0,"ThreePoint",5,1,0,1,2
"3070","Jordan Poole",4277956,401360604,"2022",1,9.21954445729289,0,"Midrange",6,0,1,0,1
"3071","Jordan Poole",4277956,401360604,"2022",0,27.0185121722126,0,"ThreePoint",7,1,0,1,2
"3072","Jordan Poole",4277956,401360604,"2022",1,3.60555127546399,0,"Close",8,0,1,0,1
"3073","Jordan Poole",4277956,401584847,"2024",0,13.6014705087354,0,"Midrange",1,NA,NA,NA,NA
"3074","Jordan Poole",4277956,401584847,"2024",1,3.60555127546399,0,"Close",2,0,NA,NA,NA
"3075","Jordan Poole",4277956,401584847,"2024",1,27.8028775489157,0,"ThreePoint",3,1,0,NA,NA
"3076","Jordan Poole",4277956,401584847,"2024",0,16.5529453572468,0,"Midrange",4,1,1,0,2
"3077","Jordan Poole",4277956,401584847,"2024",0,3.16227766016838,0,"Close",5,0,1,1,2
"3078","Jordan Poole",4277956,401584847,"2024",1,2.82842712474619,0,"Close",6,0,0,1,1
"3079","Jordan Poole",4277956,401584847,"2024",0,30.0166620396073,0,"ThreePoint",7,1,0,0,1
"3080","Jordan Poole",4277956,401584847,"2024",1,25.9422435421457,0,"ThreePoint",8,0,1,0,1
"3081","Jordan Poole",4277956,401584847,"2024",0,24.6981780704569,0,"ThreePoint",9,1,0,1,2
"3082","Jordan Poole",4277956,401584847,"2024",1,3.16227766016838,0,"Close",10,0,1,0,1
"3083","Jordan Poole",4277956,401584847,"2024",1,13.6014705087354,0,"Midrange",11,1,0,1,2
"3084","Jordan Poole",4277956,401584847,"2024",0,26.6270539113887,0,"ThreePoint",12,1,1,0,2
"3085","Jordan Poole",4277956,401584847,"2024",0,28.1780056072107,0,"ThreePoint",13,0,1,1,2
"3086","Jordan Poole",4277956,401584847,"2024",0,14.8660687473185,0,"Midrange",14,0,0,1,1
"3087","Jordan Poole",4277956,401584847,"2024",0,11.0453610171873,0,"Midrange",15,0,0,0,0
"3088","Jordan Poole",4277956,401584847,"2024",0,16.0312195418814,0,"Midrange",16,0,0,0,0
"3089","Jordan Poole",4277956,401584847,"2024",0,14.142135623731,0,"Midrange",17,0,0,0,0
"3090","Jordan Poole",4277956,401584847,"2024",0,3.16227766016838,0,"Close",18,0,0,0,0
"3091","Jordan Poole",4277956,401584847,"2024",1,4.47213595499958,0,"Close",19,0,0,0,0
"3092","Jordan Poole",4277956,401584847,"2024",0,26.1725046566048,0,"ThreePoint",20,1,0,0,1
"3093","Jordan Poole",4277956,401584847,"2024",0,12.0830459735946,0,"Midrange",21,0,1,0,1
"3094","Jordan Poole",4277956,401584847,"2024",1,15,0,"Midrange",22,0,0,1,1
"3095","Jordan Poole",4277956,401584847,"2024",1,27.2029410174709,0,"ThreePoint",23,1,0,0,1
"3096","Jordan Poole",4277956,401584847,"2024",1,9.89949493661167,0,"Midrange",24,1,1,0,2
"3097","Jordan Poole",4277956,401584847,"2024",0,28.6006992921502,1,"ThreePoint",25,1,1,1,3
"3098","Jordan Poole",4277956,401584847,"2024",1,2.23606797749979,0,"Close",26,0,1,1,2
"3099","Jordan Poole",4277956,401704907,"2025",0,28.0178514522438,0,"ThreePoint",1,NA,NA,NA,NA
"3100","Jordan Poole",4277956,401704907,"2025",0,10,0,"Midrange",2,0,NA,NA,NA
"3101","Jordan Poole",4277956,401704907,"2025",0,23.0217288664427,0,"ThreePoint",3,0,0,NA,NA
"3102","Jordan Poole",4277956,401704907,"2025",1,27.5862284482674,0,"ThreePoint",4,0,0,0,0
"3103","Jordan Poole",4277956,401704907,"2025",0,28.6530975637888,0,"ThreePoint",5,1,0,0,1
"3104","Jordan Poole",4277956,401704907,"2025",0,27.6586333718787,0,"ThreePoint",6,0,1,0,1
"3105","Jordan Poole",4277956,401704907,"2025",1,3.16227766016838,0,"Close",7,0,0,1,1
"3106","Jordan Poole",4277956,401704907,"2025",1,31.0644491340181,0,"ThreePoint",8,1,0,0,1
"3107","Jordan Poole",4277956,401704907,"2025",1,26.0192236625154,0,"ThreePoint",9,1,1,0,2
"3108","Jordan Poole",4277956,401704907,"2025",1,28.3196045170126,1,"ThreePoint",10,1,1,1,3
"3109","Jordan Poole",4277956,401704907,"2025",0,27.8926513619627,1,"ThreePoint",11,1,1,1,3
"3110","Jordan Poole",4277956,401704907,"2025",0,25.0199920063936,0,"ThreePoint",12,0,1,1,2
"3111","Jordan Poole",4277956,401704907,"2025",1,28.8444102037119,0,"ThreePoint",13,0,0,1,1
"3112","Jordan Poole",4277956,401704907,"2025",1,27.6586333718787,0,"ThreePoint",14,1,0,0,1
"3113","Jordan Poole",4277956,401704907,"2025",0,24.0208242989286,0,"ThreePoint",15,1,1,0,2
"3114","Jordan Poole",4277956,401704907,"2025",1,4,0,"Close",16,0,1,1,2
"3115","Jordan Poole",4277956,401704907,"2025",1,26.0768096208106,0,"ThreePoint",17,1,0,1,2
"3116","Jordan Poole",4277956,401704907,"2025",0,27.6586333718787,0,"ThreePoint",18,1,1,0,2
"3117","Jordan Poole",4277956,401704907,"2025",1,24.7588368062799,0,"ThreePoint",19,0,1,1,2
"3118","Jordan Poole",4277956,401704907,"2025",1,25.4950975679639,0,"ThreePoint",20,1,0,1,2
"3119","Jordan Poole",4277956,401704907,"2025",0,27.6586333718787,0,"ThreePoint",21,1,1,0,2
"3120","Jordan Poole",4277956,401704907,"2025",1,1.4142135623731,0,"Close",22,0,1,1,2
"3121","Jordan Poole",4277956,401704907,"2025",0,26.5706605111728,0,"ThreePoint",23,1,0,1,2
"3122","Jordan Poole",4277956,401704907,"2025",0,25.298221281347,0,"ThreePoint",24,0,1,0,1
"3123","Jordan Poole",4277956,401704907,"2025",0,4.24264068711928,0,"Close",25,0,0,1,1
"3124","Jordan Poole",4277956,401704907,"2025",0,10.6301458127346,0,"Midrange",26,0,0,0,0
"3125","Jrue Holiday",3995,400975013,"2018",0,11.1803398874989,0,"Midrange",1,NA,NA,NA,NA
"3126","Jrue Holiday",3995,400975013,"2018",0,23.0217288664427,0,"ThreePoint",2,0,NA,NA,NA
"3127","Jrue Holiday",3995,400975013,"2018",0,1.4142135623731,0,"Close",3,0,0,NA,NA
"3128","Jrue Holiday",3995,400975013,"2018",0,26,0,"ThreePoint",4,0,0,0,0
"3129","Jrue Holiday",3995,400975013,"2018",1,2.23606797749979,0,"Close",5,0,0,0,0
"3130","Jrue Holiday",3995,400975013,"2018",1,17.0293863659264,0,"Midrange",6,1,0,0,1
"3131","Jrue Holiday",3995,400975013,"2018",1,1.4142135623731,0,"Close",7,1,1,0,2
"3132","Jrue Holiday",3995,400975013,"2018",1,26.2488094968134,1,"ThreePoint",8,1,1,1,3
"3133","Jrue Holiday",3995,401267476,"2021",1,18.3847763108502,0,"Midrange",1,NA,NA,NA,NA
"3134","Jrue Holiday",3995,401267476,"2021",1,27.7308492477241,0,"ThreePoint",2,1,NA,NA,NA
"3135","Jrue Holiday",3995,401267476,"2021",0,5,0,"Close",3,1,1,NA,NA
"3136","Jrue Holiday",3995,401267476,"2021",1,27.7308492477241,0,"ThreePoint",4,0,1,1,2
"3137","Jrue Holiday",3995,401267476,"2021",1,1.4142135623731,0,"Close",5,1,0,1,2
"3138","Jrue Holiday",3995,401267476,"2021",0,23.7697286480094,0,"ThreePoint",6,1,1,0,2
"3139","Jrue Holiday",3995,401267476,"2021",1,18.8679622641132,0,"Midrange",7,0,1,1,2
"3140","Jrue Holiday",3995,401267476,"2021",1,2.23606797749979,0,"Close",8,1,0,1,2
"3141","Jrue Holiday",3995,401267476,"2021",0,23.7697286480094,0,"ThreePoint",9,1,1,0,2
"3142","Jrue Holiday",3995,401267476,"2021",1,2.23606797749979,0,"Close",10,0,1,1,2
"3143","Jrue Holiday",3995,401267476,"2021",0,3,0,"Close",11,1,0,1,2
"3144","Jrue Holiday",3995,401267476,"2021",1,2.23606797749979,0,"Close",12,0,1,0,1
"3145","Jrue Holiday",3995,401267476,"2021",1,3.16227766016838,0,"Close",13,1,0,1,2
"3146","Jrue Holiday",3995,401267476,"2021",1,2.23606797749979,0,"Close",14,1,1,0,2
"3147","Jrue Holiday",3995,401307536,"2021",1,25.4950975679639,0,"ThreePoint",1,NA,NA,NA,NA
"3148","Jrue Holiday",3995,401307536,"2021",0,25.4950975679639,0,"ThreePoint",2,1,NA,NA,NA
"3149","Jrue Holiday",3995,401307536,"2021",1,1.4142135623731,0,"Close",3,0,1,NA,NA
"3150","Jrue Holiday",3995,401307536,"2021",1,5.09901951359278,0,"Close",4,1,0,1,2
"3151","Jrue Holiday",3995,401307536,"2021",0,4.12310562561766,0,"Close",5,1,1,0,2
"3152","Jrue Holiday",3995,401307536,"2021",1,23.0217288664427,0,"ThreePoint",6,0,1,1,2
"3153","Jrue Holiday",3995,401307536,"2021",0,61.3514466007119,0,"ThreePoint",7,1,0,1,2
"3154","Jrue Holiday",3995,401307536,"2021",0,26.3058928759318,0,"ThreePoint",8,0,1,0,1
"3155","Jrue Holiday",3995,401307536,"2021",0,23.0217288664427,0,"ThreePoint",9,0,0,1,1
"3156","Jrue Holiday",3995,401307536,"2021",1,2,0,"Close",10,0,0,0,0
"3157","Jrue Holiday",3995,401307536,"2021",1,2,0,"Close",11,1,0,0,1
"3158","Jrue Holiday",3995,401307536,"2021",1,4,0,"Close",12,1,1,0,2
"3159","Jrue Holiday",3995,401307536,"2021",1,19.7989898732233,1,"Midrange",13,1,1,1,3
"3160","Jrue Holiday",3995,401307536,"2021",1,10.6301458127346,1,"Midrange",14,1,1,1,3
"3161","Jrue Holiday",3995,401307788,"2021",1,2.23606797749979,0,"Close",1,NA,NA,NA,NA
"3162","Jrue Holiday",3995,401307788,"2021",0,29.0172362570938,0,"ThreePoint",2,1,NA,NA,NA
"3163","Jrue Holiday",3995,401307788,"2021",0,8.06225774829855,0,"Midrange",3,0,1,NA,NA
"3164","Jrue Holiday",3995,401307788,"2021",1,27.2946881279124,0,"ThreePoint",4,0,0,1,1
"3165","Jrue Holiday",3995,401307788,"2021",1,6.08276253029822,0,"Close",5,1,0,0,1
"3166","Jrue Holiday",3995,401307788,"2021",1,26.9258240356725,0,"ThreePoint",6,1,1,0,2
"3167","Jrue Holiday",3995,401307788,"2021",1,15.8113883008419,1,"Midrange",7,1,1,1,3
"3168","Jrue Holiday",3995,401307788,"2021",0,3.60555127546399,1,"Close",8,1,1,1,3
"3169","Jrue Holiday",3995,401307788,"2021",1,26,0,"ThreePoint",9,0,1,1,2
"3170","Jrue Holiday",3995,401307788,"2021",1,26.6270539113887,0,"ThreePoint",10,1,0,1,2
"3171","Jrue Holiday",3995,401307788,"2021",0,16.6433169770932,0,"Midrange",11,1,1,0,2
"3172","Jrue Holiday",3995,401307788,"2021",1,2.23606797749979,0,"Close",12,0,1,1,2
"3173","Jrue Holiday",3995,401307788,"2021",0,27.7308492477241,0,"ThreePoint",13,1,0,1,2
"3174","Jrue Holiday",3995,401468215,"2023",1,1.4142135623731,0,"Close",1,NA,NA,NA,NA
"3175","Jrue Holiday",3995,401468215,"2023",0,26.9072480941474,0,"ThreePoint",2,1,NA,NA,NA
"3176","Jrue Holiday",3995,401468215,"2023",0,23.5372045918796,0,"ThreePoint",3,0,1,NA,NA
"3177","Jrue Holiday",3995,401468215,"2023",0,19.313207915828,0,"Midrange",4,0,0,1,1
"3178","Jrue Holiday",3995,401468215,"2023",0,14.142135623731,0,"Midrange",5,0,0,0,0
"3179","Jrue Holiday",3995,401468215,"2023",0,27.1661554144122,0,"ThreePoint",6,0,0,0,0
"3180","Jrue Holiday",3995,401468215,"2023",0,6.40312423743285,0,"Close",7,0,0,0,0
"3181","Jrue Holiday",3995,401468215,"2023",0,4,0,"Close",8,0,0,0,0
"3182","Jrue Holiday",3995,401468215,"2023",1,3,0,"Close",9,0,0,0,0
"3183","Jrue Holiday",3995,401468215,"2023",1,3,0,"Close",10,1,0,0,1
"3184","Jrue Holiday",3995,401468215,"2023",0,25.3179778023443,0,"ThreePoint",11,1,1,0,2
"3185","Jrue Holiday",3995,401468215,"2023",0,26.4007575648882,0,"ThreePoint",12,0,1,1,2
"3186","Jrue Holiday",3995,401468215,"2023",1,3.60555127546399,0,"Close",13,0,0,1,1
"3187","Jrue Holiday",3995,401468215,"2023",0,13.0384048104053,0,"Midrange",14,1,0,0,1
"3188","Jrue Holiday",3995,401468215,"2023",0,4.24264068711928,0,"Close",15,0,1,0,1
"3189","Jrue Holiday",3995,401468215,"2023",1,27.7308492477241,0,"ThreePoint",16,0,0,1,1
"3190","Jrue Holiday",3995,401468215,"2023",0,5,0,"Close",17,1,0,0,1
"3191","Jrue Holiday",3995,401468215,"2023",0,10.0498756211209,0,"Midrange",18,0,1,0,1
"3192","Jrue Holiday",3995,401469291,"2023",0,22.2036033111745,0,"ThreePoint",1,NA,NA,NA,NA
"3193","Jrue Holiday",3995,401469291,"2023",0,8.60232526704263,0,"Midrange",2,0,NA,NA,NA
"3194","Jrue Holiday",3995,401469291,"2023",0,24.0208242989286,0,"ThreePoint",3,0,0,NA,NA
"3195","Jrue Holiday",3995,401469291,"2023",1,2.82842712474619,0,"Close",4,0,0,0,0
"3196","Jrue Holiday",3995,401469291,"2023",1,3.16227766016838,0,"Close",5,1,0,0,1
"3197","Jrue Holiday",3995,401469291,"2023",1,2.82842712474619,0,"Close",6,1,1,0,2
"3198","Jrue Holiday",3995,401469291,"2023",1,5.09901951359278,1,"Close",7,1,1,1,3
"3199","Jrue Holiday",3995,401469291,"2023",1,7.07106781186548,1,"Close",8,1,1,1,3
"3200","Jrue Holiday",3995,401469291,"2023",1,2.23606797749979,1,"Close",9,1,1,1,3
"3201","Jrue Holiday",3995,401469291,"2023",1,25.9422435421457,1,"ThreePoint",10,1,1,1,3
"3202","Jrue Holiday",3995,401469291,"2023",1,6.32455532033676,1,"Close",11,1,1,1,3
"3203","Jrue Holiday",3995,401469291,"2023",1,3.60555127546399,1,"Close",12,1,1,1,3
"3204","Jrue Holiday",3995,401469291,"2023",1,3.16227766016838,1,"Close",13,1,1,1,3
"3205","Jrue Holiday",3995,401469291,"2023",1,26.0768096208106,1,"ThreePoint",14,1,1,1,3
"3206","Jrue Holiday",3995,401469291,"2023",1,2.23606797749979,1,"Close",15,1,1,1,3
"3207","Jrue Holiday",3995,401469291,"2023",1,23,1,"ThreePoint",16,1,1,1,3
"3208","Jrue Holiday",3995,401469291,"2023",0,4,1,"Close",17,1,1,1,3
"3209","Jrue Holiday",3995,401469291,"2023",1,2.82842712474619,0,"Close",18,0,1,1,2
"3210","Jrue Holiday",3995,401469291,"2023",0,27,0,"ThreePoint",19,1,0,1,2
"3211","Jrue Holiday",3995,401469291,"2023",0,1.4142135623731,0,"Close",20,0,1,0,1
"3212","Jrue Holiday",3995,401469291,"2023",0,0,0,"Close",21,0,0,1,1
"3213","Jrue Holiday",3995,401469291,"2023",1,0,0,"Close",22,0,0,0,0
"3214","Jrue Holiday",3995,401469291,"2023",1,2.82842712474619,0,"Close",23,1,0,0,1
"3215","Jrue Holiday",3995,401469291,"2023",1,26.2488094968134,0,"ThreePoint",24,1,1,0,2
"3216","Jrue Holiday",3995,401469291,"2023",1,4,1,"Close",25,1,1,1,3
"3217","Jrue Holiday",3995,401469291,"2023",1,2.23606797749979,1,"Close",26,1,1,1,3
"3218","Jrue Holiday",3995,401469291,"2023",1,11.1803398874989,1,"Midrange",27,1,1,1,3
"3219","Jrue Holiday",3995,401469291,"2023",0,25.2388589282479,1,"ThreePoint",28,1,1,1,3
"3220","Jrue Holiday",3995,401469291,"2023",0,9.48683298050514,0,"Midrange",29,0,1,1,2
"3221","Jrue Holiday",3995,401469291,"2023",0,12.7279220613579,0,"Midrange",30,0,0,1,1
"3222","Jrue Holiday",3995,401524696,"2023",0,25.4950975679639,0,"ThreePoint",1,NA,NA,NA,NA
"3223","Jrue Holiday",3995,401524696,"2023",1,25.6124969497314,0,"ThreePoint",2,0,NA,NA,NA
"3224","Jrue Holiday",3995,401524696,"2023",0,25.0798724079689,0,"ThreePoint",3,1,0,NA,NA
"3225","Julius Randle",3064514,401306581,"2021",1,0,0,"Close",1,NA,NA,NA,NA
"3226","Julius Randle",3064514,401306581,"2021",1,1,0,"Close",2,1,NA,NA,NA
"3227","Julius Randle",3064514,401468920,"2023",0,25.6124969497314,0,"ThreePoint",1,NA,NA,NA,NA
"3228","Julius Randle",3064514,401468920,"2023",0,14.8660687473185,0,"Midrange",2,0,NA,NA,NA
"3229","Julius Randle",3064514,401468920,"2023",0,7.81024967590665,0,"Close",3,0,0,NA,NA
"3230","Julius Randle",3064514,401468920,"2023",1,23.0217288664427,0,"ThreePoint",4,0,0,0,0
"3231","Julius Randle",3064514,401468920,"2023",0,25.9422435421457,0,"ThreePoint",5,1,0,0,1
"3232","Julius Randle",3064514,401468920,"2023",0,0,0,"Close",6,0,1,0,1
"3233","Julius Randle",3064514,401468920,"2023",1,6.08276253029822,0,"Close",7,0,0,1,1
"3234","Julius Randle",3064514,401468920,"2023",0,2.82842712474619,0,"Close",8,1,0,0,1
"3235","Julius Randle",3064514,401468920,"2023",0,0,0,"Close",9,0,1,0,1
"3236","Julius Randle",3064514,401468920,"2023",0,23,0,"ThreePoint",10,0,0,1,1
"3237","Julius Randle",3064514,401468920,"2023",1,25.4950975679639,0,"ThreePoint",11,0,0,0,0
"3238","Julius Randle",3064514,401468920,"2023",0,26.4196896272458,0,"ThreePoint",12,1,0,0,1
"3239","Julius Randle",3064514,401468920,"2023",0,25.8069758011279,0,"ThreePoint",13,0,1,0,1
"3240","Julius Randle",3064514,401468920,"2023",1,16.4924225024706,0,"Midrange",14,0,0,1,1
"3241","Julius Randle",3064514,401468920,"2023",1,19.7989898732233,0,"Midrange",15,1,0,0,1
"3242","Julius Randle",3064514,401468920,"2023",0,24.8394846967484,0,"ThreePoint",16,1,1,0,2
"3243","Julius Randle",3064514,401468920,"2023",1,14.142135623731,0,"Midrange",17,0,1,1,2
"3244","Julius Randle",3064514,401468920,"2023",0,20.5182845286832,0,"Midrange",18,1,0,1,2
"3245","Julius Randle",3064514,401468920,"2023",0,25,0,"ThreePoint",19,0,1,0,1
"3246","Julius Randle",3064514,401524696,"2023",1,1.4142135623731,0,"Close",1,NA,NA,NA,NA
"3247","Julius Randle",3064514,401524696,"2023",0,21.095023109729,0,"Midrange",2,1,NA,NA,NA
"3248","Julius Randle",3064514,401524696,"2023",0,25.2388589282479,0,"ThreePoint",3,0,1,NA,NA
"3249","Julius Randle",3064514,401524696,"2023",0,26.0768096208106,0,"ThreePoint",4,0,0,1,1
"3250","Julius Randle",3064514,401524696,"2023",1,2.82842712474619,0,"Close",5,0,0,0,0
"3251","Julius Randle",3064514,401524696,"2023",1,25,0,"ThreePoint",6,1,0,0,1
"3252","Julius Randle",3064514,401524696,"2023",0,24.8394846967484,0,"ThreePoint",7,1,1,0,2
"3253","Julius Randle",3064514,401524696,"2023",1,5,0,"Close",8,0,1,1,2
"3254","Julius Randle",3064514,401524696,"2023",1,3.60555127546399,0,"Close",9,1,0,1,2
"3255","Julius Randle",3064514,401524696,"2023",0,25.0798724079689,0,"ThreePoint",10,1,1,0,2
"3256","Jusuf Nurkic",3102530,400974895,"2018",1,1,0,"Close",1,NA,NA,NA,NA
"3257","Jusuf Nurkic",3102530,400974895,"2018",1,3.16227766016838,0,"Close",2,1,NA,NA,NA
"3258","Jusuf Nurkic",3102530,400974895,"2018",1,0,0,"Close",3,1,1,NA,NA
"3259","Jusuf Nurkic",3102530,400974895,"2018",0,21.0237960416286,1,"Midrange",4,1,1,1,3
"3260","Jusuf Nurkic",3102530,400974895,"2018",1,11,0,"Midrange",5,0,1,1,2
"3261","Jusuf Nurkic",3102530,400974895,"2018",1,0,0,"Close",6,1,0,1,2
"3262","Jusuf Nurkic",3102530,400974895,"2018",1,1,0,"Close",7,1,1,0,2
"3263","Jusuf Nurkic",3102530,400974895,"2018",0,1.4142135623731,1,"Close",8,1,1,1,3
"3264","Jusuf Nurkic",3102530,400974895,"2018",1,6.08276253029822,0,"Close",9,0,1,1,2
"3265","Jusuf Nurkic",3102530,400974895,"2018",1,18.4390889145858,0,"Midrange",10,1,0,1,2
"3266","Jusuf Nurkic",3102530,400974895,"2018",0,23.0217288664427,0,"ThreePoint",11,1,1,0,2
"3267","Jusuf Nurkic",3102530,400974895,"2018",1,5.8309518948453,0,"Close",12,0,1,1,2
"3268","Jusuf Nurkic",3102530,400974895,"2018",1,10.4403065089106,0,"Midrange",13,1,0,1,2
"3269","Jusuf Nurkic",3102530,400974895,"2018",1,2.23606797749979,0,"Close",14,1,1,0,2
"3270","Jusuf Nurkic",3102530,400974895,"2018",0,2,1,"Close",15,1,1,1,3
"3271","Jusuf Nurkic",3102530,400975505,"2018",1,22.6274169979695,0,"ThreePoint",1,NA,NA,NA,NA
"3272","Jusuf Nurkic",3102530,400975505,"2018",1,15.1327459504216,0,"Midrange",2,1,NA,NA,NA
"3273","Jusuf Nurkic",3102530,400975505,"2018",1,11,0,"Midrange",3,1,1,NA,NA
"3274","Jusuf Nurkic",3102530,400975505,"2018",1,1.4142135623731,1,"Close",4,1,1,1,3
"3275","Jusuf Nurkic",3102530,400975505,"2018",0,16.4012194668567,1,"Midrange",5,1,1,1,3
"3276","Jusuf Nurkic",3102530,400975505,"2018",0,2.23606797749979,0,"Close",6,0,1,1,2
"3277","Jusuf Nurkic",3102530,400975505,"2018",1,1.4142135623731,0,"Close",7,0,0,1,1
"3278","Jusuf Nurkic",3102530,400975505,"2018",0,23.0217288664427,0,"ThreePoint",8,1,0,0,1
"3279","Jusuf Nurkic",3102530,400975505,"2018",0,1.4142135623731,0,"Close",9,0,1,0,1
"3280","Karl-Anthony Towns",3136195,401071183,"2019",1,17.0293863659264,0,"Midrange",1,NA,NA,NA,NA
"3281","Karl-Anthony Towns",3136195,401071183,"2019",1,2,0,"Close",2,1,NA,NA,NA
"3282","Karl-Anthony Towns",3136195,401071183,"2019",0,22.2036033111745,0,"ThreePoint",3,1,1,NA,NA
"3283","Karl-Anthony Towns",3136195,401071183,"2019",1,23.0867927612304,0,"ThreePoint",4,0,1,1,2
"3284","Karl-Anthony Towns",3136195,401071183,"2019",1,3,0,"Close",5,1,0,1,2
"3285","Karl-Anthony Towns",3136195,401071183,"2019",0,16.4012194668567,0,"Midrange",6,1,1,0,2
"3286","Karl-Anthony Towns",3136195,401071183,"2019",1,2.23606797749979,0,"Close",7,0,1,1,2
"3287","Karl-Anthony Towns",3136195,401071183,"2019",1,0,0,"Close",8,1,0,1,2
"3288","Karl-Anthony Towns",3136195,401071183,"2019",1,0,0,"Close",9,1,1,0,2
"3289","Karl-Anthony Towns",3136195,401071183,"2019",0,2.23606797749979,1,"Close",10,1,1,1,3
"3290","Karl-Anthony Towns",3136195,401071183,"2019",0,2.23606797749979,0,"Close",11,0,1,1,2
"3291","Karl-Anthony Towns",3136195,401071183,"2019",0,5.8309518948453,0,"Close",12,0,0,1,1
"3292","Karl-Anthony Towns",3136195,401071183,"2019",1,26.0768096208106,0,"ThreePoint",13,0,0,0,0
"3293","Karl-Anthony Towns",3136195,401098037,"2019",0,23,0,"ThreePoint",1,NA,NA,NA,NA
"3294","Karl-Anthony Towns",3136195,401098037,"2019",1,1.4142135623731,0,"Close",2,0,NA,NA,NA
"3295","Karl-Anthony Towns",3136195,401098037,"2019",1,2.23606797749979,0,"Close",3,1,0,NA,NA
"3296","Karl-Anthony Towns",3136195,401098037,"2019",0,25.4950975679639,0,"ThreePoint",4,1,1,0,2
"3297","Karl-Anthony Towns",3136195,401098037,"2019",1,1.4142135623731,0,"Close",5,0,1,1,2
"3298","Karl-Anthony Towns",3136195,401098037,"2019",1,27.0185121722126,0,"ThreePoint",6,1,0,1,2
"3299","Karl-Anthony Towns",3136195,401098037,"2019",1,0,0,"Close",7,1,1,0,2
"3300","Karl-Anthony Towns",3136195,401359993,"2022",0,25.1793566240283,0,"ThreePoint",1,NA,NA,NA,NA
"3301","Karl-Anthony Towns",3136195,401359993,"2022",1,24.0416305603426,0,"ThreePoint",2,0,NA,NA,NA
"3302","Karl-Anthony Towns",3136195,401359993,"2022",0,5.09901951359278,0,"Close",3,1,0,NA,NA
"3303","Karl-Anthony Towns",3136195,401359993,"2022",0,5.8309518948453,0,"Close",4,0,1,0,1
"3304","Karl-Anthony Towns",3136195,401359993,"2022",0,7,0,"Close",5,0,0,1,1
"3305","Karl-Anthony Towns",3136195,401359993,"2022",0,29.0688837074973,0,"ThreePoint",6,0,0,0,0
"3306","Karl-Anthony Towns",3136195,401359993,"2022",1,26.9072480941474,0,"ThreePoint",7,0,0,0,0
"3307","Karl-Anthony Towns",3136195,401359993,"2022",0,1.4142135623731,0,"Close",8,1,0,0,1
"3308","Karl-Anthony Towns",3136195,401359993,"2022",0,6.08276253029822,0,"Close",9,0,1,0,1
"3309","Karl-Anthony Towns",3136195,401359993,"2022",1,2,0,"Close",10,0,0,1,1
"3310","Karl-Anthony Towns",3136195,401359993,"2022",0,2.82842712474619,0,"Close",11,1,0,0,1
"3311","Karl-Anthony Towns",3136195,401359993,"2022",1,26.8700576850888,0,"ThreePoint",12,0,1,0,1
"3312","Karl-Anthony Towns",3136195,401359993,"2022",0,26.8700576850888,0,"ThreePoint",13,1,0,1,2
"3313","Karl-Anthony Towns",3136195,401359993,"2022",0,0,0,"Close",14,0,1,0,1
"3314","Karl-Anthony Towns",3136195,401359993,"2022",1,22.0907220343745,0,"ThreePoint",15,0,0,1,1
"3315","Karl-Anthony Towns",3136195,401359993,"2022",0,5.3851648071345,0,"Close",16,1,0,0,1
"3316","Karl-Anthony Towns",3136195,401359993,"2022",0,26.4764045897475,0,"ThreePoint",17,0,1,0,1
"3317","Karl-Anthony Towns",3136195,401359993,"2022",0,30.2654919008431,0,"ThreePoint",18,0,0,1,1
"3318","Karl-Anthony Towns",3136195,401359993,"2022",1,28.2842712474619,0,"ThreePoint",19,0,0,0,0
"3319","Karl-Anthony Towns",3136195,401360978,"2022",1,18.0277563773199,0,"Midrange",1,NA,NA,NA,NA
"3320","Karl-Anthony Towns",3136195,401360978,"2022",1,5,0,"Close",2,1,NA,NA,NA
"3321","Karl-Anthony Towns",3136195,401360978,"2022",1,2.23606797749979,0,"Close",3,1,1,NA,NA
"3322","Karl-Anthony Towns",3136195,401360978,"2022",1,5.09901951359278,1,"Close",4,1,1,1,3
"3323","Karl-Anthony Towns",3136195,401360978,"2022",1,23.3452350598575,1,"ThreePoint",5,1,1,1,3
"3324","Karl-Anthony Towns",3136195,401360978,"2022",1,25.6124969497314,1,"ThreePoint",6,1,1,1,3
"3325","Karl-Anthony Towns",3136195,401360978,"2022",0,26,1,"ThreePoint",7,1,1,1,3
"3326","Karl-Anthony Towns",3136195,401360978,"2022",0,7.07106781186548,0,"Close",8,0,1,1,2
"3327","Karl-Anthony Towns",3136195,401360978,"2022",1,26.4007575648882,0,"ThreePoint",9,0,0,1,1
"3328","Karl-Anthony Towns",3136195,401360978,"2022",1,3.60555127546399,0,"Close",10,1,0,0,1
"3329","Karl-Anthony Towns",3136195,401360978,"2022",0,4.24264068711928,0,"Close",11,1,1,0,2
"3330","Karl-Anthony Towns",3136195,401360978,"2022",1,0,0,"Close",12,0,1,1,2
"3331","Karl-Anthony Towns",3136195,401360978,"2022",1,26.2488094968134,0,"ThreePoint",13,1,0,1,2
"3332","Karl-Anthony Towns",3136195,401360978,"2022",0,2.82842712474619,0,"Close",14,1,1,0,2
"3333","Karl-Anthony Towns",3136195,401360978,"2022",1,0,0,"Close",15,0,1,1,2
"3334","Karl-Anthony Towns",3136195,401360978,"2022",0,5.09901951359278,0,"Close",16,1,0,1,2
"3335","Karl-Anthony Towns",3136195,401360978,"2022",0,27.0739727413618,0,"ThreePoint",17,0,1,0,1
"3336","Karl-Anthony Towns",3136195,401360978,"2022",0,27.0185121722126,0,"ThreePoint",18,0,0,1,1
"3337","Karl-Anthony Towns",3136195,401410564,"2022",0,29.0688837074973,0,"ThreePoint",1,NA,NA,NA,NA
"3338","Karl-Anthony Towns",3136195,401410564,"2022",1,2.23606797749979,0,"Close",2,0,NA,NA,NA
"3339","Karl-Anthony Towns",3136195,401410564,"2022",1,1.4142135623731,0,"Close",3,1,0,NA,NA
"3340","Karl-Anthony Towns",3136195,401410564,"2022",0,25.4950975679639,0,"ThreePoint",4,1,1,0,2
"3341","Karl-Anthony Towns",3136195,401410564,"2022",0,2,0,"Close",5,0,1,1,2
"3342","Karl-Anthony Towns",3136195,401410564,"2022",1,0,0,"Close",6,0,0,1,1
"3343","Karl-Anthony Towns",3136195,401410564,"2022",1,23.5372045918796,0,"ThreePoint",7,1,0,0,1
"3344","Karl-Anthony Towns",3136195,401410564,"2022",0,30.5941170815567,0,"ThreePoint",8,1,1,0,2
"3345","Kawhi Leonard",6450,400828167,"2016",0,24.0831891575846,0,"ThreePoint",1,NA,NA,NA,NA
"3346","Kawhi Leonard",6450,400828167,"2016",0,16.2788205960997,0,"Midrange",2,0,NA,NA,NA
"3347","Kawhi Leonard",6450,400828167,"2016",1,25,0,"ThreePoint",3,0,0,NA,NA
"3348","Kawhi Leonard",6450,400828167,"2016",1,5.09901951359278,0,"Close",4,1,0,0,1
"3349","Kawhi Leonard",6450,400828167,"2016",1,25,0,"ThreePoint",5,1,1,0,2
"3350","Kawhi Leonard",6450,400828167,"2016",1,24.5967477524977,1,"ThreePoint",6,1,1,1,3
"3351","Kawhi Leonard",6450,400828167,"2016",0,2,1,"Close",7,1,1,1,3
"3352","Kawhi Leonard",6450,400828167,"2016",1,15,0,"Midrange",8,0,1,1,2
"3353","Kawhi Leonard",6450,400828167,"2016",1,24.3515913237718,0,"ThreePoint",9,1,0,1,2
"3354","Kawhi Leonard",6450,400828167,"2016",1,24.3515913237718,0,"ThreePoint",10,1,1,0,2
"3355","Kawhi Leonard",6450,400828167,"2016",1,25.6124969497314,1,"ThreePoint",11,1,1,1,3
"3356","Kawhi Leonard",6450,400828167,"2016",1,24.3310501211929,1,"ThreePoint",12,1,1,1,3
"3357","Kawhi Leonard",6450,400828167,"2016",0,23.0217288664427,1,"ThreePoint",13,1,1,1,3
"3358","Kawhi Leonard",6450,400935635,"2017",1,0,0,"Close",1,NA,NA,NA,NA
"3359","Kawhi Leonard",6450,400935635,"2017",0,29.1204395571221,0,"ThreePoint",2,1,NA,NA,NA
"3360","Kawhi Leonard",6450,400935635,"2017",1,1,0,"Close",3,0,1,NA,NA
"3361","Kawhi Leonard",6450,400935635,"2017",0,25.4950975679639,0,"ThreePoint",4,1,0,1,2
"3362","Kawhi Leonard",6450,401070897,"2019",1,9,0,"Midrange",1,NA,NA,NA,NA
"3363","Kawhi Leonard",6450,401070897,"2019",0,22.3606797749979,0,"ThreePoint",2,1,NA,NA,NA
"3364","Kawhi Leonard",6450,401070897,"2019",1,14.2126704035519,0,"Midrange",3,0,1,NA,NA
"3365","Kawhi Leonard",6450,401070897,"2019",0,22.0907220343745,0,"ThreePoint",4,1,0,1,2
"3366","Kawhi Leonard",6450,401070897,"2019",0,12.369316876853,0,"Midrange",5,0,1,0,1
"3367","Kawhi Leonard",6450,401070897,"2019",1,2.23606797749979,0,"Close",6,0,0,1,1
"3368","Kawhi Leonard",6450,401070897,"2019",1,14.560219778561,0,"Midrange",7,1,0,0,1
"3369","Kawhi Leonard",6450,401070897,"2019",0,14.8660687473185,0,"Midrange",8,1,1,0,2
"3370","Kawhi Leonard",6450,401070897,"2019",0,7.07106781186548,0,"Close",9,0,1,1,2
"3371","Kawhi Leonard",6450,401070897,"2019",0,2.23606797749979,0,"Close",10,0,0,1,1
"3372","Kawhi Leonard",6450,401070897,"2019",1,2.82842712474619,0,"Close",11,0,0,0,0
"3373","Kawhi Leonard",6450,401070897,"2019",1,15.52417469626,0,"Midrange",12,1,0,0,1
"3374","Kawhi Leonard",6450,401070897,"2019",0,6.40312423743285,0,"Close",13,1,1,0,2
"3375","Kawhi Leonard",6450,401070897,"2019",0,8.24621125123532,0,"Midrange",14,0,1,1,2
"3376","Kawhi Leonard",6450,401070897,"2019",1,1.4142135623731,0,"Close",15,0,0,1,1
"3377","Kawhi Leonard",6450,401070897,"2019",0,15.0332963783729,0,"Midrange",16,1,0,0,1
"3378","Kawhi Leonard",6450,401070897,"2019",1,1,0,"Close",17,0,1,0,1
"3379","Kawhi Leonard",6450,401070897,"2019",0,27.2946881279124,0,"ThreePoint",18,1,0,1,2
"3380","Kawhi Leonard",6450,401070897,"2019",1,4.12310562561766,0,"Close",19,0,1,0,1
"3381","Kawhi Leonard",6450,401070897,"2019",1,21.0237960416286,0,"Midrange",20,1,0,1,2
"3382","Kawhi Leonard",6450,401070897,"2019",0,12.0415945787923,0,"Midrange",21,1,1,0,2
"3383","Kawhi Leonard",6450,401070897,"2019",1,6.40312423743285,0,"Close",22,0,1,1,2
"3384","Kawhi Leonard",6450,401070897,"2019",0,9.89949493661167,0,"Midrange",23,1,0,1,2
"3385","Kawhi Leonard",6450,401070897,"2019",0,15.52417469626,0,"Midrange",24,0,1,0,1
"3386","Kawhi Leonard",6450,401070897,"2019",0,17.8885438199983,0,"Midrange",25,0,0,1,1
"3387","Kawhi Leonard",6450,401098037,"2019",1,26.4196896272458,0,"ThreePoint",1,NA,NA,NA,NA
"3388","Kawhi Leonard",6450,401098037,"2019",0,26.2488094968134,0,"ThreePoint",2,1,NA,NA,NA
"3389","Kawhi Leonard",6450,401098037,"2019",1,2.23606797749979,0,"Close",3,0,1,NA,NA
"3390","Kawhi Leonard",6450,401098037,"2019",1,25,0,"ThreePoint",4,1,0,1,2
"3391","Kawhi Leonard",6450,401098037,"2019",0,25.9422435421457,0,"ThreePoint",5,1,1,0,2
"3392","Kawhi Leonard",6450,401098037,"2019",1,2,0,"Close",6,0,1,1,2
"3393","Kawhi Leonard",6450,401098037,"2019",0,25.0199920063936,0,"ThreePoint",7,1,0,1,2
"3394","Kawhi Leonard",6450,401098037,"2019",0,10,0,"Midrange",8,0,1,0,1
"3395","Kawhi Leonard",6450,401098037,"2019",1,29.4278779391243,0,"ThreePoint",9,0,0,1,1
"3396","Kawhi Leonard",6450,401098037,"2019",0,26.6270539113887,0,"ThreePoint",10,1,0,0,1
"3397","Kawhi Leonard",6450,401098037,"2019",1,26.0768096208106,0,"ThreePoint",11,0,1,0,1
"3398","Kawhi Leonard",6450,401098037,"2019",1,26.3058928759318,0,"ThreePoint",12,1,0,1,2
"3399","Kawhi Leonard",6450,401098037,"2019",0,30,0,"ThreePoint",13,1,1,0,2
"3400","Kawhi Leonard",6450,401098037,"2019",0,28.4604989415154,0,"ThreePoint",14,0,1,1,2
"3401","Kawhi Leonard",6450,401306581,"2021",0,25.9422435421457,0,"ThreePoint",1,NA,NA,NA,NA
"3402","Kawhi Leonard",6450,401306581,"2021",0,25.7099202643649,0,"ThreePoint",2,0,NA,NA,NA
"3403","Kawhi Leonard",6450,401306581,"2021",0,25,0,"ThreePoint",3,0,0,NA,NA
"3404","Kawhi Leonard",6450,401306581,"2021",1,1,0,"Close",4,0,0,0,0
"3405","Kawhi Leonard",6450,401306581,"2021",0,26.9258240356725,0,"ThreePoint",5,1,0,0,1
"3406","Kawhi Leonard",6450,401306581,"2021",1,23.5372045918796,0,"ThreePoint",6,0,1,0,1
"3407","Kawhi Leonard",6450,401306581,"2021",1,26,0,"ThreePoint",7,1,0,1,2
"3408","Kawhi Leonard",6450,401306581,"2021",0,25,0,"ThreePoint",8,1,1,0,2
"3409","Kawhi Leonard",6450,401584102,"2024",1,7,0,"Close",1,NA,NA,NA,NA
"3410","Kawhi Leonard",6450,401584102,"2024",1,9.21954445729289,0,"Midrange",2,1,NA,NA,NA
"3411","Kawhi Leonard",6450,401584102,"2024",0,24.0208242989286,0,"ThreePoint",3,1,1,NA,NA
"3412","Kawhi Leonard",6450,401584102,"2024",1,9.21954445729289,0,"Midrange",4,0,1,1,2
"3413","Kawhi Leonard",6450,401584102,"2024",0,15,0,"Midrange",5,1,0,1,2
"3414","Kawhi Leonard",6450,401584102,"2024",1,13.4164078649987,0,"Midrange",6,0,1,0,1
"3415","Kawhi Leonard",6450,401584102,"2024",1,23.0217288664427,0,"ThreePoint",7,1,0,1,2
"3416","Kawhi Leonard",6450,401584102,"2024",0,13.0384048104053,0,"Midrange",8,1,1,0,2
"3417","Kawhi Leonard",6450,401584102,"2024",0,15.1327459504216,0,"Midrange",9,0,1,1,2
"3418","Kawhi Leonard",6450,401584102,"2024",0,19.2093727122985,0,"Midrange",10,0,0,1,1
"3419","Kawhi Leonard",6450,401584102,"2024",1,25.6124969497314,0,"ThreePoint",11,0,0,0,0
"3420","Kawhi Leonard",6450,401584102,"2024",0,12.369316876853,0,"Midrange",12,1,0,0,1
"3421","Kawhi Leonard",6450,401584102,"2024",1,11.7046999107196,0,"Midrange",13,0,1,0,1
"3422","Kawhi Leonard",6450,401584102,"2024",0,24.3515913237718,0,"ThreePoint",14,1,0,1,2
"3423","Kawhi Leonard",6450,401584102,"2024",1,11.6619037896906,0,"Midrange",15,0,1,0,1
"3424","Kawhi Leonard",6450,401585680,"2024",0,16.5529453572468,0,"Midrange",1,NA,NA,NA,NA
"3425","Kawhi Leonard",6450,401585680,"2024",0,15,0,"Midrange",2,0,NA,NA,NA
"3426","Kawhi Leonard",6450,401585680,"2024",0,12.0415945787923,0,"Midrange",3,0,0,NA,NA
"3427","Kawhi Leonard",6450,401585680,"2024",0,5.3851648071345,0,"Close",4,0,0,0,0
"3428","Kawhi Leonard",6450,401585680,"2024",1,0,0,"Close",5,0,0,0,0
"3429","Kawhi Leonard",6450,401585680,"2024",0,26.2488094968134,0,"ThreePoint",6,1,0,0,1
"3430","Kawhi Leonard",6450,401585680,"2024",0,26.3058928759318,0,"ThreePoint",7,0,1,0,1
"3431","Kawhi Leonard",6450,401585680,"2024",0,2.23606797749979,0,"Close",8,0,0,1,1
"3432","Kawhi Leonard",6450,401585680,"2024",0,25,0,"ThreePoint",9,0,0,0,0
"3433","Kawhi Leonard",6450,401585680,"2024",0,17.8885438199983,0,"Midrange",10,0,0,0,0
"3434","Kawhi Leonard",6450,401585680,"2024",0,4.47213595499958,0,"Close",11,0,0,0,0
"3435","Kawhi Leonard",6450,401585680,"2024",0,4.12310562561766,0,"Close",12,0,0,0,0
"3436","Kawhi Leonard",6450,401585680,"2024",1,1,0,"Close",13,0,0,0,0
"3437","Kawhi Leonard",6450,401585680,"2024",0,3.60555127546399,0,"Close",14,1,0,0,1
"3438","Kawhi Leonard",6450,401585680,"2024",1,1.4142135623731,0,"Close",15,0,1,0,1
"3439","Kawhi Leonard",6450,401585680,"2024",1,2,0,"Close",16,1,0,1,2
"3440","Kawhi Leonard",6450,401585680,"2024",1,6.32455532033676,0,"Close",17,1,1,0,2
"3441","Kawhi Leonard",6450,401585680,"2024",1,2.23606797749979,1,"Close",18,1,1,1,3
"3442","Kawhi Leonard",6450,401585680,"2024",1,3.16227766016838,1,"Close",19,1,1,1,3
"3443","Keldon Johnson",4395723,401360680,"2022",0,4,0,"Close",1,NA,NA,NA,NA
"3444","Keldon Johnson",4395723,401360680,"2022",0,25.4950975679639,0,"ThreePoint",2,0,NA,NA,NA
"3445","Keldon Johnson",4395723,401360680,"2022",1,1,0,"Close",3,0,0,NA,NA
"3446","Keldon Johnson",4395723,401360680,"2022",0,2.23606797749979,0,"Close",4,1,0,0,1
"3447","Keldon Johnson",4395723,401360680,"2022",1,0,0,"Close",5,0,1,0,1
"3448","Keldon Johnson",4395723,401360680,"2022",0,23.0867927612304,0,"ThreePoint",6,1,0,1,2
"3449","Keldon Johnson",4395723,401360680,"2022",1,1,0,"Close",7,0,1,0,1
"3450","Keldon Johnson",4395723,401360680,"2022",0,5,0,"Close",8,1,0,1,2
"3451","Keldon Johnson",4395723,401360680,"2022",0,1,0,"Close",9,0,1,0,1
"3452","Keldon Johnson",4395723,401360680,"2022",1,4.12310562561766,0,"Close",10,0,0,1,1
"3453","Keldon Johnson",4395723,401360680,"2022",0,4.47213595499958,0,"Close",11,1,0,0,1
"3454","Keldon Johnson",4395723,401360680,"2022",0,23,0,"ThreePoint",12,0,1,0,1
"3455","Kemba Walker",6479,400935635,"2017",1,2.23606797749979,0,"Close",1,NA,NA,NA,NA
"3456","Kemba Walker",6479,400935635,"2017",0,25,0,"ThreePoint",2,1,NA,NA,NA
"3457","Kemba Walker",6479,400935635,"2017",0,24.0831891575846,0,"ThreePoint",3,0,1,NA,NA
"3458","Kemba Walker",6479,400935635,"2017",1,1,0,"Close",4,0,0,1,1
"3459","Kemba Walker",6479,400935635,"2017",1,24.1867732448956,0,"ThreePoint",5,1,0,0,1
"3460","Kemba Walker",6479,400935635,"2017",0,26.4007575648882,0,"ThreePoint",6,1,1,0,2
"3461","Kemba Walker",6479,401070975,"2019",1,25.0798724079689,0,"ThreePoint",1,NA,NA,NA,NA
"3462","Kemba Walker",6479,401070975,"2019",0,3.16227766016838,0,"Close",2,1,NA,NA,NA
"3463","Kemba Walker",6479,401070975,"2019",0,25.4950975679639,0,"ThreePoint",3,0,1,NA,NA
"3464","Kemba Walker",6479,401070975,"2019",0,3,0,"Close",4,0,0,1,1
"3465","Kemba Walker",6479,401070975,"2019",1,2,0,"Close",5,0,0,0,0
"3466","Kemba Walker",6479,401070975,"2019",0,22.0227155455452,0,"ThreePoint",6,1,0,0,1
"3467","Kemba Walker",6479,401070975,"2019",1,26.4007575648882,0,"ThreePoint",7,0,1,0,1
"3468","Kemba Walker",6479,401070975,"2019",0,13.4536240470737,0,"Midrange",8,1,0,1,2
"3469","Kemba Walker",6479,401070975,"2019",0,19.723082923316,0,"Midrange",9,0,1,0,1
"3470","Kemba Walker",6479,401070975,"2019",0,3,0,"Close",10,0,0,1,1
"3471","Kemba Walker",6479,401070975,"2019",0,25.9422435421457,0,"ThreePoint",11,0,0,0,0
"3472","Kemba Walker",6479,401070975,"2019",0,25.8069758011279,0,"ThreePoint",12,0,0,0,0
"3473","Kemba Walker",6479,401071677,"2019",1,25.8069758011279,0,"ThreePoint",1,NA,NA,NA,NA
"3474","Kemba Walker",6479,401071677,"2019",0,4.12310562561766,0,"Close",2,1,NA,NA,NA
"3475","Kemba Walker",6479,401071677,"2019",0,13.9283882771841,0,"Midrange",3,0,1,NA,NA
"3476","Kemba Walker",6479,401071677,"2019",1,2.23606797749979,0,"Close",4,0,0,1,1
"3477","Kemba Walker",6479,401071677,"2019",1,22.2036033111745,0,"ThreePoint",5,1,0,0,1
"3478","Kemba Walker",6479,401071677,"2019",1,2.23606797749979,0,"Close",6,1,1,0,2
"3479","Kemba Walker",6479,401071677,"2019",1,14.7648230602334,1,"Midrange",7,1,1,1,3
"3480","Kemba Walker",6479,401071677,"2019",1,25.0798724079689,1,"ThreePoint",8,1,1,1,3
"3481","Kemba Walker",6479,401071677,"2019",1,14.560219778561,1,"Midrange",9,1,1,1,3
"3482","Kemba Walker",6479,401071677,"2019",1,26,1,"ThreePoint",10,1,1,1,3
"3483","Kemba Walker",6479,401071677,"2019",1,3.60555127546399,1,"Close",11,1,1,1,3
"3484","Kemba Walker",6479,401071677,"2019",1,26.8328157299975,1,"ThreePoint",12,1,1,1,3
"3485","Kemba Walker",6479,401071677,"2019",1,11.6619037896906,1,"Midrange",13,1,1,1,3
"3486","Kemba Walker",6479,401071677,"2019",1,27.5136329843952,1,"ThreePoint",14,1,1,1,3
"3487","Kemba Walker",6479,401071677,"2019",1,25.9615099714943,1,"ThreePoint",15,1,1,1,3
"3488","Kemba Walker",6479,401071677,"2019",0,2.23606797749979,1,"Close",16,1,1,1,3
"3489","Kemba Walker",6479,401071677,"2019",0,3,0,"Close",17,0,1,1,2
"3490","Kemba Walker",6479,401071677,"2019",1,4.12310562561766,0,"Close",18,0,0,1,1
"3491","Kemba Walker",6479,401071677,"2019",0,3.60555127546399,0,"Close",19,1,0,0,1
"3492","Kemba Walker",6479,401071677,"2019",0,1,0,"Close",20,0,1,0,1
"3493","Kemba Walker",6479,401098037,"2019",0,25.3179778023443,0,"ThreePoint",1,NA,NA,NA,NA
"3494","Kemba Walker",6479,401098037,"2019",1,1.4142135623731,0,"Close",2,0,NA,NA,NA
"3495","Kemba Walker",6479,401098037,"2019",0,25.0798724079689,0,"ThreePoint",3,1,0,NA,NA
"3496","Kemba Walker",6479,401098037,"2019",0,3.60555127546399,0,"Close",4,0,1,0,1
"3497","Kemba Walker",6479,401098037,"2019",0,23.5372045918796,0,"ThreePoint",5,0,0,1,1
"3498","Kemba Walker",6479,401098037,"2019",1,1.4142135623731,0,"Close",6,0,0,0,0
"3499","Kemba Walker",6479,401098037,"2019",0,25.4950975679639,0,"ThreePoint",7,1,0,0,1
"3500","Kemba Walker",6479,401098037,"2019",0,25.8069758011279,0,"ThreePoint",8,0,1,0,1
"3501","Kendrick Nunn",3056247,401224744,"2020",1,24.8394846967484,0,"ThreePoint",1,NA,NA,NA,NA
"3502","Kendrick Nunn",3056247,401224744,"2020",0,5.65685424949238,0,"Close",2,1,NA,NA,NA
"3503","Kendrick Nunn",3056247,401224744,"2020",0,18.6815416922694,0,"Midrange",3,0,1,NA,NA
"3504","Kendrick Nunn",3056247,401224744,"2020",0,24,0,"ThreePoint",4,0,0,1,1
"3505","Kendrick Nunn",3056247,401224744,"2020",0,26.4764045897475,0,"ThreePoint",5,0,0,0,0
"3506","Kendrick Nunn",3056247,401224744,"2020",1,1.4142135623731,0,"Close",6,0,0,0,0
"3507","Kendrick Nunn",3056247,401224744,"2020",0,67.1863081289633,0,"ThreePoint",7,1,0,0,1
"3508","Kendrick Nunn",3056247,401224744,"2020",0,10.0498756211209,0,"Midrange",8,0,1,0,1
"3509","Kendrick Nunn",3056247,401224744,"2020",0,10.6301458127346,0,"Midrange",9,0,0,1,1
"3510","Kendrick Nunn",3056247,401224744,"2020",1,26.0192236625154,0,"ThreePoint",10,0,0,0,0
"3511","Kendrick Nunn",3056247,401224744,"2020",0,3.16227766016838,0,"Close",11,1,0,0,1
"3512","Kendrick Nunn",3056247,401224744,"2020",1,26,0,"ThreePoint",12,0,1,0,1
"3513","Kendrick Nunn",3056247,401224744,"2020",0,27,0,"ThreePoint",13,1,0,1,2
"3514","Kendrick Nunn",3056247,401224744,"2020",0,5,0,"Close",14,0,1,0,1
"3515","Kendrick Nunn",3056247,401224744,"2020",0,22.3606797749979,0,"ThreePoint",15,0,0,1,1
"3516","Kendrick Nunn",3056247,401224744,"2020",0,24.8394846967484,0,"ThreePoint",16,0,0,0,0
"3517","Kendrick Nunn",3056247,401224744,"2020",1,25.9615099714943,0,"ThreePoint",17,0,0,0,0
"3518","Kentavious Caldwell-Pope",2581018,400827985,"2016",0,21,0,"Midrange",1,NA,NA,NA,NA
"3519","Kentavious Caldwell-Pope",2581018,400827985,"2016",0,11.6619037896906,0,"Midrange",2,0,NA,NA,NA
"3520","Kentavious Caldwell-Pope",2581018,400827985,"2016",1,19.723082923316,0,"Midrange",3,0,0,NA,NA
"3521","Kentavious Caldwell-Pope",2581018,400827985,"2016",1,25.8069758011279,0,"ThreePoint",4,1,0,0,1
"3522","Kentavious Caldwell-Pope",2581018,400827985,"2016",0,24,0,"ThreePoint",5,1,1,0,2
"3523","Kentavious Caldwell-Pope",2581018,400827985,"2016",1,12.8062484748657,0,"Midrange",6,0,1,1,2
"3524","Kentavious Caldwell-Pope",2581018,400827985,"2016",1,14.3178210632764,0,"Midrange",7,1,0,1,2
"3525","Kentavious Caldwell-Pope",2581018,400827985,"2016",0,25,0,"ThreePoint",8,1,1,0,2
"3526","Kentavious Caldwell-Pope",2581018,400827985,"2016",1,11.1803398874989,0,"Midrange",9,0,1,1,2
"3527","Kentavious Caldwell-Pope",2581018,400827985,"2016",0,21.9544984001001,0,"Midrange",10,1,0,1,2
"3528","Kentavious Caldwell-Pope",2581018,400827985,"2016",0,26.0768096208106,0,"ThreePoint",11,0,1,0,1
"3529","Kentavious Caldwell-Pope",2581018,400827985,"2016",1,25.8069758011279,0,"ThreePoint",12,0,0,1,1
"3530","Kentavious Caldwell-Pope",2581018,400827985,"2016",0,24,0,"ThreePoint",13,1,0,0,1
"3531","Kentavious Caldwell-Pope",2581018,400827985,"2016",0,1,0,"Close",14,0,1,0,1
"3532","Kentavious Caldwell-Pope",2581018,400827985,"2016",0,26.4007575648882,0,"ThreePoint",15,0,0,1,1
"3533","Kentavious Caldwell-Pope",2581018,400828385,"2016",0,23.0867927612304,0,"ThreePoint",1,NA,NA,NA,NA
"3534","Kentavious Caldwell-Pope",2581018,400828385,"2016",1,1,0,"Close",2,0,NA,NA,NA
"3535","Kentavious Caldwell-Pope",2581018,400828385,"2016",0,17,0,"Midrange",3,1,0,NA,NA
"3536","Kentavious Caldwell-Pope",2581018,400828385,"2016",0,25.4950975679639,0,"ThreePoint",4,0,1,0,1
"3537","Kentavious Caldwell-Pope",2581018,400828385,"2016",1,11.1803398874989,0,"Midrange",5,0,0,1,1
"3538","Kentavious Caldwell-Pope",2581018,400828385,"2016",0,20.5182845286832,0,"Midrange",6,1,0,0,1
"3539","Kentavious Caldwell-Pope",2581018,400828385,"2016",1,1,0,"Close",7,0,1,0,1
"3540","Kentavious Caldwell-Pope",2581018,400828385,"2016",1,25.0599281722833,0,"ThreePoint",8,1,0,1,2
"3541","Kentavious Caldwell-Pope",2581018,400828385,"2016",0,24.0831891575846,0,"ThreePoint",9,1,1,0,2
"3542","Kentavious Caldwell-Pope",2581018,400828385,"2016",0,20.6155281280883,0,"Midrange",10,0,1,1,2
"3543","Kentavious Caldwell-Pope",2581018,400828385,"2016",0,24,0,"ThreePoint",11,0,0,1,1
"3544","Kentavious Caldwell-Pope",2581018,400828385,"2016",0,2,0,"Close",12,0,0,0,0
"3545","Kentavious Caldwell-Pope",2581018,400828385,"2016",0,25.0798724079689,0,"ThreePoint",13,0,0,0,0
"3546","Kentavious Caldwell-Pope",2581018,400828385,"2016",0,26.0768096208106,0,"ThreePoint",14,0,0,0,0
"3547","Kentavious Caldwell-Pope",2581018,400828385,"2016",1,19.4164878389476,0,"Midrange",15,0,0,0,0
"3548","Kentavious Caldwell-Pope",2581018,400828385,"2016",1,17.464249196573,0,"Midrange",16,1,0,0,1
"3549","Kentavious Caldwell-Pope",2581018,400828415,"2016",0,24.5967477524977,0,"ThreePoint",1,NA,NA,NA,NA
"3550","Kentavious Caldwell-Pope",2581018,400828415,"2016",1,19.1049731745428,0,"Midrange",2,0,NA,NA,NA
"3551","Kentavious Caldwell-Pope",2581018,400828415,"2016",0,15.8113883008419,0,"Midrange",3,1,0,NA,NA
"3552","Kentavious Caldwell-Pope",2581018,400828415,"2016",1,23.3452350598575,0,"ThreePoint",4,0,1,0,1
"3553","Kentavious Caldwell-Pope",2581018,400828415,"2016",1,23.0867927612304,0,"ThreePoint",5,1,0,1,2
"3554","Kentavious Caldwell-Pope",2581018,400828415,"2016",1,24.5967477524977,0,"ThreePoint",6,1,1,0,2
"3555","Kentavious Caldwell-Pope",2581018,400828415,"2016",1,22.2036033111745,1,"ThreePoint",7,1,1,1,3
"3556","Kentavious Caldwell-Pope",2581018,400828415,"2016",0,24.3310501211929,1,"ThreePoint",8,1,1,1,3
"3557","Kentavious Caldwell-Pope",2581018,400828415,"2016",0,13,0,"Midrange",9,0,1,1,2
"3558","Kentavious Caldwell-Pope",2581018,400828415,"2016",0,10.0498756211209,0,"Midrange",10,0,0,1,1
"3559","Kentavious Caldwell-Pope",2581018,400828415,"2016",1,20.3960780543711,0,"Midrange",11,0,0,0,0
"3560","Kentavious Caldwell-Pope",2581018,400828415,"2016",0,24.3310501211929,0,"ThreePoint",12,1,0,0,1
"3561","Kentavious Caldwell-Pope",2581018,400828415,"2016",0,1.4142135623731,0,"Close",13,0,1,0,1
"3562","Kentavious Caldwell-Pope",2581018,400828710,"2016",0,19.4164878389476,0,"Midrange",1,NA,NA,NA,NA
"3563","Kentavious Caldwell-Pope",2581018,400828710,"2016",0,0,0,"Close",2,0,NA,NA,NA
"3564","Kentavious Caldwell-Pope",2581018,400828710,"2016",0,17.0880074906351,0,"Midrange",3,0,0,NA,NA
"3565","Kentavious Caldwell-Pope",2581018,400828710,"2016",1,27.7308492477241,0,"ThreePoint",4,0,0,0,0
"3566","Kentavious Caldwell-Pope",2581018,400828710,"2016",0,8.60232526704263,0,"Midrange",5,1,0,0,1
"3567","Kentavious Caldwell-Pope",2581018,400828710,"2016",0,25.0798724079689,0,"ThreePoint",6,0,1,0,1
"3568","Kentavious Caldwell-Pope",2581018,400828710,"2016",0,26.9258240356725,0,"ThreePoint",7,0,0,1,1
"3569","Kentavious Caldwell-Pope",2581018,400828710,"2016",1,10,0,"Midrange",8,0,0,0,0
"3570","Kentavious Caldwell-Pope",2581018,400828710,"2016",0,23.0217288664427,0,"ThreePoint",9,1,0,0,1
"3571","Kentavious Caldwell-Pope",2581018,400828710,"2016",0,25.2388589282479,0,"ThreePoint",10,0,1,0,1
"3572","Kentavious Caldwell-Pope",2581018,400828710,"2016",0,7.07106781186548,0,"Close",11,0,0,1,1
"3573","Kentavious Caldwell-Pope",2581018,400828710,"2016",1,0,0,"Close",12,0,0,0,0
"3574","Kentavious Caldwell-Pope",2581018,400828710,"2016",0,25.4950975679639,0,"ThreePoint",13,1,0,0,1
"3575","Kentavious Caldwell-Pope",2581018,400828710,"2016",1,27.2946881279124,0,"ThreePoint",14,0,1,0,1
"3576","Kentavious Caldwell-Pope",2581018,400828710,"2016",0,27.2029410174709,0,"ThreePoint",15,1,0,1,2
"3577","Kevin Durant",3202,400900055,"2017",1,1,0,"Close",1,NA,NA,NA,NA
"3578","Kevin Durant",3202,400900055,"2017",1,18.4390889145858,0,"Midrange",2,1,NA,NA,NA
"3579","Kevin Durant",3202,400900055,"2017",1,6.70820393249937,0,"Close",3,1,1,NA,NA
"3580","Kevin Durant",3202,400900055,"2017",0,46.0108682813094,1,"ThreePoint",4,1,1,1,3
"3581","Kevin Durant",3202,400900055,"2017",1,28.6356421265527,0,"ThreePoint",5,0,1,1,2
"3582","Kevin Durant",3202,400900055,"2017",1,13.0384048104053,0,"Midrange",6,1,0,1,2
"3583","Kevin Durant",3202,400900055,"2017",1,13.8924439894498,0,"Midrange",7,1,1,0,2
"3584","Kevin Durant",3202,400900055,"2017",1,0,1,"Close",8,1,1,1,3
"3585","Kevin Durant",3202,400900055,"2017",0,0,1,"Close",9,1,1,1,3
"3586","Kevin Durant",3202,400900055,"2017",1,24.6981780704569,0,"ThreePoint",10,0,1,1,2
"3587","Kevin Durant",3202,400900055,"2017",1,26.9258240356725,0,"ThreePoint",11,1,0,1,2
"3588","Kevin Durant",3202,400900055,"2017",1,24.6981780704569,0,"ThreePoint",12,1,1,0,2
"3589","Kevin Durant",3202,400900055,"2017",0,25.9615099714943,1,"ThreePoint",13,1,1,1,3
"3590","Kevin Durant",3202,400900055,"2017",1,0,0,"Close",14,0,1,1,2
"3591","Kevin Durant",3202,400900055,"2017",1,18.7882942280559,0,"Midrange",15,1,0,1,2
"3592","Kevin Durant",3202,400900055,"2017",1,26.0768096208106,0,"ThreePoint",16,1,1,0,2
"3593","Kevin Durant",3202,400935635,"2017",0,2.23606797749979,0,"Close",1,NA,NA,NA,NA
"3594","Kevin Durant",3202,400935635,"2017",1,0,0,"Close",2,0,NA,NA,NA
"3595","Kevin Durant",3202,400935635,"2017",0,25.0599281722833,0,"ThreePoint",3,1,0,NA,NA
"3596","Kevin Durant",3202,400935635,"2017",1,0,0,"Close",4,0,1,0,1
"3597","Kevin Durant",3202,400935635,"2017",1,0,0,"Close",5,1,0,1,2
"3598","Kevin Durant",3202,400935635,"2017",1,24.1867732448956,0,"ThreePoint",6,1,1,0,2
"3599","Kevin Durant",3202,400935635,"2017",1,29.6141857899217,1,"ThreePoint",7,1,1,1,3
"3600","Kevin Durant",3202,400935635,"2017",0,29.5465734053883,1,"ThreePoint",8,1,1,1,3
"3601","Kevin Durant",3202,400935635,"2017",0,26.0768096208106,0,"ThreePoint",9,0,1,1,2
"3602","Kevin Durant",3202,400935635,"2017",0,24,0,"ThreePoint",10,0,0,1,1
"3603","Kevin Durant",3202,400935635,"2017",1,1.4142135623731,0,"Close",11,0,0,0,0
"3604","Kevin Durant",3202,400935635,"2017",1,0,0,"Close",12,1,0,0,1
"3605","Kevin Durant",3202,400935635,"2017",1,2,0,"Close",13,1,1,0,2
"3606","Kevin Durant",3202,400935635,"2017",0,28.3196045170126,1,"ThreePoint",14,1,1,1,3
"3607","Kevin Durant",3202,400935635,"2017",0,27.6586333718787,0,"ThreePoint",15,0,1,1,2
"3608","Kevin Durant",3202,400935635,"2017",1,0,0,"Close",16,0,0,1,1
"3609","Kevin Durant",3202,400975069,"2018",0,16.1245154965971,0,"Midrange",1,NA,NA,NA,NA
"3610","Kevin Durant",3202,400975069,"2018",1,2,0,"Close",2,0,NA,NA,NA
"3611","Kevin Durant",3202,400975069,"2018",1,1,0,"Close",3,1,0,NA,NA
"3612","Kevin Durant",3202,400975069,"2018",1,0,0,"Close",4,1,1,0,2
"3613","Kevin Durant",3202,400975069,"2018",0,23.0217288664427,1,"ThreePoint",5,1,1,1,3
"3614","Kevin Durant",3202,400975069,"2018",1,1.4142135623731,0,"Close",6,0,1,1,2
"3615","Kevin Durant",3202,400975069,"2018",1,9.4339811320566,0,"Midrange",7,1,0,1,2
"3616","Kevin Durant",3202,400975069,"2018",0,25.7099202643649,0,"ThreePoint",8,1,1,0,2
"3617","Kevin Durant",3202,400975069,"2018",1,3,0,"Close",9,0,1,1,2
"3618","Kevin Durant",3202,400975069,"2018",1,11.4017542509914,0,"Midrange",10,1,0,1,2
"3619","Kevin Durant",3202,400975069,"2018",1,1,0,"Close",11,1,1,0,2
"3620","Kevin Durant",3202,400975069,"2018",1,2.23606797749979,1,"Close",12,1,1,1,3
"3621","Kevin Durant",3202,400975069,"2018",0,26.9258240356725,1,"ThreePoint",13,1,1,1,3
"3622","Kevin Durant",3202,400975069,"2018",1,13,0,"Midrange",14,0,1,1,2
"3623","Kevin Durant",3202,401070240,"2019",1,19.9248588451713,0,"Midrange",1,NA,NA,NA,NA
"3624","Kevin Durant",3202,401070240,"2019",0,28.0178514522438,0,"ThreePoint",2,1,NA,NA,NA
"3625","Kevin Durant",3202,401070240,"2019",1,3.16227766016838,0,"Close",3,0,1,NA,NA
"3626","Kevin Durant",3202,401070240,"2019",0,14.2126704035519,0,"Midrange",4,1,0,1,2
"3627","Kevin Durant",3202,401070240,"2019",1,8.06225774829855,0,"Midrange",5,0,1,0,1
"3628","Kevin Durant",3202,401070240,"2019",0,13.0384048104053,0,"Midrange",6,1,0,1,2
"3629","Kevin Durant",3202,401070240,"2019",1,17,0,"Midrange",7,0,1,0,1
"3630","Kevin Durant",3202,401070240,"2019",1,11.0453610171873,0,"Midrange",8,1,0,1,2
"3631","Kevin Durant",3202,401070240,"2019",1,2,0,"Close",9,1,1,0,2
"3632","Kevin Durant",3202,401070240,"2019",1,2.23606797749979,1,"Close",10,1,1,1,3
"3633","Kevin Durant",3202,401070240,"2019",0,2.23606797749979,1,"Close",11,1,1,1,3
"3634","Kevin Durant",3202,401070240,"2019",1,27.6586333718787,0,"ThreePoint",12,0,1,1,2
"3635","Kevin Durant",3202,401070240,"2019",0,1,0,"Close",13,1,0,1,2
"3636","Kevin Durant",3202,401098037,"2019",1,1.4142135623731,0,"Close",1,NA,NA,NA,NA
"3637","Kevin Durant",3202,401098037,"2019",1,26.4764045897475,0,"ThreePoint",2,1,NA,NA,NA
"3638","Kevin Durant",3202,401098037,"2019",1,1.4142135623731,0,"Close",3,1,1,NA,NA
"3639","Kevin Durant",3202,401098037,"2019",1,9.48683298050514,1,"Midrange",4,1,1,1,3
"3640","Kevin Durant",3202,401098037,"2019",0,2.82842712474619,1,"Close",5,1,1,1,3
"3641","Kevin Durant",3202,401098037,"2019",1,28.7923600977759,0,"ThreePoint",6,0,1,1,2
"3642","Kevin Durant",3202,401098037,"2019",0,23.3452350598575,0,"ThreePoint",7,1,0,1,2
"3643","Kevin Durant",3202,401098037,"2019",0,1,0,"Close",8,0,1,0,1
"3644","Kevin Durant",3202,401098037,"2019",0,27.0185121722126,0,"ThreePoint",9,0,0,1,1
"3645","Kevin Durant",3202,401098037,"2019",0,25.4558441227157,0,"ThreePoint",10,0,0,0,0
"3646","Kevin Durant",3202,401098037,"2019",1,26.1725046566048,0,"ThreePoint",11,0,0,0,0
"3647","Kevin Durant",3202,401098037,"2019",1,28.1780056072107,0,"ThreePoint",12,1,0,0,1
"3648","Kevin Durant",3202,401098037,"2019",1,23.3452350598575,0,"ThreePoint",13,1,1,0,2
"3649","Kevin Durant",3202,401098037,"2019",1,26.1725046566048,1,"ThreePoint",14,1,1,1,3
"3650","Kevin Durant",3202,401098037,"2019",1,17.4928556845359,1,"Midrange",15,1,1,1,3
"3651","Kevin Durant",3202,401584961,"2024",0,16.4012194668567,0,"Midrange",1,NA,NA,NA,NA
"3652","Kevin Durant",3202,401584961,"2024",0,27.1661554144122,0,"ThreePoint",2,0,NA,NA,NA
"3653","Kevin Durant",3202,401584961,"2024",0,24.6981780704569,0,"ThreePoint",3,0,0,NA,NA
"3654","Kevin Durant",3202,401584961,"2024",0,16.4012194668567,0,"Midrange",4,0,0,0,0
"3655","Kevin Durant",3202,401584961,"2024",1,12,0,"Midrange",5,0,0,0,0
"3656","Kevin Durant",3202,401584961,"2024",1,25.6124969497314,0,"ThreePoint",6,1,0,0,1
"3657","Kevin Durant",3202,401584961,"2024",0,12.7279220613579,0,"Midrange",7,1,1,0,2
"3658","Kevin Durant",3202,401584961,"2024",1,22,0,"Midrange",8,0,1,1,2
"3659","Kevin Durant",3202,401584961,"2024",1,23.0867927612304,0,"ThreePoint",9,1,0,1,2
"3660","Kevin Durant",3202,401584961,"2024",1,26.9258240356725,0,"ThreePoint",10,1,1,0,2
"3661","Kevin Durant",3202,401584961,"2024",1,12.0415945787923,1,"Midrange",11,1,1,1,3
"3662","Kevin Durant",3202,401584961,"2024",0,26.9258240356725,1,"ThreePoint",12,1,1,1,3
"3663","Kevin Durant",3202,401584961,"2024",1,10.0498756211209,0,"Midrange",13,0,1,1,2
"3664","Kevin Durant",3202,401584961,"2024",1,5,0,"Close",14,1,0,1,2
"3665","Kevin Durant",3202,401584961,"2024",1,17.4928556845359,0,"Midrange",15,1,1,0,2
"3666","Kevin Durant",3202,401584961,"2024",0,3.60555127546399,1,"Close",16,1,1,1,3
"3667","Kevin Durant",3202,401584961,"2024",0,26.0768096208106,0,"ThreePoint",17,0,1,1,2
"3668","Kevin Durant",3202,401584961,"2024",0,17.6918060129541,0,"Midrange",18,0,0,1,1
"3669","Kevin Durant",3202,401584961,"2024",0,13.3416640641263,0,"Midrange",19,0,0,0,0
"3670","Kevin Durant",3202,401584961,"2024",1,2,0,"Close",20,0,0,0,0
"3671","Kevin Durant",3202,401584961,"2024",0,27.0185121722126,0,"ThreePoint",21,1,0,0,1
"3672","Kevin Durant",3202,401585283,"2024",1,21,0,"Midrange",1,NA,NA,NA,NA
"3673","Kevin Durant",3202,401585283,"2024",1,17.7200451466693,0,"Midrange",2,1,NA,NA,NA
"3674","Kevin Durant",3202,401585283,"2024",1,15.52417469626,0,"Midrange",3,1,1,NA,NA
"3675","Kevin Durant",3202,401585283,"2024",0,25.4950975679639,1,"ThreePoint",4,1,1,1,3
"3676","Kevin Durant",3202,401585283,"2024",0,18.7882942280559,0,"Midrange",5,0,1,1,2
"3677","Kevin Durant",3202,401585283,"2024",1,16.5529453572468,0,"Midrange",6,0,0,1,1
"3678","Kevin Durant",3202,401585283,"2024",1,19.6468827043885,0,"Midrange",7,1,0,0,1
"3679","Kevin Durant",3202,401585283,"2024",0,15.0332963783729,0,"Midrange",8,1,1,0,2
"3680","Kevin Durant",3202,401585283,"2024",1,26.1725046566048,0,"ThreePoint",9,0,1,1,2
"3681","Kevin Durant",3202,401585283,"2024",1,19.4164878389476,0,"Midrange",10,1,0,1,2
"3682","Kevin Durant",3202,401585283,"2024",0,28.1602556806574,0,"ThreePoint",11,1,1,0,2
"3683","Kevin Durant",3202,401585283,"2024",0,14.2126704035519,0,"Midrange",12,0,1,1,2
"3684","Kevin Durant",3202,401752956,"2025",0,25,0,"ThreePoint",1,NA,NA,NA,NA
"3685","Kevin Durant",3202,401752956,"2025",0,5.3851648071345,0,"Close",2,0,NA,NA,NA
"3686","Kevin Durant",3202,401752956,"2025",0,22.0227155455452,0,"ThreePoint",3,0,0,NA,NA
"3687","Kevin Durant",3202,401752956,"2025",1,5,0,"Close",4,0,0,0,0
"3688","Kevin Durant",3202,401752956,"2025",0,24.8394846967484,0,"ThreePoint",5,1,0,0,1
"3689","Kevin Durant",3202,401752956,"2025",1,4.47213595499958,0,"Close",6,0,1,0,1
"3690","Kevin Durant",3202,401752956,"2025",0,4.47213595499958,0,"Close",7,1,0,1,2
"3691","Kevin Durant",3202,401752956,"2025",0,15.1327459504216,0,"Midrange",8,0,1,0,1
"3692","Kevin Love",3449,400829078,"2016",0,23.0867927612304,0,"ThreePoint",1,NA,NA,NA,NA
"3693","Kevin Love",3449,400829078,"2016",1,17.2046505340853,0,"Midrange",2,0,NA,NA,NA
"3694","Kevin Love",3449,400829078,"2016",1,24.738633753706,0,"ThreePoint",3,1,0,NA,NA
"3695","Kevin Love",3449,400829078,"2016",1,24.8394846967484,0,"ThreePoint",4,1,1,0,2
"3696","Kevin Love",3449,400829078,"2016",0,25.4558441227157,1,"ThreePoint",5,1,1,1,3
"3697","Kevin Love",3449,400829078,"2016",0,1,0,"Close",6,0,1,1,2
"3698","Kevin Love",3449,400829078,"2016",1,23.0217288664427,0,"ThreePoint",7,0,0,1,1
"3699","Kevin Love",3449,400829078,"2016",0,25.0798724079689,0,"ThreePoint",8,1,0,0,1
"3700","Kevin Love",3449,400829078,"2016",0,25.2388589282479,0,"ThreePoint",9,0,1,0,1
"3701","Kevin Love",3449,400829078,"2016",0,16.1245154965971,0,"Midrange",10,0,0,1,1
"3702","Kevin Love",3449,400829078,"2016",1,0,0,"Close",11,0,0,0,0
"3703","Kevin Love",3449,400829078,"2016",0,13.8924439894498,0,"Midrange",12,1,0,0,1
"3704","Kevin Love",3449,400829078,"2016",0,6.40312423743285,0,"Close",13,0,1,0,1
"3705","Kevin Love",3449,400829078,"2016",0,25.5538646783613,0,"ThreePoint",14,0,0,1,1
"3706","Kevin Love",3449,400829078,"2016",0,11.4017542509914,0,"Midrange",15,0,0,0,0
"3707","Kevin Love",3449,400829078,"2016",0,18.0277563773199,0,"Midrange",16,0,0,0,0
"3708","Kevin Love",3449,400829078,"2016",1,23.3452350598575,0,"ThreePoint",17,0,0,0,0
"3709","Khris Middleton",6609,400828269,"2016",1,27.459060435492,0,"ThreePoint",1,NA,NA,NA,NA
"3710","Khris Middleton",6609,400828269,"2016",1,12,0,"Midrange",2,1,NA,NA,NA
"3711","Khris Middleton",6609,400828269,"2016",0,14,0,"Midrange",3,1,1,NA,NA
"3712","Khris Middleton",6609,400828269,"2016",0,7.07106781186548,0,"Close",4,0,1,1,2
"3713","Khris Middleton",6609,400828269,"2016",0,45.0444225182208,0,"ThreePoint",5,0,0,1,1
"3714","Khris Middleton",6609,400828269,"2016",0,24.0208242989286,0,"ThreePoint",6,0,0,0,0
"3715","Khris Middleton",6609,400828269,"2016",0,14.142135623731,0,"Midrange",7,0,0,0,0
"3716","Khris Middleton",6609,400828269,"2016",1,1,0,"Close",8,0,0,0,0
"3717","Khris Middleton",6609,400828269,"2016",1,14.0356688476182,0,"Midrange",9,1,0,0,1
"3718","Khris Middleton",6609,400828269,"2016",0,29,0,"ThreePoint",10,1,1,0,2
"3719","Khris Middleton",6609,400828269,"2016",0,25.5538646783613,0,"ThreePoint",11,0,1,1,2
"3720","Khris Middleton",6609,400975307,"2018",1,19.1049731745428,0,"Midrange",1,NA,NA,NA,NA
"3721","Khris Middleton",6609,400975307,"2018",1,17.4928556845359,0,"Midrange",2,1,NA,NA,NA
"3722","Khris Middleton",6609,400975307,"2018",1,26.4007575648882,0,"ThreePoint",3,1,1,NA,NA
"3723","Khris Middleton",6609,400975307,"2018",1,20.0249843945008,1,"Midrange",4,1,1,1,3
"3724","Khris Middleton",6609,400975307,"2018",0,17.4928556845359,1,"Midrange",5,1,1,1,3
"3725","Khris Middleton",6609,400975307,"2018",0,14.3178210632764,0,"Midrange",6,0,1,1,2
"3726","Khris Middleton",6609,400975307,"2018",1,2.23606797749979,0,"Close",7,0,0,1,1
"3727","Khris Middleton",6609,400975307,"2018",1,23.3452350598575,0,"ThreePoint",8,1,0,0,1
"3728","Khris Middleton",6609,400975307,"2018",0,20.2484567313166,0,"Midrange",9,1,1,0,2
"3729","Khris Middleton",6609,400975307,"2018",0,12.0415945787923,0,"Midrange",10,0,1,1,2
"3730","Khris Middleton",6609,400975307,"2018",1,1.4142135623731,0,"Close",11,0,0,1,1
"3731","Khris Middleton",6609,400975307,"2018",1,8.54400374531753,0,"Midrange",12,1,0,0,1
"3732","Khris Middleton",6609,400975307,"2018",1,23.0217288664427,0,"ThreePoint",13,1,1,0,2
"3733","Khris Middleton",6609,400975307,"2018",0,23.0867927612304,1,"ThreePoint",14,1,1,1,3
"3734","Khris Middleton",6609,401070796,"2019",0,25.298221281347,0,"ThreePoint",1,NA,NA,NA,NA
"3735","Khris Middleton",6609,401070796,"2019",0,20,0,"Midrange",2,0,NA,NA,NA
"3736","Khris Middleton",6609,401070796,"2019",0,25.9422435421457,0,"ThreePoint",3,0,0,NA,NA
"3737","Khris Middleton",6609,401070796,"2019",0,14.422205101856,0,"Midrange",4,0,0,0,0
"3738","Khris Middleton",6609,401070796,"2019",1,1.4142135623731,0,"Close",5,0,0,0,0
"3739","Khris Middleton",6609,401070796,"2019",0,24.6981780704569,0,"ThreePoint",6,1,0,0,1
"3740","Khris Middleton",6609,401070796,"2019",1,25.4950975679639,0,"ThreePoint",7,0,1,0,1
"3741","Khris Middleton",6609,401070796,"2019",1,3.16227766016838,0,"Close",8,1,0,1,2
"3742","Khris Middleton",6609,401070796,"2019",0,27.0739727413618,0,"ThreePoint",9,1,1,0,2
"3743","Khris Middleton",6609,401070796,"2019",0,1,0,"Close",10,0,1,1,2
"3744","Khris Middleton",6609,401070796,"2019",0,25.4558441227157,0,"ThreePoint",11,0,0,1,1
"3745","Khris Middleton",6609,401070796,"2019",0,5.3851648071345,0,"Close",12,0,0,0,0
"3746","Khris Middleton",6609,401070796,"2019",0,26.1725046566048,0,"ThreePoint",13,0,0,0,0
"3747","Khris Middleton",6609,401070796,"2019",0,6.08276253029822,0,"Close",14,0,0,0,0
"3748","Khris Middleton",6609,401070796,"2019",1,25.0798724079689,0,"ThreePoint",15,0,0,0,0
"3749","Khris Middleton",6609,401070796,"2019",1,25.4558441227157,0,"ThreePoint",16,1,0,0,1
"3750","Khris Middleton",6609,401070796,"2019",0,28.0178514522438,0,"ThreePoint",17,1,1,0,2
"3751","Khris Middleton",6609,401070796,"2019",1,3.60555127546399,0,"Close",18,0,1,1,2
"3752","Khris Middleton",6609,401070975,"2019",0,23.0867927612304,0,"ThreePoint",1,NA,NA,NA,NA
"3753","Khris Middleton",6609,401070975,"2019",1,25.4950975679639,0,"ThreePoint",2,0,NA,NA,NA
"3754","Khris Middleton",6609,401070975,"2019",1,25.5538646783613,0,"ThreePoint",3,1,0,NA,NA
"3755","Khris Middleton",6609,401070975,"2019",1,23.3452350598575,0,"ThreePoint",4,1,1,0,2
"3756","Khris Middleton",6609,401070975,"2019",1,19.4164878389476,1,"Midrange",5,1,1,1,3
"3757","Khris Middleton",6609,401070975,"2019",0,23.5372045918796,1,"ThreePoint",6,1,1,1,3
"3758","Khris Middleton",6609,401070975,"2019",0,28.1602556806574,0,"ThreePoint",7,0,1,1,2
"3759","Khris Middleton",6609,401070975,"2019",0,3.16227766016838,0,"Close",8,0,0,1,1
"3760","Khris Middleton",6609,401070975,"2019",0,23.0867927612304,0,"ThreePoint",9,0,0,0,0
"3761","Khris Middleton",6609,401070975,"2019",0,2,0,"Close",10,0,0,0,0
"3762","Khris Middleton",6609,401070975,"2019",0,8.94427190999916,0,"Midrange",11,0,0,0,0
"3763","Khris Middleton",6609,401070975,"2019",0,2,0,"Close",12,0,0,0,0
"3764","Khris Middleton",6609,401070975,"2019",0,26.2488094968134,0,"ThreePoint",13,0,0,0,0
"3765","Khris Middleton",6609,401070975,"2019",0,25.3179778023443,0,"ThreePoint",14,0,0,0,0
"3766","Khris Middleton",6609,401070975,"2019",0,25.1793566240283,0,"ThreePoint",15,0,0,0,0
"3767","Khris Middleton",6609,401070975,"2019",0,26.4007575648882,0,"ThreePoint",16,0,0,0,0
"3768","Khris Middleton",6609,401070975,"2019",0,23,0,"ThreePoint",17,0,0,0,0
"3769","Khris Middleton",6609,401070975,"2019",0,25.0599281722833,0,"ThreePoint",18,0,0,0,0
"3770","Khris Middleton",6609,401098037,"2019",1,28.6356421265527,0,"ThreePoint",1,NA,NA,NA,NA
"3771","Khris Middleton",6609,401098037,"2019",1,30.4630924234556,0,"ThreePoint",2,1,NA,NA,NA
"3772","Khris Middleton",6609,401098037,"2019",1,26.0768096208106,0,"ThreePoint",3,1,1,NA,NA
"3773","Khris Middleton",6609,401098037,"2019",1,25.0599281722833,1,"ThreePoint",4,1,1,1,3
"3774","Khris Middleton",6609,401098037,"2019",0,25.8069758011279,1,"ThreePoint",5,1,1,1,3
"3775","Khris Middleton",6609,401098037,"2019",0,26.2488094968134,0,"ThreePoint",6,0,1,1,2
"3776","Khris Middleton",6609,401098037,"2019",1,23.1948270094864,0,"ThreePoint",7,0,0,1,1
"3777","Khris Middleton",6609,401098037,"2019",1,2,0,"Close",8,1,0,0,1
"3778","Khris Middleton",6609,401098037,"2019",0,8,0,"Close",9,1,1,0,2
"3779","Khris Middleton",6609,401098037,"2019",0,25.4950975679639,0,"ThreePoint",10,0,1,1,2
"3780","Khris Middleton",6609,401098037,"2019",0,27.2946881279124,0,"ThreePoint",11,0,0,1,1
"3781","Khris Middleton",6609,401098037,"2019",0,14.142135623731,0,"Midrange",12,0,0,0,0
"3782","Khris Middleton",6609,401098037,"2019",1,23.0217288664427,0,"ThreePoint",13,0,0,0,0
"3783","Khris Middleton",6609,401224744,"2020",1,25.8069758011279,0,"ThreePoint",1,NA,NA,NA,NA
"3784","Khris Middleton",6609,401224744,"2020",0,11.3137084989848,0,"Midrange",2,1,NA,NA,NA
"3785","Khris Middleton",6609,401224744,"2020",1,19.6468827043885,0,"Midrange",3,0,1,NA,NA
"3786","Khris Middleton",6609,401224744,"2020",1,19.4164878389476,0,"Midrange",4,1,0,1,2
"3787","Khris Middleton",6609,401224744,"2020",0,25.8069758011279,0,"ThreePoint",5,1,1,0,2
"3788","Khris Middleton",6609,401224744,"2020",1,26.0768096208106,0,"ThreePoint",6,0,1,1,2
"3789","Khris Middleton",6609,401224744,"2020",1,25.6124969497314,0,"ThreePoint",7,1,0,1,2
"3790","Khris Middleton",6609,401224744,"2020",0,15.8113883008419,0,"Midrange",8,1,1,0,2
"3791","Khris Middleton",6609,401224744,"2020",0,12.6491106406735,0,"Midrange",9,0,1,1,2
"3792","Khris Middleton",6609,401224744,"2020",1,16,0,"Midrange",10,0,0,1,1
"3793","Khris Middleton",6609,401224744,"2020",1,25.0798724079689,0,"ThreePoint",11,1,0,0,1
"3794","Khris Middleton",6609,401224744,"2020",0,19.4164878389476,0,"Midrange",12,1,1,0,2
"3795","Khris Middleton",6609,401224744,"2020",1,18.3575597506858,0,"Midrange",13,0,1,1,2
"3796","Khris Middleton",6609,401224744,"2020",1,26,0,"ThreePoint",14,1,0,1,2
"3797","Khris Middleton",6609,401267476,"2021",1,23.0217288664427,0,"ThreePoint",1,NA,NA,NA,NA
"3798","Khris Middleton",6609,401267476,"2021",1,27.0739727413618,0,"ThreePoint",2,1,NA,NA,NA
"3799","Khris Middleton",6609,401267476,"2021",1,7,0,"Close",3,1,1,NA,NA
"3800","Khris Middleton",6609,401267476,"2021",0,3.16227766016838,1,"Close",4,1,1,1,3
"3801","Khris Middleton",6609,401267476,"2021",1,26.4007575648882,0,"ThreePoint",5,0,1,1,2
"3802","Khris Middleton",6609,401267476,"2021",1,25.0599281722833,0,"ThreePoint",6,1,0,1,2
"3803","Khris Middleton",6609,401307536,"2021",0,15,0,"Midrange",1,NA,NA,NA,NA
"3804","Khris Middleton",6609,401307536,"2021",1,9,0,"Midrange",2,0,NA,NA,NA
"3805","Khris Middleton",6609,401307536,"2021",1,23.3238075793812,0,"ThreePoint",3,1,0,NA,NA
"3806","Khris Middleton",6609,401307536,"2021",1,8.06225774829855,0,"Midrange",4,1,1,0,2
"3807","Khris Middleton",6609,401307536,"2021",0,17.0880074906351,1,"Midrange",5,1,1,1,3
"3808","Khris Middleton",6609,401307536,"2021",1,23.0217288664427,0,"ThreePoint",6,0,1,1,2
"3809","Khris Middleton",6609,401307536,"2021",0,24.8394846967484,0,"ThreePoint",7,1,0,1,2
"3810","Khris Middleton",6609,401307536,"2021",0,7.07106781186548,0,"Close",8,0,1,0,1
"3811","Khris Middleton",6609,401307536,"2021",1,10.0498756211209,0,"Midrange",9,0,0,1,1
"3812","Khris Middleton",6609,401307536,"2021",1,16.7630546142402,0,"Midrange",10,1,0,0,1
"3813","Khris Middleton",6609,401307536,"2021",1,24.5153013442625,0,"ThreePoint",11,1,1,0,2
"3814","Khris Middleton",6609,401307536,"2021",0,23.7697286480094,1,"ThreePoint",12,1,1,1,3
"3815","Khris Middleton",6609,401307536,"2021",1,0,0,"Close",13,0,1,1,2
"3816","Khris Middleton",6609,401307788,"2021",0,8.60232526704263,0,"Midrange",1,NA,NA,NA,NA
"3817","Khris Middleton",6609,401307788,"2021",0,27.0739727413618,0,"ThreePoint",2,0,NA,NA,NA
"3818","Khris Middleton",6609,401307788,"2021",0,18.4390889145858,0,"Midrange",3,0,0,NA,NA
"3819","Khris Middleton",6609,401307788,"2021",1,12.0415945787923,0,"Midrange",4,0,0,0,0
"3820","Khris Middleton",6609,401307788,"2021",1,27.0185121722126,0,"ThreePoint",5,1,0,0,1
"3821","Khris Middleton",6609,401307788,"2021",0,5,0,"Close",6,1,1,0,2
"3822","Khris Middleton",6609,401307788,"2021",0,21.3775583264319,0,"Midrange",7,0,1,1,2
"3823","Khris Middleton",6609,401307788,"2021",0,15.0332963783729,0,"Midrange",8,0,0,1,1
"3824","Khris Middleton",6609,401307788,"2021",0,25.4950975679639,0,"ThreePoint",9,0,0,0,0
"3825","Khris Middleton",6609,401307788,"2021",0,20.1246117974981,0,"Midrange",10,0,0,0,0
"3826","Khris Middleton",6609,401307788,"2021",0,20.2484567313166,0,"Midrange",11,0,0,0,0
"3827","Khris Middleton",6609,401307788,"2021",1,19.723082923316,0,"Midrange",12,0,0,0,0
"3828","Khris Middleton",6609,401307788,"2021",1,5,0,"Close",13,1,0,0,1
"3829","Khris Middleton",6609,401307788,"2021",1,2.23606797749979,0,"Close",14,1,1,0,2
"3830","Khris Middleton",6609,401307788,"2021",1,2,1,"Close",15,1,1,1,3
"3831","Khris Middleton",6609,401307788,"2021",1,3.16227766016838,1,"Close",16,1,1,1,3
"3832","Khris Middleton",6609,401307788,"2021",1,20.5182845286832,1,"Midrange",17,1,1,1,3
"3833","Khris Middleton",6609,401307788,"2021",1,12.0415945787923,1,"Midrange",18,1,1,1,3
"3834","Khris Middleton",6609,401360043,"2022",0,2,0,"Close",1,NA,NA,NA,NA
"3835","Khris Middleton",6609,401360043,"2022",0,26.8328157299975,0,"ThreePoint",2,0,NA,NA,NA
"3836","Khris Middleton",6609,401360043,"2022",0,4.47213595499958,0,"Close",3,0,0,NA,NA
"3837","Khris Middleton",6609,401360043,"2022",0,6.40312423743285,0,"Close",4,0,0,0,0
"3838","Khris Middleton",6609,401360043,"2022",0,26.9258240356725,0,"ThreePoint",5,0,0,0,0
"3839","Khris Middleton",6609,401360043,"2022",1,19.4164878389476,0,"Midrange",6,0,0,0,0
"3840","Khris Middleton",6609,401360043,"2022",1,16.6433169770932,0,"Midrange",7,1,0,0,1
"3841","Khris Middleton",6609,401360043,"2022",0,27.2029410174709,0,"ThreePoint",8,1,1,0,2
"3842","Khris Middleton",6609,401360043,"2022",0,3.60555127546399,0,"Close",9,0,1,1,2
"3843","Khris Middleton",6609,401360043,"2022",1,27.6586333718787,0,"ThreePoint",10,0,0,1,1
"3844","Khris Middleton",6609,401360043,"2022",1,28.4604989415154,0,"ThreePoint",11,1,0,0,1
"3845","Khris Middleton",6609,401360043,"2022",0,26,0,"ThreePoint",12,1,1,0,2
"3846","Khris Middleton",6609,401360641,"2022",1,2.82842712474619,0,"Close",1,NA,NA,NA,NA
"3847","Khris Middleton",6609,401360641,"2022",0,5.3851648071345,0,"Close",2,1,NA,NA,NA
"3848","Khris Middleton",6609,401360641,"2022",0,27.6586333718787,0,"ThreePoint",3,0,1,NA,NA
"3849","Khris Middleton",6609,401360641,"2022",1,1.4142135623731,0,"Close",4,0,0,1,1
"3850","Khris Middleton",6609,401360641,"2022",1,27.459060435492,0,"ThreePoint",5,1,0,0,1
"3851","Khris Middleton",6609,401360641,"2022",0,26.1725046566048,0,"ThreePoint",6,1,1,0,2
"3852","Khris Middleton",6609,401360641,"2022",1,3.60555127546399,0,"Close",7,0,1,1,2
"3853","Khris Middleton",6609,401360641,"2022",1,18.4390889145858,0,"Midrange",8,1,0,1,2
"3854","Khris Middleton",6609,401360641,"2022",0,41,0,"ThreePoint",9,1,1,0,2
"3855","Khris Middleton",6609,401360641,"2022",1,28.2311884269862,0,"ThreePoint",10,0,1,1,2
"3856","Khris Middleton",6609,401360641,"2022",1,24.0416305603426,0,"ThreePoint",11,1,0,1,2
"3857","Khris Middleton",6609,401360641,"2022",1,6.08276253029822,0,"Close",12,1,1,0,2
"3858","Khris Middleton",6609,401360641,"2022",0,16.5529453572468,1,"Midrange",13,1,1,1,3
"3859","Khris Middleton",6609,401360641,"2022",0,2.82842712474619,0,"Close",14,0,1,1,2
"3860","Khris Middleton",6609,401360641,"2022",0,2.23606797749979,0,"Close",15,0,0,1,1
"3861","Khris Middleton",6609,401360641,"2022",0,29.0688837074973,0,"ThreePoint",16,0,0,0,0
"3862","Khris Middleton",6609,401360641,"2022",0,26.1725046566048,0,"ThreePoint",17,0,0,0,0
"3863","Khris Middleton",6609,401360641,"2022",0,26.2488094968134,0,"ThreePoint",18,0,0,0,0
"3864","Khris Middleton",6609,401360641,"2022",0,27.2946881279124,0,"ThreePoint",19,0,0,0,0
"3865","Khris Middleton",6609,401360931,"2022",1,8.94427190999916,0,"Midrange",1,NA,NA,NA,NA
"3866","Khris Middleton",6609,401360931,"2022",1,5.09901951359278,0,"Close",2,1,NA,NA,NA
"3867","Khris Middleton",6609,401360931,"2022",0,1.4142135623731,0,"Close",3,1,1,NA,NA
"3868","Khris Middleton",6609,401360931,"2022",0,14.422205101856,0,"Midrange",4,0,1,1,2
"3869","Khris Middleton",6609,401360931,"2022",1,25.7099202643649,0,"ThreePoint",5,0,0,1,1
"3870","Khris Middleton",6609,401360931,"2022",0,10.0498756211209,0,"Midrange",6,1,0,0,1
"3871","Khris Middleton",6609,401360931,"2022",0,2.23606797749979,0,"Close",7,0,1,0,1
"3872","Khris Middleton",6609,401360931,"2022",0,25.4950975679639,0,"ThreePoint",8,0,0,1,1
"3873","Khris Middleton",6609,401360931,"2022",0,20.2237484161567,0,"Midrange",9,0,0,0,0
"3874","Khris Middleton",6609,401360931,"2022",0,25.9422435421457,0,"ThreePoint",10,0,0,0,0
"3875","Khris Middleton",6609,401360931,"2022",1,1,0,"Close",11,0,0,0,0
"3876","Khris Middleton",6609,401360931,"2022",0,18.0277563773199,0,"Midrange",12,1,0,0,1
"3877","Khris Middleton",6609,401360931,"2022",1,12.6491106406735,0,"Midrange",13,0,1,0,1
"3878","Khris Middleton",6609,401360931,"2022",0,8.94427190999916,0,"Midrange",14,1,0,1,2
"3879","Khris Middleton",6609,401360931,"2022",0,25.4950975679639,0,"ThreePoint",15,0,1,0,1
"3880","Khris Middleton",6609,401360931,"2022",0,9.89949493661167,0,"Midrange",16,0,0,1,1
"3881","Khris Middleton",6609,401410564,"2022",1,28,0,"ThreePoint",1,NA,NA,NA,NA
"3882","Khris Middleton",6609,401410564,"2022",0,44.1021541423999,0,"ThreePoint",2,1,NA,NA,NA
"3883","Khris Middleton",6609,401410564,"2022",0,25.6320112359526,0,"ThreePoint",3,0,1,NA,NA
"3884","Khris Middleton",6609,401410564,"2022",0,24.6981780704569,0,"ThreePoint",4,0,0,1,1
"3885","Khris Middleton",6609,401410564,"2022",0,21.4709105535839,0,"Midrange",5,0,0,0,0
"3886","Khris Middleton",6609,401410564,"2022",0,0,0,"Close",6,0,0,0,0
"3887","Khris Middleton",6609,401410564,"2022",0,26.0192236625154,0,"ThreePoint",7,0,0,0,0
"3888","Khris Middleton",6609,401410564,"2022",0,0,0,"Close",8,0,0,0,0
"3889","Klay Thompson",6475,400900055,"2017",1,23.3452350598575,0,"ThreePoint",1,NA,NA,NA,NA
"3890","Klay Thompson",6475,400900055,"2017",0,24.0831891575846,0,"ThreePoint",2,1,NA,NA,NA
"3891","Klay Thompson",6475,400900055,"2017",0,6.32455532033676,0,"Close",3,0,1,NA,NA
"3892","Klay Thompson",6475,400900055,"2017",0,12.0415945787923,0,"Midrange",4,0,0,1,1
"3893","Klay Thompson",6475,400900055,"2017",0,2.23606797749979,0,"Close",5,0,0,0,0
"3894","Klay Thompson",6475,400900055,"2017",0,15.0332963783729,0,"Midrange",6,0,0,0,0
"3895","Klay Thompson",6475,400900055,"2017",1,12.6491106406735,0,"Midrange",7,0,0,0,0
"3896","Klay Thompson",6475,400900055,"2017",1,23.1948270094864,0,"ThreePoint",8,1,0,0,1
"3897","Klay Thompson",6475,400900055,"2017",1,19,0,"Midrange",9,1,1,0,2
"3898","Klay Thompson",6475,400900055,"2017",0,20.2237484161567,1,"Midrange",10,1,1,1,3
"3899","Klay Thompson",6475,400900055,"2017",1,25.9422435421457,0,"ThreePoint",11,0,1,1,2
"3900","Klay Thompson",6475,400900055,"2017",0,25.1793566240283,0,"ThreePoint",12,1,0,1,2
"3901","Klay Thompson",6475,400935635,"2017",1,24.7588368062799,0,"ThreePoint",1,NA,NA,NA,NA
"3902","Klay Thompson",6475,400935635,"2017",0,26.1725046566048,0,"ThreePoint",2,1,NA,NA,NA
"3903","Klay Thompson",6475,400935635,"2017",0,24.6981780704569,0,"ThreePoint",3,0,1,NA,NA
"3904","Klay Thompson",6475,400935635,"2017",0,23.0867927612304,0,"ThreePoint",4,0,0,1,1
"3905","Klay Thompson",6475,400935635,"2017",1,0,0,"Close",5,0,0,0,0
"3906","Klay Thompson",6475,400935635,"2017",1,2.23606797749979,0,"Close",6,1,0,0,1
"3907","Klay Thompson",6475,400935635,"2017",1,0,0,"Close",7,1,1,0,2
"3908","Klay Thompson",6475,400935635,"2017",1,24.0208242989286,1,"ThreePoint",8,1,1,1,3
"3909","Klay Thompson",6475,400935635,"2017",0,25.0599281722833,1,"ThreePoint",9,1,1,1,3
"3910","Klay Thompson",6475,400975069,"2018",1,2.23606797749979,0,"Close",1,NA,NA,NA,NA
"3911","Klay Thompson",6475,400975069,"2018",1,18.6815416922694,0,"Midrange",2,1,NA,NA,NA
"3912","Klay Thompson",6475,400975069,"2018",0,16,0,"Midrange",3,1,1,NA,NA
"3913","Klay Thompson",6475,400975069,"2018",1,26.1725046566048,0,"ThreePoint",4,0,1,1,2
"3914","Klay Thompson",6475,400975069,"2018",1,2.23606797749979,0,"Close",5,1,0,1,2
"3915","Klay Thompson",6475,400975069,"2018",1,15.2315462117278,0,"Midrange",6,1,1,0,2
"3916","Klay Thompson",6475,400975069,"2018",0,26.3058928759318,1,"ThreePoint",7,1,1,1,3
"3917","Klay Thompson",6475,400975069,"2018",1,1.4142135623731,0,"Close",8,0,1,1,2
"3918","Klay Thompson",6475,400975069,"2018",1,16.4924225024706,0,"Midrange",9,1,0,1,2
"3919","Klay Thompson",6475,400975069,"2018",1,16.4924225024706,0,"Midrange",10,1,1,0,2
"3920","Klay Thompson",6475,400975069,"2018",0,20.2237484161567,1,"Midrange",11,1,1,1,3
"3921","Klay Thompson",6475,400975069,"2018",1,26.4196896272458,0,"ThreePoint",12,0,1,1,2
"3922","Klay Thompson",6475,400975069,"2018",1,1,0,"Close",13,1,0,1,2
"3923","Klay Thompson",6475,400975069,"2018",1,26.9258240356725,0,"ThreePoint",14,1,1,0,2
"3924","Klay Thompson",6475,401070240,"2019",1,20.2484567313166,0,"Midrange",1,NA,NA,NA,NA
"3925","Klay Thompson",6475,401070240,"2019",0,19.0262975904404,0,"Midrange",2,1,NA,NA,NA
"3926","Klay Thompson",6475,401070240,"2019",1,25.4950975679639,0,"ThreePoint",3,0,1,NA,NA
"3927","Klay Thompson",6475,401070240,"2019",1,20.2484567313166,0,"Midrange",4,1,0,1,2
"3928","Klay Thompson",6475,401070240,"2019",0,4.12310562561766,0,"Close",5,1,1,0,2
"3929","Klay Thompson",6475,401070240,"2019",1,2.82842712474619,0,"Close",6,0,1,1,2
"3930","Klay Thompson",6475,401070240,"2019",1,14.142135623731,0,"Midrange",7,1,0,1,2
"3931","Klay Thompson",6475,401070240,"2019",1,26.0768096208106,0,"ThreePoint",8,1,1,0,2
"3932","Klay Thompson",6475,401070240,"2019",1,27.7308492477241,1,"ThreePoint",9,1,1,1,3
"3933","Klay Thompson",6475,401070240,"2019",1,3.16227766016838,1,"Close",10,1,1,1,3
"3934","Klay Thompson",6475,401070240,"2019",1,25.6320112359526,1,"ThreePoint",11,1,1,1,3
"3935","Klay Thompson",6475,401070240,"2019",1,2,1,"Close",12,1,1,1,3
"3936","Klay Thompson",6475,401070240,"2019",1,25.4950975679639,1,"ThreePoint",13,1,1,1,3
"3937","Klay Thompson",6475,401070240,"2019",1,27.5862284482674,1,"ThreePoint",14,1,1,1,3
"3938","Klay Thompson",6475,401070240,"2019",1,1,1,"Close",15,1,1,1,3
"3939","Klay Thompson",6475,401070240,"2019",1,25.7099202643649,1,"ThreePoint",16,1,1,1,3
"3940","Klay Thompson",6475,401070240,"2019",1,26.9072480941474,1,"ThreePoint",17,1,1,1,3
"3941","Klay Thompson",6475,401070240,"2019",1,26.9072480941474,1,"ThreePoint",18,1,1,1,3
"3942","Klay Thompson",6475,401070240,"2019",1,28.6006992921502,1,"ThreePoint",19,1,1,1,3
"3943","Klay Thompson",6475,401070240,"2019",0,26.9072480941474,1,"ThreePoint",20,1,1,1,3
"3944","Klay Thompson",6475,401098037,"2019",0,13,0,"Midrange",1,NA,NA,NA,NA
"3945","Klay Thompson",6475,401098037,"2019",0,0,0,"Close",2,0,NA,NA,NA
"3946","Klay Thompson",6475,401098037,"2019",1,25.9422435421457,0,"ThreePoint",3,0,0,NA,NA
"3947","Klay Thompson",6475,401098037,"2019",0,26.9258240356725,0,"ThreePoint",4,1,0,0,1
"3948","Klay Thompson",6475,401098037,"2019",1,2.23606797749979,0,"Close",5,0,1,0,1
"3949","Klay Thompson",6475,401098037,"2019",0,26.9258240356725,0,"ThreePoint",6,1,0,1,2
"3950","Klay Thompson",6475,401098037,"2019",1,25.5538646783613,0,"ThreePoint",7,0,1,0,1
"3951","Klay Thompson",6475,401098037,"2019",1,23.7697286480094,0,"ThreePoint",8,1,0,1,2
"3952","Klay Thompson",6475,401098037,"2019",0,27.5862284482674,0,"ThreePoint",9,1,1,0,2
"3953","Klay Thompson",6475,401098037,"2019",1,23.0867927612304,0,"ThreePoint",10,0,1,1,2
"3954","Klay Thompson",6475,401098037,"2019",1,23.0867927612304,0,"ThreePoint",11,1,0,1,2
"3955","Klay Thompson",6475,401098037,"2019",0,14.560219778561,0,"Midrange",12,1,1,0,2
"3956","Klay Thompson",6475,401098037,"2019",0,27.2029410174709,0,"ThreePoint",13,0,1,1,2
"3957","Klay Thompson",6475,401098037,"2019",1,26.6270539113887,0,"ThreePoint",14,0,0,1,1
"3958","Klay Thompson",6475,401098037,"2019",0,24.5153013442625,0,"ThreePoint",15,1,0,0,1
"3959","Klay Thompson",6475,401098037,"2019",0,31.3847096529504,0,"ThreePoint",16,0,1,0,1
"3960","Kyle Kuzma",3134907,401070240,"2019",0,18.0277563773199,0,"Midrange",1,NA,NA,NA,NA
"3961","Kyle Kuzma",3134907,401070240,"2019",0,24.8394846967484,0,"ThreePoint",2,0,NA,NA,NA
"3962","Kyle Kuzma",3134907,401070240,"2019",0,19.8494332412792,0,"Midrange",3,0,0,NA,NA
"3963","Kyle Kuzma",3134907,401070240,"2019",1,0,0,"Close",4,0,0,0,0
"3964","Kyle Kuzma",3134907,401070240,"2019",0,6.08276253029822,0,"Close",5,1,0,0,1
"3965","Kyle Kuzma",3134907,401070240,"2019",1,2,0,"Close",6,0,1,0,1
"3966","Kyle Kuzma",3134907,401070240,"2019",0,2.23606797749979,0,"Close",7,1,0,1,2
"3967","Kyle Kuzma",3134907,401070240,"2019",0,27.5136329843952,0,"ThreePoint",8,0,1,0,1
"3968","Kyle Kuzma",3134907,401070240,"2019",0,3.60555127546399,0,"Close",9,0,0,1,1
"3969","Kyle Kuzma",3134907,401070240,"2019",1,2.23606797749979,0,"Close",10,0,0,0,0
"3970","Kyle Kuzma",3134907,401070240,"2019",1,12.1655250605964,0,"Midrange",11,1,0,0,1
"3971","Kyle Kuzma",3134907,401070240,"2019",0,21.4709105535839,0,"Midrange",12,1,1,0,2
"3972","Kyle Kuzma",3134907,401070240,"2019",1,14.560219778561,0,"Midrange",13,0,1,1,2
"3973","Kyle Kuzma",3134907,401070240,"2019",1,3,0,"Close",14,1,0,1,2
"3974","Kyle Kuzma",3134907,401070240,"2019",0,25.0798724079689,0,"ThreePoint",15,1,1,0,2
"3975","Kyle Kuzma",3134907,401070240,"2019",0,25.6124969497314,0,"ThreePoint",16,0,1,1,2
"3976","Kyle Kuzma",3134907,401070240,"2019",0,23.5372045918796,0,"ThreePoint",17,0,0,1,1
"3977","Kyle Kuzma",3134907,401070240,"2019",1,3.16227766016838,0,"Close",18,0,0,0,0
"3978","Kyle Kuzma",3134907,401070790,"2019",1,1,0,"Close",1,NA,NA,NA,NA
"3979","Kyle Kuzma",3134907,401070790,"2019",1,0,0,"Close",2,1,NA,NA,NA
"3980","Kyle Kuzma",3134907,401070790,"2019",1,19.2093727122985,0,"Midrange",3,1,1,NA,NA
"3981","Kyle Kuzma",3134907,401070790,"2019",1,24.6981780704569,1,"ThreePoint",4,1,1,1,3
"3982","Kyle Kuzma",3134907,401070790,"2019",1,0,1,"Close",5,1,1,1,3
"3983","Kyle Kuzma",3134907,401070790,"2019",0,10.0498756211209,1,"Midrange",6,1,1,1,3
"3984","Kyle Kuzma",3134907,401070790,"2019",0,3.16227766016838,0,"Close",7,0,1,1,2
"3985","Kyle Kuzma",3134907,401070790,"2019",0,2.82842712474619,0,"Close",8,0,0,1,1
"3986","Kyle Kuzma",3134907,401070790,"2019",1,2.23606797749979,0,"Close",9,0,0,0,0
"3987","Kyle Kuzma",3134907,401070790,"2019",1,1.4142135623731,0,"Close",10,1,0,0,1
"3988","Kyle Kuzma",3134907,401070790,"2019",0,22.3606797749979,0,"ThreePoint",11,1,1,0,2
"3989","Kyle Kuzma",3134907,401070908,"2019",0,8.54400374531753,0,"Midrange",1,NA,NA,NA,NA
"3990","Kyle Kuzma",3134907,401070908,"2019",0,2.23606797749979,0,"Close",2,0,NA,NA,NA
"3991","Kyle Kuzma",3134907,401070908,"2019",0,6.70820393249937,0,"Close",3,0,0,NA,NA
"3992","Kyle Kuzma",3134907,401070908,"2019",0,25.4558441227157,0,"ThreePoint",4,0,0,0,0
"3993","Kyle Kuzma",3134907,401070908,"2019",1,3,0,"Close",5,0,0,0,0
"3994","Kyle Kuzma",3134907,401070908,"2019",1,11,0,"Midrange",6,1,0,0,1
"3995","Kyle Kuzma",3134907,401070908,"2019",0,26.4007575648882,0,"ThreePoint",7,1,1,0,2
"3996","Kyle Kuzma",3134907,401070908,"2019",0,3.60555127546399,0,"Close",8,0,1,1,2
"3997","Kyle Kuzma",3134907,401070908,"2019",1,27.3130005674953,0,"ThreePoint",9,0,0,1,1
"3998","Kyle Kuzma",3134907,401070908,"2019",0,25.8069758011279,0,"ThreePoint",10,1,0,0,1
"3999","Kyle Kuzma",3134907,401584847,"2024",1,5.09901951359278,0,"Close",1,NA,NA,NA,NA
"4000","Kyle Kuzma",3134907,401584847,"2024",0,26.9072480941474,0,"ThreePoint",2,1,NA,NA,NA
"4001","Kyle Kuzma",3134907,401584847,"2024",0,25.1793566240283,0,"ThreePoint",3,0,1,NA,NA
"4002","Kyle Kuzma",3134907,401584847,"2024",1,5.09901951359278,0,"Close",4,0,0,1,1
"4003","Kyle Kuzma",3134907,401584847,"2024",1,7.07106781186548,0,"Close",5,1,0,0,1
"4004","Kyle Kuzma",3134907,401584847,"2024",1,9.21954445729289,0,"Midrange",6,1,1,0,2
"4005","Kyle Kuzma",3134907,401584847,"2024",1,12.1655250605964,1,"Midrange",7,1,1,1,3
"4006","Kyle Kuzma",3134907,401584847,"2024",0,5.3851648071345,1,"Close",8,1,1,1,3
"4007","Kyle Kuzma",3134907,401584847,"2024",0,3.60555127546399,0,"Close",9,0,1,1,2
"4008","Kyle Kuzma",3134907,401584847,"2024",1,2.23606797749979,0,"Close",10,0,0,1,1
"4009","Kyle Kuzma",3134907,401584847,"2024",1,29.0688837074973,0,"ThreePoint",11,1,0,0,1
"4010","Kyle Kuzma",3134907,401584847,"2024",1,28.4429253066558,0,"ThreePoint",12,1,1,0,2
"4011","Kyle Kuzma",3134907,401584847,"2024",0,28.4253408071038,1,"ThreePoint",13,1,1,1,3
"4012","Kyle Kuzma",3134907,401584847,"2024",1,16.0312195418814,0,"Midrange",14,0,1,1,2
"4013","Kyle Kuzma",3134907,401584847,"2024",1,6,0,"Close",15,1,0,1,2
"4014","Kyrie Irving",6442,400935635,"2017",1,25.6124969497314,0,"ThreePoint",1,NA,NA,NA,NA
"4015","Kyrie Irving",6442,400935635,"2017",0,2,0,"Close",2,1,NA,NA,NA
"4016","Kyrie Irving",6442,400935635,"2017",1,2.23606797749979,0,"Close",3,0,1,NA,NA
"4017","Kyrie Irving",6442,400935635,"2017",1,25.6124969497314,0,"ThreePoint",4,1,0,1,2
"4018","Kyrie Irving",6442,400935635,"2017",1,24.1867732448956,0,"ThreePoint",5,1,1,0,2
"4019","Kyrie Irving",6442,400935635,"2017",1,1,1,"Close",6,1,1,1,3
"4020","Kyrie Irving",6442,400935635,"2017",1,25.4950975679639,1,"ThreePoint",7,1,1,1,3
"4021","Kyrie Irving",6442,400935635,"2017",0,2,1,"Close",8,1,1,1,3
"4022","Kyrie Irving",6442,400935635,"2017",1,23.0217288664427,0,"ThreePoint",9,0,1,1,2
"4023","Kyrie Irving",6442,400935635,"2017",0,26.1725046566048,0,"ThreePoint",10,1,0,1,2
"4024","Kyrie Irving",6442,400935635,"2017",1,26.2488094968134,0,"ThreePoint",11,0,1,0,1
"4025","Kyrie Irving",6442,400935635,"2017",0,25.4950975679639,0,"ThreePoint",12,1,0,1,2
"4026","Kyrie Irving",6442,400975000,"2018",1,7.07106781186548,0,"Close",1,NA,NA,NA,NA
"4027","Kyrie Irving",6442,400975000,"2018",1,1.4142135623731,0,"Close",2,1,NA,NA,NA
"4028","Kyrie Irving",6442,400975000,"2018",1,19.723082923316,0,"Midrange",3,1,1,NA,NA
"4029","Kyrie Irving",6442,400975000,"2018",1,29.0688837074973,1,"ThreePoint",4,1,1,1,3
"4030","Kyrie Irving",6442,400975000,"2018",1,26.0768096208106,1,"ThreePoint",5,1,1,1,3
"4031","Kyrie Irving",6442,400975000,"2018",1,23.0217288664427,1,"ThreePoint",6,1,1,1,3
"4032","Kyrie Irving",6442,400975000,"2018",1,11.1803398874989,1,"Midrange",7,1,1,1,3
"4033","Kyrie Irving",6442,400975000,"2018",1,9.21954445729289,1,"Midrange",8,1,1,1,3
"4034","Kyrie Irving",6442,400975000,"2018",1,27.2946881279124,1,"ThreePoint",9,1,1,1,3
"4035","Kyrie Irving",6442,400975000,"2018",0,13.4164078649987,1,"Midrange",10,1,1,1,3
"4036","Kyrie Irving",6442,400975000,"2018",0,13.0384048104053,0,"Midrange",11,0,1,1,2
"4037","Kyrie Irving",6442,400975000,"2018",1,1.4142135623731,0,"Close",12,0,0,1,1
"4038","Kyrie Irving",6442,400975000,"2018",0,10.0498756211209,0,"Midrange",13,1,0,0,1
"4039","Kyrie Irving",6442,400975000,"2018",0,26.0192236625154,0,"ThreePoint",14,0,1,0,1
"4040","Kyrie Irving",6442,400975000,"2018",0,10.1980390271856,0,"Midrange",15,0,0,1,1
"4041","Kyrie Irving",6442,400975000,"2018",1,2.23606797749979,0,"Close",16,0,0,0,0
"4042","Kyrie Irving",6442,400975000,"2018",1,25,0,"ThreePoint",17,1,0,0,1
"4043","Kyrie Irving",6442,400975000,"2018",1,4.24264068711928,0,"Close",18,1,1,0,2
"4044","Kyrie Irving",6442,400975000,"2018",1,2.23606797749979,1,"Close",19,1,1,1,3
"4045","Kyrie Irving",6442,400975000,"2018",1,18.3575597506858,1,"Midrange",20,1,1,1,3
"4046","Kyrie Irving",6442,400975000,"2018",1,1.4142135623731,1,"Close",21,1,1,1,3
"4047","Kyrie Irving",6442,400975000,"2018",0,22.3606797749979,1,"ThreePoint",22,1,1,1,3
"4048","Kyrie Irving",6442,401070796,"2019",1,9.8488578017961,0,"Midrange",1,NA,NA,NA,NA
"4049","Kyrie Irving",6442,401070796,"2019",0,25.4950975679639,0,"ThreePoint",2,1,NA,NA,NA
"4050","Kyrie Irving",6442,401070796,"2019",0,26.9072480941474,0,"ThreePoint",3,0,1,NA,NA
"4051","Kyrie Irving",6442,401070796,"2019",1,2,0,"Close",4,0,0,1,1
"4052","Kyrie Irving",6442,401070796,"2019",0,16.1245154965971,0,"Midrange",5,1,0,0,1
"4053","Kyrie Irving",6442,401070796,"2019",0,16.4012194668567,0,"Midrange",6,0,1,0,1
"4054","Kyrie Irving",6442,401070796,"2019",0,23.5372045918796,0,"ThreePoint",7,0,0,1,1
"4055","Kyrie Irving",6442,401070796,"2019",1,23,0,"ThreePoint",8,0,0,0,0
"4056","Kyrie Irving",6442,401070796,"2019",1,23.0867927612304,0,"ThreePoint",9,1,0,0,1
"4057","Kyrie Irving",6442,401070796,"2019",1,24.1867732448956,0,"ThreePoint",10,1,1,0,2
"4058","Kyrie Irving",6442,401070796,"2019",1,26.4764045897475,1,"ThreePoint",11,1,1,1,3
"4059","Kyrie Irving",6442,401070796,"2019",1,25.2388589282479,1,"ThreePoint",12,1,1,1,3
"4060","Kyrie Irving",6442,401070796,"2019",0,9.21954445729289,1,"Midrange",13,1,1,1,3
"4061","Kyrie Irving",6442,401070796,"2019",1,21.6333076527839,0,"Midrange",14,0,1,1,2
"4062","Kyrie Irving",6442,401070796,"2019",0,26.4007575648882,0,"ThreePoint",15,1,0,1,2
"4063","Kyrie Irving",6442,401070796,"2019",0,24.8394846967484,0,"ThreePoint",16,0,1,0,1
"4064","Kyrie Irving",6442,401070796,"2019",1,18.6010752377383,0,"Midrange",17,0,0,1,1
"4065","Kyrie Irving",6442,401070796,"2019",1,25.2388589282479,0,"ThreePoint",18,1,0,0,1
"4066","Kyrie Irving",6442,401070796,"2019",0,16.1245154965971,0,"Midrange",19,1,1,0,2
"4067","Kyrie Irving",6442,401070796,"2019",0,24.6981780704569,0,"ThreePoint",20,0,1,1,2
"4068","Kyrie Irving",6442,401070897,"2019",0,2.23606797749979,0,"Close",1,NA,NA,NA,NA
"4069","Kyrie Irving",6442,401070897,"2019",0,25.9422435421457,0,"ThreePoint",2,0,NA,NA,NA
"4070","Kyrie Irving",6442,401070897,"2019",1,24.7588368062799,0,"ThreePoint",3,0,0,NA,NA
"4071","Kyrie Irving",6442,401070897,"2019",1,24.5967477524977,0,"ThreePoint",4,1,0,0,1
"4072","Kyrie Irving",6442,401070897,"2019",1,13.1529464379659,0,"Midrange",5,1,1,0,2
"4073","Kyrie Irving",6442,401070897,"2019",1,1,1,"Close",6,1,1,1,3
"4074","Kyrie Irving",6442,401070897,"2019",1,14.3178210632764,1,"Midrange",7,1,1,1,3
"4075","Kyrie Irving",6442,401070897,"2019",1,14.3178210632764,1,"Midrange",8,1,1,1,3
"4076","Kyrie Irving",6442,401070897,"2019",1,9.8488578017961,1,"Midrange",9,1,1,1,3
"4077","Kyrie Irving",6442,401070897,"2019",0,21.5870331449229,1,"Midrange",10,1,1,1,3
"4078","Kyrie Irving",6442,401070897,"2019",1,0,0,"Close",11,0,1,1,2
"4079","Kyrie Irving",6442,401070897,"2019",1,15.8113883008419,0,"Midrange",12,1,0,1,2
"4080","Kyrie Irving",6442,401070897,"2019",0,1.4142135623731,0,"Close",13,1,1,0,2
"4081","Kyrie Irving",6442,401070897,"2019",0,17.1172427686237,0,"Midrange",14,0,1,1,2
"4082","Kyrie Irving",6442,401070897,"2019",1,14.142135623731,0,"Midrange",15,0,0,1,1
"4083","Kyrie Irving",6442,401070897,"2019",1,25.8069758011279,0,"ThreePoint",16,1,0,0,1
"4084","Kyrie Irving",6442,401070897,"2019",1,1.4142135623731,0,"Close",17,1,1,0,2
"4085","Kyrie Irving",6442,401070897,"2019",1,15.6204993518133,1,"Midrange",18,1,1,1,3
"4086","Kyrie Irving",6442,401070897,"2019",0,26.0192236625154,1,"ThreePoint",19,1,1,1,3
"4087","Kyrie Irving",6442,401070897,"2019",0,27.7848879788996,0,"ThreePoint",20,0,1,1,2
"4088","Kyrie Irving",6442,401070897,"2019",1,2.23606797749979,0,"Close",21,0,0,1,1
"4089","Kyrie Irving",6442,401070897,"2019",1,16.4012194668567,0,"Midrange",22,1,0,0,1
"4090","Kyrie Irving",6442,401070897,"2019",1,3.16227766016838,0,"Close",23,1,1,0,2
"4091","Kyrie Irving",6442,401070897,"2019",1,1.4142135623731,1,"Close",24,1,1,1,3
"4092","Kyrie Irving",6442,401070897,"2019",1,13.6014705087354,1,"Midrange",25,1,1,1,3
"4093","Kyrie Irving",6442,401070897,"2019",0,1,1,"Close",26,1,1,1,3
"4094","Kyrie Irving",6442,401098037,"2019",1,2.82842712474619,0,"Close",1,NA,NA,NA,NA
"4095","Kyrie Irving",6442,401098037,"2019",0,25.298221281347,0,"ThreePoint",2,1,NA,NA,NA
"4096","Kyrie Irving",6442,401098037,"2019",1,0,0,"Close",3,0,1,NA,NA
"4097","Kyrie Irving",6442,401098037,"2019",1,1,0,"Close",4,1,0,1,2
"4098","Kyrie Irving",6442,401098037,"2019",0,6,0,"Close",5,1,1,0,2
"4099","Kyrie Irving",6442,401098037,"2019",0,26.8328157299975,0,"ThreePoint",6,0,1,1,2
"4100","Kyrie Irving",6442,401098037,"2019",0,2.23606797749979,0,"Close",7,0,0,1,1
"4101","Kyrie Irving",6442,401098037,"2019",1,26.9258240356725,0,"ThreePoint",8,0,0,0,0
"4102","Kyrie Irving",6442,401098037,"2019",0,2.82842712474619,0,"Close",9,1,0,0,1
"4103","Kyrie Irving",6442,401098037,"2019",0,23.0217288664427,0,"ThreePoint",10,0,1,0,1
"4104","Kyrie Irving",6442,401098037,"2019",1,1.4142135623731,0,"Close",11,0,0,1,1
"4105","Kyrie Irving",6442,401098037,"2019",1,5.09901951359278,0,"Close",12,1,0,0,1
"4106","Kyrie Irving",6442,401306581,"2021",1,25,0,"ThreePoint",1,NA,NA,NA,NA
"4107","Kyrie Irving",6442,401306581,"2021",1,2,0,"Close",2,1,NA,NA,NA
"4108","Kyrie Irving",6442,401306581,"2021",1,1,0,"Close",3,1,1,NA,NA
"4109","Kyrie Irving",6442,401306581,"2021",1,24.0416305603426,1,"ThreePoint",4,1,1,1,3
"4110","Kyrie Irving",6442,401306581,"2021",1,1,1,"Close",5,1,1,1,3
"4111","Kyrie Irving",6442,401306581,"2021",0,23.0217288664427,1,"ThreePoint",6,1,1,1,3
"4112","Kyrie Irving",6442,401306581,"2021",0,24.3310501211929,0,"ThreePoint",7,0,1,1,2
"4113","Kyrie Irving",6442,401306581,"2021",1,6.32455532033676,0,"Close",8,0,0,1,1
"4114","Kyrie Irving",6442,401306581,"2021",1,2,0,"Close",9,1,0,0,1
"4115","Kyrie Irving",6442,401306581,"2021",1,1,0,"Close",10,1,1,0,2
"4116","Kyrie Irving",6442,401306581,"2021",0,0,1,"Close",11,1,1,1,3
"4117","Kyrie Irving",6442,401306581,"2021",1,14.422205101856,0,"Midrange",12,0,1,1,2
"4118","Kyrie Irving",6442,401306581,"2021",0,22,0,"Midrange",13,1,0,1,2
"4119","Kyrie Irving",6442,401306581,"2021",1,1,0,"Close",14,0,1,0,1
"4120","Kyrie Irving",6442,401306581,"2021",0,26.4764045897475,0,"ThreePoint",15,1,0,1,2
"4121","Kyrie Irving",6442,401307788,"2021",0,16,0,"Midrange",1,NA,NA,NA,NA
"4122","Kyrie Irving",6442,401307788,"2021",1,2.23606797749979,0,"Close",2,0,NA,NA,NA
"4123","Kyrie Irving",6442,401307788,"2021",1,1.4142135623731,0,"Close",3,1,0,NA,NA
"4124","Kyrie Irving",6442,401307788,"2021",0,3.60555127546399,0,"Close",4,1,1,0,2
"4125","Kyrie Irving",6442,401307788,"2021",1,26,0,"ThreePoint",5,0,1,1,2
"4126","Kyrie Irving",6442,401307788,"2021",1,17.7200451466693,0,"Midrange",6,1,0,1,2
"4127","Kyrie Irving",6442,401307788,"2021",0,26.0768096208106,0,"ThreePoint",7,1,1,0,2
"4128","Kyrie Irving",6442,401307788,"2021",1,26.5706605111728,0,"ThreePoint",8,0,1,1,2
"4129","Kyrie Irving",6442,401307788,"2021",0,17.8885438199983,0,"Midrange",9,1,0,1,2
"4130","Kyrie Irving",6442,401307788,"2021",0,8.60232526704263,0,"Midrange",10,0,1,0,1
"4131","Kyrie Irving",6442,401307788,"2021",1,2,0,"Close",11,0,0,1,1
"4132","Kyrie Irving",6442,401307788,"2021",0,33.2415402771893,0,"ThreePoint",12,1,0,0,1
"4133","Kyrie Irving",6442,401307788,"2021",1,13.3416640641263,0,"Midrange",13,0,1,0,1
"4134","Kyrie Irving",6442,401307788,"2021",0,26.6270539113887,0,"ThreePoint",14,1,0,1,2
"4135","Kyrie Irving",6442,401307788,"2021",1,28.1602556806574,0,"ThreePoint",15,0,1,0,1
"4136","Kyrie Irving",6442,401307788,"2021",0,3.16227766016838,0,"Close",16,1,0,1,2
"4137","Kyrie Irving",6442,401307788,"2021",0,26.9258240356725,0,"ThreePoint",17,0,1,0,1
"4138","Kyrie Irving",6442,401307788,"2021",1,30.5286750449475,0,"ThreePoint",18,0,0,1,1
"4139","Kyrie Irving",6442,401307788,"2021",1,7.21110255092798,0,"Close",19,1,0,0,1
"4140","Kyrie Irving",6442,401307788,"2021",1,14.3178210632764,0,"Midrange",20,1,1,0,2
"4141","Kyrie Irving",6442,401307788,"2021",1,27.6586333718787,1,"ThreePoint",21,1,1,1,3
"4142","Kyrie Irving",6442,401307788,"2021",1,16.1554944214035,1,"Midrange",22,1,1,1,3
"4143","Kyrie Irving",6442,401307788,"2021",0,28.1780056072107,1,"ThreePoint",23,1,1,1,3
"4144","Kyrie Irving",6442,401307788,"2021",1,24,0,"ThreePoint",24,0,1,1,2
"4145","Kyrie Irving",6442,401307788,"2021",0,28.0178514522438,0,"ThreePoint",25,1,0,1,2
"4146","Kyrie Irving",6442,401468215,"2023",0,29.1547594742265,0,"ThreePoint",1,NA,NA,NA,NA
"4147","Kyrie Irving",6442,401468215,"2023",0,19.8494332412792,0,"Midrange",2,0,NA,NA,NA
"4148","Kyrie Irving",6442,401468215,"2023",1,11.7046999107196,0,"Midrange",3,0,0,NA,NA
"4149","Kyrie Irving",6442,401468215,"2023",0,28.1602556806574,0,"ThreePoint",4,1,0,0,1
"4150","Kyrie Irving",6442,401468215,"2023",0,25.6320112359526,0,"ThreePoint",5,0,1,0,1
"4151","Kyrie Irving",6442,401468215,"2023",0,9.48683298050514,0,"Midrange",6,0,0,1,1
"4152","Kyrie Irving",6442,401468215,"2023",1,2.82842712474619,0,"Close",7,0,0,0,0
"4153","Kyrie Irving",6442,401468215,"2023",0,3.60555127546399,0,"Close",8,1,0,0,1
"4154","Kyrie Irving",6442,401468215,"2023",1,2.23606797749979,0,"Close",9,0,1,0,1
"4155","Kyrie Irving",6442,401468215,"2023",1,10.770329614269,0,"Midrange",10,1,0,1,2
"4156","Kyrie Irving",6442,401468215,"2023",0,29.8328677803526,0,"ThreePoint",11,1,1,0,2
"4157","Kyrie Irving",6442,401468215,"2023",0,26.6270539113887,0,"ThreePoint",12,0,1,1,2
"4158","Kyrie Irving",6442,401468215,"2023",0,18.0277563773199,0,"Midrange",13,0,0,1,1
"4159","Kyrie Irving",6442,401468215,"2023",1,4,0,"Close",14,0,0,0,0
"4160","Kyrie Irving",6442,401468215,"2023",1,12.2065556157337,0,"Midrange",15,1,0,0,1
"4161","Kyrie Irving",6442,401468215,"2023",0,26.4196896272458,0,"ThreePoint",16,1,1,0,2
"4162","Kyrie Irving",6442,401468215,"2023",1,10.0498756211209,0,"Midrange",17,0,1,1,2
"4163","Kyrie Irving",6442,401468215,"2023",1,13.8924439894498,0,"Midrange",18,1,0,1,2
"4164","Kyrie Irving",6442,401468215,"2023",1,11,0,"Midrange",19,1,1,0,2
"4165","Kyrie Irving",6442,401468215,"2023",0,26.2488094968134,1,"ThreePoint",20,1,1,1,3
"4166","Kyrie Irving",6442,401468215,"2023",0,10.1980390271856,0,"Midrange",21,0,1,1,2
"4167","Kyrie Irving",6442,401468588,"2023",0,29.5296461204668,0,"ThreePoint",1,NA,NA,NA,NA
"4168","Kyrie Irving",6442,401468588,"2023",0,27.6586333718787,0,"ThreePoint",2,0,NA,NA,NA
"4169","Kyrie Irving",6442,401468588,"2023",0,23.0867927612304,0,"ThreePoint",3,0,0,NA,NA
"4170","Kyrie Irving",6442,401468588,"2023",1,15.556349186104,0,"Midrange",4,0,0,0,0
"4171","Kyrie Irving",6442,401468588,"2023",0,6.32455532033676,0,"Close",5,1,0,0,1
"4172","Kyrie Irving",6442,401468588,"2023",1,15.52417469626,0,"Midrange",6,0,1,0,1
"4173","Kyrie Irving",6442,401468588,"2023",1,10.4403065089106,0,"Midrange",7,1,0,1,2
"4174","Kyrie Irving",6442,401468588,"2023",1,26.9258240356725,0,"ThreePoint",8,1,1,0,2
"4175","Kyrie Irving",6442,401468588,"2023",0,6,1,"Close",9,1,1,1,3
"4176","Kyrie Irving",6442,401468588,"2023",0,2.82842712474619,0,"Close",10,0,1,1,2
"4177","Kyrie Irving",6442,401468588,"2023",1,19.7989898732233,0,"Midrange",11,0,0,1,1
"4178","Kyrie Irving",6442,401468588,"2023",1,25.9615099714943,0,"ThreePoint",12,1,0,0,1
"4179","Kyrie Irving",6442,401468588,"2023",0,29,0,"ThreePoint",13,1,1,0,2
"4180","Kyrie Irving",6442,401468588,"2023",0,23.0867927612304,0,"ThreePoint",14,0,1,1,2
"4181","Kyrie Irving",6442,401468588,"2023",1,2.82842712474619,0,"Close",15,0,0,1,1
"4182","Kyrie Irving",6442,401468588,"2023",1,2.23606797749979,0,"Close",16,1,0,0,1
"4183","Kyrie Irving",6442,401468588,"2023",1,12.5299640861417,0,"Midrange",17,1,1,0,2
"4184","Kyrie Irving",6442,401468588,"2023",1,21.095023109729,1,"Midrange",18,1,1,1,3
"4185","Kyrie Irving",6442,401468588,"2023",0,25,1,"ThreePoint",19,1,1,1,3
"4186","Kyrie Irving",6442,401468588,"2023",1,12,0,"Midrange",20,0,1,1,2
"4187","Kyrie Irving",6442,401468588,"2023",1,2,0,"Close",21,1,0,1,2
"4188","Kyrie Irving",6442,401468588,"2023",1,27.6586333718787,0,"ThreePoint",22,1,1,0,2
"4189","Kyrie Irving",6442,401524696,"2023",0,1.4142135623731,0,"Close",1,NA,NA,NA,NA
"4190","Kyrie Irving",6442,401524696,"2023",1,0,0,"Close",2,0,NA,NA,NA
"4191","Kyrie Irving",6442,401524696,"2023",1,4.47213595499958,0,"Close",3,1,0,NA,NA
"4192","Kyrie Irving",6442,401524696,"2023",1,3.16227766016838,0,"Close",4,1,1,0,2
"4193","Kyrie Irving",6442,401524696,"2023",1,25.0798724079689,1,"ThreePoint",5,1,1,1,3
"4194","Kyrie Irving",6442,401524696,"2023",1,2.82842712474619,1,"Close",6,1,1,1,3
"4195","Kyrie Irving",6442,401524696,"2023",1,25.9422435421457,1,"ThreePoint",7,1,1,1,3
"4196","Kyrie Irving",6442,401524696,"2023",1,5,1,"Close",8,1,1,1,3
"4197","Kyrie Irving",6442,401524696,"2023",1,8.60232526704263,1,"Midrange",9,1,1,1,3
"4198","Kyrie Irving",6442,401524696,"2023",0,11.6619037896906,1,"Midrange",10,1,1,1,3
"4199","Kyrie Irving",6442,401524696,"2023",1,4.47213595499958,0,"Close",11,0,1,1,2
"4200","Kyrie Irving",6442,401524696,"2023",0,25.8069758011279,0,"ThreePoint",12,1,0,1,2
"4201","Kyrie Irving",6442,401524696,"2023",0,24.0208242989286,0,"ThreePoint",13,0,1,0,1
"4202","Kyrie Irving",6442,401524696,"2023",1,26,0,"ThreePoint",14,0,0,1,1
"4203","Kyrie Irving",6442,401524696,"2023",1,3,0,"Close",15,1,0,0,1
"4204","Kyrie Irving",6442,401524696,"2023",1,33.1058907144937,0,"ThreePoint",16,1,1,0,2
"4205","Kyrie Irving",6442,401524696,"2023",0,26.9258240356725,1,"ThreePoint",17,1,1,1,3
"4206","Kyrie Irving",6442,401524696,"2023",1,4.24264068711928,0,"Close",18,0,1,1,2
"4207","Kyrie Irving",6442,401524696,"2023",0,25.5538646783613,0,"ThreePoint",19,1,0,1,2
"4208","Kyrie Irving",6442,401524696,"2023",1,0,0,"Close",20,0,1,0,1
"4209","Kyrie Irving",6442,401524696,"2023",0,14.142135623731,0,"Midrange",21,1,0,1,2
"4210","Kyrie Irving",6442,401584102,"2024",0,20.1246117974981,0,"Midrange",1,NA,NA,NA,NA
"4211","Kyrie Irving",6442,401584102,"2024",1,28.1602556806574,0,"ThreePoint",2,0,NA,NA,NA
"4212","Kyrie Irving",6442,401584102,"2024",0,9.05538513813742,0,"Midrange",3,1,0,NA,NA
"4213","Kyrie Irving",6442,401584102,"2024",1,28.6356421265527,0,"ThreePoint",4,0,1,0,1
"4214","Kyrie Irving",6442,401584102,"2024",1,26.5706605111728,0,"ThreePoint",5,1,0,1,2
"4215","Kyrie Irving",6442,401584102,"2024",0,40.1621712560464,0,"ThreePoint",6,1,1,0,2
"4216","Kyrie Irving",6442,401584102,"2024",1,26.4764045897475,0,"ThreePoint",7,0,1,1,2
"4217","Kyrie Irving",6442,401584102,"2024",0,7.61577310586391,0,"Close",8,1,0,1,2
"4218","Kyrie Irving",6442,401584102,"2024",0,10.1980390271856,0,"Midrange",9,0,1,0,1
"4219","Kyrie Irving",6442,401584102,"2024",1,2.23606797749979,0,"Close",10,0,0,1,1
"4220","Kyrie Irving",6442,401584102,"2024",1,16.1245154965971,0,"Midrange",11,1,0,0,1
"4221","Kyrie Irving",6442,401584102,"2024",0,23.0217288664427,0,"ThreePoint",12,1,1,0,2
"4222","Kyrie Irving",6442,401584102,"2024",0,15.6524758424985,0,"Midrange",13,0,1,1,2
"4223","Kyrie Irving",6442,401584102,"2024",1,25.6124969497314,0,"ThreePoint",14,0,0,1,1
"4224","Kyrie Irving",6442,401584102,"2024",0,1,0,"Close",15,1,0,0,1
"4225","Kyrie Irving",6442,401584102,"2024",0,27.2029410174709,0,"ThreePoint",16,0,1,0,1
"4226","Kyrie Irving",6442,401584102,"2024",1,2.23606797749979,0,"Close",17,0,0,1,1
"4227","Kyrie Irving",6442,401584102,"2024",0,25.5538646783613,0,"ThreePoint",18,1,0,0,1
"4228","Kyrie Irving",6442,401584102,"2024",0,0,0,"Close",19,0,1,0,1
"4229","LaMarcus Aldridge",2983,400828167,"2016",0,20.2484567313166,0,"Midrange",1,NA,NA,NA,NA
"4230","LaMarcus Aldridge",2983,400828167,"2016",0,2,0,"Close",2,0,NA,NA,NA
"4231","LaMarcus Aldridge",2983,400828167,"2016",0,14.2126704035519,0,"Midrange",3,0,0,NA,NA
"4232","LaMarcus Aldridge",2983,400828167,"2016",0,21.6333076527839,0,"Midrange",4,0,0,0,0
"4233","LaMarcus Aldridge",2983,400828167,"2016",0,8.60232526704263,0,"Midrange",5,0,0,0,0
"4234","LaMarcus Aldridge",2983,400828167,"2016",0,16.2788205960997,0,"Midrange",6,0,0,0,0
"4235","LaMarcus Aldridge",2983,400828167,"2016",0,20.2237484161567,0,"Midrange",7,0,0,0,0
"4236","LaMarcus Aldridge",2983,400828167,"2016",1,3.16227766016838,0,"Close",8,0,0,0,0
"4237","LaMarcus Aldridge",2983,400828167,"2016",1,0,0,"Close",9,1,0,0,1
"4238","LaMarcus Aldridge",2983,400828167,"2016",1,19.0262975904404,0,"Midrange",10,1,1,0,2
"4239","LaMarcus Aldridge",2983,400828167,"2016",1,0,1,"Close",11,1,1,1,3
"4240","LaMarcus Aldridge",2983,400828167,"2016",1,0,1,"Close",12,1,1,1,3
"4241","LaMarcus Aldridge",2983,400975013,"2018",0,21.9317121994613,0,"Midrange",1,NA,NA,NA,NA
"4242","LaMarcus Aldridge",2983,400975013,"2018",0,15.2970585407784,0,"Midrange",2,0,NA,NA,NA
"4243","LaMarcus Aldridge",2983,400975013,"2018",0,18.6010752377383,0,"Midrange",3,0,0,NA,NA
"4244","LaMarcus Aldridge",2983,400975013,"2018",1,2.23606797749979,0,"Close",4,0,0,0,0
"4245","LaMarcus Aldridge",2983,400975013,"2018",1,15,0,"Midrange",5,1,0,0,1
"4246","LaMarcus Aldridge",2983,400975013,"2018",1,13.8924439894498,0,"Midrange",6,1,1,0,2
"4247","LaMarcus Aldridge",2983,400975013,"2018",1,3,1,"Close",7,1,1,1,3
"4248","LaMarcus Aldridge",2983,400975013,"2018",1,20.0249843945008,1,"Midrange",8,1,1,1,3
"4249","LaMarcus Aldridge",2983,400975013,"2018",0,25.4950975679639,1,"ThreePoint",9,1,1,1,3
"4250","LaMarcus Aldridge",2983,400975013,"2018",0,14.3178210632764,0,"Midrange",10,0,1,1,2
"4251","LaMarcus Aldridge",2983,400975013,"2018",1,14.3178210632764,0,"Midrange",11,0,0,1,1
"4252","LaMarcus Aldridge",2983,400975013,"2018",0,17,0,"Midrange",12,1,0,0,1
"4253","LaMarcus Aldridge",2983,400975013,"2018",0,7.81024967590665,0,"Close",13,0,1,0,1
"4254","LaMarcus Aldridge",2983,400975013,"2018",1,2,0,"Close",14,0,0,1,1
"4255","LaMarcus Aldridge",2983,401098037,"2019",1,17.0293863659264,0,"Midrange",1,NA,NA,NA,NA
"4256","LaMarcus Aldridge",2983,401098037,"2019",0,19.4164878389476,0,"Midrange",2,1,NA,NA,NA
"4257","LaMelo Ball",4432816,401361036,"2022",0,12.2065556157337,0,"Midrange",1,NA,NA,NA,NA
"4258","LaMelo Ball",4432816,401361036,"2022",1,3,0,"Close",2,0,NA,NA,NA
"4259","LaMelo Ball",4432816,401361036,"2022",0,2.23606797749979,0,"Close",3,1,0,NA,NA
"4260","LaMelo Ball",4432816,401361036,"2022",0,0,0,"Close",4,0,1,0,1
"4261","LaMelo Ball",4432816,401361036,"2022",1,3,0,"Close",5,0,0,1,1
"4262","LaMelo Ball",4432816,401361036,"2022",1,26.4007575648882,0,"ThreePoint",6,1,0,0,1
"4263","LaMelo Ball",4432816,401361036,"2022",0,32.8024389337135,0,"ThreePoint",7,1,1,0,2
"4264","LaMelo Ball",4432816,401361036,"2022",0,2.82842712474619,0,"Close",8,0,1,1,2
"4265","LaMelo Ball",4432816,401361036,"2022",1,29.1547594742265,0,"ThreePoint",9,0,0,1,1
"4266","LaMelo Ball",4432816,401361036,"2022",0,3.16227766016838,0,"Close",10,1,0,0,1
"4267","LaMelo Ball",4432816,401361036,"2022",0,16.2788205960997,0,"Midrange",11,0,1,0,1
"4268","LaMelo Ball",4432816,401361036,"2022",1,25.6320112359526,0,"ThreePoint",12,0,0,1,1
"4269","LaMelo Ball",4432816,401361036,"2022",1,27.459060435492,0,"ThreePoint",13,1,0,0,1
"4270","LaMelo Ball",4432816,401361036,"2022",0,19.2093727122985,0,"Midrange",14,1,1,0,2
"4271","LaMelo Ball",4432816,401361036,"2022",1,25.4558441227157,0,"ThreePoint",15,0,1,1,2
"4272","LaMelo Ball",4432816,401361036,"2022",1,28.1602556806574,0,"ThreePoint",16,1,0,1,2
"4273","LaMelo Ball",4432816,401410564,"2022",0,25,0,"ThreePoint",1,NA,NA,NA,NA
"4274","LaMelo Ball",4432816,401410564,"2022",1,0,0,"Close",2,0,NA,NA,NA
"4275","LaMelo Ball",4432816,401410564,"2022",1,0,0,"Close",3,1,0,NA,NA
"4276","LaMelo Ball",4432816,401410564,"2022",1,25.6124969497314,0,"ThreePoint",4,1,1,0,2
"4277","LaMelo Ball",4432816,401410564,"2022",0,23.1948270094864,1,"ThreePoint",5,1,1,1,3
"4278","LaMelo Ball",4432816,401410564,"2022",1,23.7697286480094,0,"ThreePoint",6,0,1,1,2
"4279","LaMelo Ball",4432816,401410564,"2022",0,25.8069758011279,0,"ThreePoint",7,1,0,1,2
"4280","LaMelo Ball",4432816,401410564,"2022",1,26.4007575648882,0,"ThreePoint",8,0,1,0,1
"4281","LaMelo Ball",4432816,401410564,"2022",1,1.4142135623731,0,"Close",9,1,0,1,2
"4282","LaMelo Ball",4432816,401410564,"2022",0,27.459060435492,0,"ThreePoint",10,1,1,0,2
"4283","LaMelo Ball",4432816,401410564,"2022",1,25.5538646783613,0,"ThreePoint",11,0,1,1,2
"4284","Lauri Markkanen",4066336,401524696,"2023",1,4.47213595499958,0,"Close",1,NA,NA,NA,NA
"4285","Lauri Markkanen",4066336,401524696,"2023",1,3.16227766016838,0,"Close",2,1,NA,NA,NA
"4286","Lauri Markkanen",4066336,401524696,"2023",1,30,0,"ThreePoint",3,1,1,NA,NA
"4287","Lauri Markkanen",4066336,401524696,"2023",0,0,1,"Close",4,1,1,1,3
"4288","Lauri Markkanen",4066336,401524696,"2023",0,28.3196045170126,0,"ThreePoint",5,0,1,1,2
"4289","Lauri Markkanen",4066336,401524696,"2023",1,4.12310562561766,0,"Close",6,0,0,1,1
"4290","Lauri Markkanen",4066336,401524696,"2023",1,2.23606797749979,0,"Close",7,1,0,0,1
"4291","Lauri Markkanen",4066336,401524696,"2023",0,23.0217288664427,0,"ThreePoint",8,1,1,0,2
"4292","Lauri Markkanen",4066336,401524696,"2023",0,2.23606797749979,0,"Close",9,0,1,1,2
"4293","Lauri Markkanen",4066336,401524696,"2023",0,30.4795013082563,0,"ThreePoint",10,0,0,1,1
"4294","Lauri Markkanen",4066336,401524696,"2023",0,25.3179778023443,0,"ThreePoint",11,0,0,0,0
"4295","Lauri Markkanen",4066336,401524696,"2023",1,4,0,"Close",12,0,0,0,0
"4296","Lauri Markkanen",4066336,401524696,"2023",0,24,0,"ThreePoint",13,1,0,0,1
"4297","LeBron James",1966,400829078,"2016",1,18.0277563773199,0,"Midrange",1,NA,NA,NA,NA
"4298","LeBron James",1966,400829078,"2016",1,10.295630140987,0,"Midrange",2,1,NA,NA,NA
"4299","LeBron James",1966,400829078,"2016",0,20.0249843945008,0,"Midrange",3,1,1,NA,NA
"4300","LeBron James",1966,400829078,"2016",1,1,0,"Close",4,0,1,1,2
"4301","LeBron James",1966,400829078,"2016",1,0,0,"Close",5,1,0,1,2
"4302","LeBron James",1966,400829078,"2016",1,0,0,"Close",6,1,1,0,2
"4303","LeBron James",1966,400829078,"2016",0,18.1107702762748,1,"Midrange",7,1,1,1,3
"4304","LeBron James",1966,400829078,"2016",1,3,0,"Close",8,0,1,1,2
"4305","LeBron James",1966,400829078,"2016",1,24.1867732448956,0,"ThreePoint",9,1,0,1,2
"4306","LeBron James",1966,400829078,"2016",1,25,0,"ThreePoint",10,1,1,0,2
"4307","LeBron James",1966,400829078,"2016",0,2,1,"Close",11,1,1,1,3
"4308","LeBron James",1966,400829078,"2016",1,1,0,"Close",12,0,1,1,2
"4309","LeBron James",1966,400829078,"2016",1,24.7588368062799,0,"ThreePoint",13,1,0,1,2
"4310","LeBron James",1966,400829078,"2016",1,25,0,"ThreePoint",14,1,1,0,2
"4311","LeBron James",1966,400829078,"2016",0,26.2488094968134,1,"ThreePoint",15,1,1,1,3
"4312","LeBron James",1966,400829078,"2016",1,16.2788205960997,0,"Midrange",16,0,1,1,2
"4313","LeBron James",1966,400829078,"2016",1,1,0,"Close",17,1,0,1,2
"4314","LeBron James",1966,400935635,"2017",1,26.6270539113887,0,"ThreePoint",1,NA,NA,NA,NA
"4315","LeBron James",1966,400935635,"2017",0,3,0,"Close",2,1,NA,NA,NA
"4316","LeBron James",1966,400935635,"2017",0,36.0138862107382,0,"ThreePoint",3,0,1,NA,NA
"4317","LeBron James",1966,400935635,"2017",1,0,0,"Close",4,0,0,1,1
"4318","LeBron James",1966,400935635,"2017",1,0,0,"Close",5,1,0,0,1
"4319","LeBron James",1966,400935635,"2017",1,0,0,"Close",6,1,1,0,2
"4320","LeBron James",1966,400935635,"2017",0,25.0798724079689,1,"ThreePoint",7,1,1,1,3
"4321","LeBron James",1966,400935635,"2017",0,15.0332963783729,0,"Midrange",8,0,1,1,2
"4322","LeBron James",1966,400935635,"2017",1,0,0,"Close",9,0,0,1,1
"4323","LeBron James",1966,400935635,"2017",1,31.4006369362152,0,"ThreePoint",10,1,0,0,1
"4324","LeBron James",1966,400935635,"2017",0,23.0867927612304,0,"ThreePoint",11,1,1,0,2
"4325","LeBron James",1966,400935635,"2017",1,0,0,"Close",12,0,1,1,2
"4326","LeBron James",1966,400935635,"2017",1,0,0,"Close",13,1,0,1,2
"4327","LeBron James",1966,400935635,"2017",0,24,0,"ThreePoint",14,1,1,0,2
"4328","LeBron James",1966,400935635,"2017",1,0,0,"Close",15,0,1,1,2
"4329","LeBron James",1966,400935635,"2017",1,25.4950975679639,0,"ThreePoint",16,1,0,1,2
"4330","LeBron James",1966,400935635,"2017",0,41.0121933088198,0,"ThreePoint",17,1,1,0,2
"4331","LeBron James",1966,401070790,"2019",1,10.1980390271856,0,"Midrange",1,NA,NA,NA,NA
"4332","LeBron James",1966,401070790,"2019",1,14.560219778561,0,"Midrange",2,1,NA,NA,NA
"4333","LeBron James",1966,401070790,"2019",0,1.4142135623731,0,"Close",3,1,1,NA,NA
"4334","LeBron James",1966,401070790,"2019",1,1.4142135623731,0,"Close",4,0,1,1,2
"4335","LeBron James",1966,401070790,"2019",1,2.23606797749979,0,"Close",5,1,0,1,2
"4336","LeBron James",1966,401070790,"2019",1,1.4142135623731,0,"Close",6,1,1,0,2
"4337","LeBron James",1966,401070790,"2019",0,7.28010988928052,1,"Close",7,1,1,1,3
"4338","LeBron James",1966,401070790,"2019",1,23.4093998214393,0,"ThreePoint",8,0,1,1,2
"4339","LeBron James",1966,401070790,"2019",1,25.4950975679639,0,"ThreePoint",9,1,0,1,2
"4340","LeBron James",1966,401070790,"2019",0,19.2353840616713,0,"Midrange",10,1,1,0,2
"4341","LeBron James",1966,401070790,"2019",0,30.0166620396073,0,"ThreePoint",11,0,1,1,2
"4342","LeBron James",1966,401070790,"2019",1,2,0,"Close",12,0,0,1,1
"4343","LeBron James",1966,401070790,"2019",1,2,0,"Close",13,1,0,0,1
"4344","LeBron James",1966,401070790,"2019",0,18.7882942280559,0,"Midrange",14,1,1,0,2
"4345","LeBron James",1966,401070790,"2019",1,18.9736659610103,0,"Midrange",15,0,1,1,2
"4346","LeBron James",1966,401070790,"2019",0,19.8494332412792,0,"Midrange",16,1,0,1,2
"4347","LeBron James",1966,401070790,"2019",1,1.4142135623731,0,"Close",17,0,1,0,1
"4348","LeBron James",1966,401070790,"2019",0,18.4390889145858,0,"Midrange",18,1,0,1,2
"4349","LeBron James",1966,401070790,"2019",0,1.4142135623731,0,"Close",19,0,1,0,1
"4350","LeBron James",1966,401070908,"2019",1,25,0,"ThreePoint",1,NA,NA,NA,NA
"4351","LeBron James",1966,401070908,"2019",0,5,0,"Close",2,1,NA,NA,NA
"4352","LeBron James",1966,401070908,"2019",1,3.60555127546399,0,"Close",3,0,1,NA,NA
"4353","LeBron James",1966,401070908,"2019",1,2.23606797749979,0,"Close",4,1,0,1,2
"4354","LeBron James",1966,401070908,"2019",0,26.9258240356725,0,"ThreePoint",5,1,1,0,2
"4355","LeBron James",1966,401070908,"2019",0,4.47213595499958,0,"Close",6,0,1,1,2
"4356","LeBron James",1966,401070908,"2019",0,4.12310562561766,0,"Close",7,0,0,1,1
"4357","LeBron James",1966,401070908,"2019",0,14.422205101856,0,"Midrange",8,0,0,0,0
"4358","LeBron James",1966,401070908,"2019",1,1.4142135623731,0,"Close",9,0,0,0,0
"4359","LeBron James",1966,401070908,"2019",0,7.07106781186548,0,"Close",10,1,0,0,1
"4360","LeBron James",1966,401070908,"2019",0,20,0,"Midrange",11,0,1,0,1
"4361","LeBron James",1966,401070908,"2019",1,26.3058928759318,0,"ThreePoint",12,0,0,1,1
"4362","LeBron James",1966,401070908,"2019",1,3.16227766016838,0,"Close",13,1,0,0,1
"4363","LeBron James",1966,401070908,"2019",0,22.3606797749979,0,"ThreePoint",14,1,1,0,2
"4364","LeBron James",1966,401070908,"2019",0,27.459060435492,0,"ThreePoint",15,0,1,1,2
"4365","LeBron James",1966,401070908,"2019",1,4.12310562561766,0,"Close",16,0,0,1,1
"4366","LeBron James",1966,401070908,"2019",0,3.16227766016838,0,"Close",17,1,0,0,1
"4367","LeBron James",1966,401070908,"2019",1,23.5372045918796,0,"ThreePoint",18,0,1,0,1
"4368","LeBron James",1966,401070908,"2019",0,28.2311884269862,0,"ThreePoint",19,1,0,1,2
"4369","LeBron James",1966,401098037,"2019",0,39.8246155034798,0,"ThreePoint",1,NA,NA,NA,NA
"4370","LeBron James",1966,401098037,"2019",1,2.82842712474619,0,"Close",2,0,NA,NA,NA
"4371","LeBron James",1966,401098037,"2019",0,2,0,"Close",3,1,0,NA,NA
"4372","LeBron James",1966,401098037,"2019",0,25.4950975679639,0,"ThreePoint",4,0,1,0,1
"4373","LeBron James",1966,401098037,"2019",1,2.23606797749979,0,"Close",5,0,0,1,1
"4374","LeBron James",1966,401098037,"2019",1,2,0,"Close",6,1,0,0,1
"4375","LeBron James",1966,401098037,"2019",1,2,0,"Close",7,1,1,0,2
"4376","LeBron James",1966,401098037,"2019",1,0,1,"Close",8,1,1,1,3
"4377","LeBron James",1966,401098037,"2019",0,26.1725046566048,1,"ThreePoint",9,1,1,1,3
"4378","LeBron James",1966,401098037,"2019",1,1,0,"Close",10,0,1,1,2
"4379","LeBron James",1966,401098037,"2019",0,24.0208242989286,0,"ThreePoint",11,1,0,1,2
"4380","LeBron James",1966,401098037,"2019",0,26.1725046566048,0,"ThreePoint",12,0,1,0,1
"4381","LeBron James",1966,401098037,"2019",1,2.23606797749979,0,"Close",13,0,0,1,1
"4382","LeBron James",1966,401098037,"2019",0,26.6833281282527,0,"ThreePoint",14,1,0,0,1
"4383","LeBron James",1966,401098037,"2019",1,23.1948270094864,0,"ThreePoint",15,0,1,0,1
"4384","LeBron James",1966,401098037,"2019",1,1,0,"Close",16,1,0,1,2
"4385","LeBron James",1966,401098037,"2019",0,31.3847096529504,0,"ThreePoint",17,1,1,0,2
"4386","LeBron James",1966,401267421,"2021",1,26.2488094968134,0,"ThreePoint",1,NA,NA,NA,NA
"4387","LeBron James",1966,401267421,"2021",1,19.1049731745428,0,"Midrange",2,1,NA,NA,NA
"4388","LeBron James",1966,401267421,"2021",1,25,0,"ThreePoint",3,1,1,NA,NA
"4389","LeBron James",1966,401267421,"2021",0,25.1793566240283,1,"ThreePoint",4,1,1,1,3
"4390","LeBron James",1966,401267421,"2021",1,27.3130005674953,0,"ThreePoint",5,0,1,1,2
"4391","LeBron James",1966,401267421,"2021",1,13.0384048104053,0,"Midrange",6,1,0,1,2
"4392","LeBron James",1966,401267421,"2021",1,28.3196045170126,0,"ThreePoint",7,1,1,0,2
"4393","LeBron James",1966,401267421,"2021",1,9.8488578017961,1,"Midrange",8,1,1,1,3
"4394","LeBron James",1966,401267421,"2021",1,1,1,"Close",9,1,1,1,3
"4395","LeBron James",1966,401267421,"2021",1,1.4142135623731,1,"Close",10,1,1,1,3
"4396","LeBron James",1966,401267421,"2021",1,22.4722050542442,1,"ThreePoint",11,1,1,1,3
"4397","LeBron James",1966,401267421,"2021",0,28.8444102037119,1,"ThreePoint",12,1,1,1,3
"4398","LeBron James",1966,401267421,"2021",0,16.2788205960997,0,"Midrange",13,0,1,1,2
"4399","LeBron James",1966,401267421,"2021",0,30.5941170815567,0,"ThreePoint",14,0,0,1,1
"4400","LeBron James",1966,401267421,"2021",0,12.8062484748657,0,"Midrange",15,0,0,0,0
"4401","LeBron James",1966,401267421,"2021",0,13.8924439894498,0,"Midrange",16,0,0,0,0
"4402","LeBron James",1966,401267421,"2021",1,2,0,"Close",17,0,0,0,0
"4403","LeBron James",1966,401267421,"2021",1,1.4142135623731,0,"Close",18,1,0,0,1
"4404","LeBron James",1966,401267421,"2021",1,0,0,"Close",19,1,1,0,2
"4405","LeBron James",1966,401267421,"2021",0,26.6270539113887,1,"ThreePoint",20,1,1,1,3
"4406","LeBron James",1966,401267421,"2021",1,1.4142135623731,0,"Close",21,0,1,1,2
"4407","LeBron James",1966,401267421,"2021",1,34.132096331752,0,"ThreePoint",22,1,0,1,2
"4408","LeBron James",1966,401267421,"2021",1,1.4142135623731,0,"Close",23,1,1,0,2
"4409","LeBron James",1966,401267421,"2021",1,27.7848879788996,1,"ThreePoint",24,1,1,1,3
"4410","LeBron James",1966,401267421,"2021",1,26.1725046566048,1,"ThreePoint",25,1,1,1,3
"4411","LeBron James",1966,401267421,"2021",1,16.2788205960997,1,"Midrange",26,1,1,1,3
"4412","LeBron James",1966,401306581,"2021",0,27.0739727413618,0,"ThreePoint",1,NA,NA,NA,NA
"4413","LeBron James",1966,401306581,"2021",1,0,0,"Close",2,0,NA,NA,NA
"4414","LeBron James",1966,401306581,"2021",0,1,0,"Close",3,1,0,NA,NA
"4415","LeBron James",1966,401306581,"2021",0,24.8394846967484,0,"ThreePoint",4,0,1,0,1
"4416","LeBron James",1966,401306581,"2021",0,26.0768096208106,0,"ThreePoint",5,0,0,1,1
"4417","LeBron James",1966,401306581,"2021",0,2,0,"Close",6,0,0,0,0
"4418","LeBron James",1966,401306581,"2021",1,1,0,"Close",7,0,0,0,0
"4419","LeBron James",1966,401360641,"2022",1,25.6124969497314,0,"ThreePoint",1,NA,NA,NA,NA
"4420","LeBron James",1966,401360641,"2022",1,28.0178514522438,0,"ThreePoint",2,1,NA,NA,NA
"4421","LeBron James",1966,401360641,"2022",0,28.2842712474619,0,"ThreePoint",3,1,1,NA,NA
"4422","LeBron James",1966,401360641,"2022",0,25.0599281722833,0,"ThreePoint",4,0,1,1,2
"4423","LeBron James",1966,401360641,"2022",1,2.23606797749979,0,"Close",5,0,0,1,1
"4424","LeBron James",1966,401360641,"2022",1,19.313207915828,0,"Midrange",6,1,0,0,1
"4425","LeBron James",1966,401360641,"2022",0,29.4108823397055,0,"ThreePoint",7,1,1,0,2
"4426","LeBron James",1966,401360641,"2022",0,14.2126704035519,0,"Midrange",8,0,1,1,2
"4427","LeBron James",1966,401360641,"2022",1,3.16227766016838,0,"Close",9,0,0,1,1
"4428","LeBron James",1966,401360641,"2022",0,3.60555127546399,0,"Close",10,1,0,0,1
"4429","LeBron James",1966,401360641,"2022",1,2.82842712474619,0,"Close",11,0,1,0,1
"4430","LeBron James",1966,401360641,"2022",0,2.23606797749979,0,"Close",12,1,0,1,2
"4431","LeBron James",1966,401360641,"2022",1,1,0,"Close",13,0,1,0,1
"4432","LeBron James",1966,401360641,"2022",1,3,0,"Close",14,1,0,1,2
"4433","LeBron James",1966,401360641,"2022",1,24.8394846967484,0,"ThreePoint",15,1,1,0,2
"4434","LeBron James",1966,401360641,"2022",0,4,1,"Close",16,1,1,1,3
"4435","LeBron James",1966,401360641,"2022",1,2.23606797749979,0,"Close",17,0,1,1,2
"4436","LeBron James",1966,401360641,"2022",1,2.82842712474619,0,"Close",18,1,0,1,2
"4437","LeBron James",1966,401360641,"2022",0,25.6124969497314,0,"ThreePoint",19,1,1,0,2
"4438","LeBron James",1966,401410564,"2022",0,1,0,"Close",1,NA,NA,NA,NA
"4439","LeBron James",1966,401410564,"2022",1,1,0,"Close",2,0,NA,NA,NA
"4440","LeBron James",1966,401410564,"2022",0,23.0217288664427,0,"ThreePoint",3,1,0,NA,NA
"4441","LeBron James",1966,401410564,"2022",1,1,0,"Close",4,0,1,0,1
"4442","LeBron James",1966,401410564,"2022",0,35.3411940941446,0,"ThreePoint",5,1,0,1,2
"4443","LeBron James",1966,401410564,"2022",1,2,0,"Close",6,0,1,0,1
"4444","LeBron James",1966,401410564,"2022",0,29.732137494637,0,"ThreePoint",7,1,0,1,2
"4445","LeBron James",1966,401410564,"2022",1,24.0208242989286,0,"ThreePoint",8,0,1,0,1
"4446","LeBron James",1966,401410564,"2022",1,1,0,"Close",9,1,0,1,2
"4447","LeBron James",1966,401410564,"2022",1,0,0,"Close",10,1,1,0,2
"4448","LeBron James",1966,401410564,"2022",0,26.4007575648882,1,"ThreePoint",11,1,1,1,3
"4449","LeBron James",1966,401410564,"2022",0,3.60555127546399,0,"Close",12,0,1,1,2
"4450","LeBron James",1966,401410564,"2022",0,28.4253408071038,0,"ThreePoint",13,0,0,1,1
"4451","LeBron James",1966,401410564,"2022",0,2.82842712474619,0,"Close",14,0,0,0,0
"4452","LeBron James",1966,401410564,"2022",1,1.4142135623731,0,"Close",15,0,0,0,0
"4453","LeBron James",1966,401410564,"2022",0,3.60555127546399,0,"Close",16,1,0,0,1
"4454","LeBron James",1966,401410564,"2022",0,23.7697286480094,0,"ThreePoint",17,0,1,0,1
"4455","LeBron James",1966,401410564,"2022",0,26,0,"ThreePoint",18,0,0,1,1
"4456","LeBron James",1966,401410564,"2022",1,1.4142135623731,0,"Close",19,0,0,0,0
"4457","LeBron James",1966,401410564,"2022",1,32.2490309931942,0,"ThreePoint",20,1,0,0,1
"4458","LeBron James",1966,401410564,"2022",0,25.6124969497314,0,"ThreePoint",21,1,1,0,2
"4459","LeBron James",1966,401410564,"2022",0,23.5372045918796,0,"ThreePoint",22,0,1,1,2
"4460","LeBron James",1966,401410564,"2022",1,1.4142135623731,0,"Close",23,0,0,1,1
"4461","LeBron James",1966,401410564,"2022",1,17.464249196573,0,"Midrange",24,1,0,0,1
"4462","LeBron James",1966,401468920,"2023",0,2.23606797749979,0,"Close",1,NA,NA,NA,NA
"4463","LeBron James",1966,401468920,"2023",1,1.4142135623731,0,"Close",2,0,NA,NA,NA
"4464","LeBron James",1966,401468920,"2023",0,25.2388589282479,0,"ThreePoint",3,1,0,NA,NA
"4465","LeBron James",1966,401468920,"2023",0,13.0384048104053,0,"Midrange",4,0,1,0,1
"4466","LeBron James",1966,401468920,"2023",1,1.4142135623731,0,"Close",5,0,0,1,1
"4467","LeBron James",1966,401468920,"2023",0,25.4950975679639,0,"ThreePoint",6,1,0,0,1
"4468","LeBron James",1966,401468920,"2023",0,14.0356688476182,0,"Midrange",7,0,1,0,1
"4469","LeBron James",1966,401468920,"2023",0,25.2388589282479,0,"ThreePoint",8,0,0,1,1
"4470","LeBron James",1966,401468920,"2023",1,1,0,"Close",9,0,0,0,0
"4471","LeBron James",1966,401468920,"2023",1,9.21954445729289,0,"Midrange",10,1,0,0,1
"4472","LeBron James",1966,401468920,"2023",0,17.4928556845359,0,"Midrange",11,1,1,0,2
"4473","LeBron James",1966,401468920,"2023",1,25.4950975679639,0,"ThreePoint",12,0,1,1,2
"4474","LeBron James",1966,401468920,"2023",0,26.4007575648882,0,"ThreePoint",13,1,0,1,2
"4475","LeBron James",1966,401468920,"2023",1,17.0293863659264,0,"Midrange",14,0,1,0,1
"4476","LeBron James",1966,401468920,"2023",0,23,0,"ThreePoint",15,1,0,1,2
"4477","LeBron James",1966,401468920,"2023",1,10.4403065089106,0,"Midrange",16,0,1,0,1
"4478","LeBron James",1966,401468920,"2023",0,25,0,"ThreePoint",17,1,0,1,2
"4479","LeBron James",1966,401468920,"2023",1,12,0,"Midrange",18,0,1,0,1
"4480","LeBron James",1966,401468920,"2023",0,1,0,"Close",19,1,0,1,2
"4481","LeBron James",1966,401468920,"2023",1,2.23606797749979,0,"Close",20,0,1,0,1
"4482","LeBron James",1966,401468920,"2023",0,4.47213595499958,0,"Close",21,1,0,1,2
"4483","LeBron James",1966,401468920,"2023",1,25.298221281347,0,"ThreePoint",22,0,1,0,1
"4484","LeBron James",1966,401468920,"2023",0,22.561028345357,0,"ThreePoint",23,1,0,1,2
"4485","LeBron James",1966,401468920,"2023",0,25.4950975679639,0,"ThreePoint",24,0,1,0,1
"4486","LeBron James",1966,401468920,"2023",1,1,0,"Close",25,0,0,1,1
"4487","LeBron James",1966,401524696,"2023",1,21.3775583264319,0,"Midrange",1,NA,NA,NA,NA
"4488","LeBron James",1966,401524696,"2023",1,2.23606797749979,0,"Close",2,1,NA,NA,NA
"4489","LeBron James",1966,401524696,"2023",0,26,0,"ThreePoint",3,1,1,NA,NA
"4490","LeBron James",1966,401524696,"2023",1,2.82842712474619,0,"Close",4,0,1,1,2
"4491","LeBron James",1966,401524696,"2023",1,36.2353418639869,0,"ThreePoint",5,1,0,1,2
"4492","LeBron James",1966,401524696,"2023",0,25.9422435421457,0,"ThreePoint",6,1,1,0,2
"4493","LeBron James",1966,401524696,"2023",0,30.4138126514911,0,"ThreePoint",7,0,1,1,2
"4494","LeBron James",1966,401524696,"2023",1,3.60555127546399,0,"Close",8,0,0,1,1
"4495","LeBron James",1966,401524696,"2023",0,25.7099202643649,0,"ThreePoint",9,1,0,0,1
"4496","LeBron James",1966,401524696,"2023",0,5,0,"Close",10,0,1,0,1
"4497","LeBron James",1966,401524696,"2023",1,2.82842712474619,0,"Close",11,0,0,1,1
"4498","Luka Doncic",3945274,401070790,"2019",0,26.4764045897475,0,"ThreePoint",1,NA,NA,NA,NA
"4499","Luka Doncic",3945274,401070790,"2019",0,26.4196896272458,0,"ThreePoint",2,0,NA,NA,NA
"4500","Luka Doncic",3945274,401070790,"2019",0,25.4950975679639,0,"ThreePoint",3,0,0,NA,NA
"4501","Luka Doncic",3945274,401070790,"2019",0,14.3178210632764,0,"Midrange",4,0,0,0,0
"4502","Luka Doncic",3945274,401070790,"2019",0,20.6155281280883,0,"Midrange",5,0,0,0,0
"4503","Luka Doncic",3945274,401070790,"2019",0,9.05538513813742,0,"Midrange",6,0,0,0,0
"4504","Luka Doncic",3945274,401070790,"2019",1,3.60555127546399,0,"Close",7,0,0,0,0
"4505","Luka Doncic",3945274,401070790,"2019",1,25.298221281347,0,"ThreePoint",8,1,0,0,1
"4506","Luka Doncic",3945274,401070790,"2019",1,25.9615099714943,0,"ThreePoint",9,1,1,0,2
"4507","Luka Doncic",3945274,401070790,"2019",1,25.2388589282479,1,"ThreePoint",10,1,1,1,3
"4508","Luka Doncic",3945274,401070790,"2019",1,7.07106781186548,1,"Close",11,1,1,1,3
"4509","Luka Doncic",3945274,401267559,"2021",0,8.24621125123532,0,"Midrange",1,NA,NA,NA,NA
"4510","Luka Doncic",3945274,401267559,"2021",0,13,0,"Midrange",2,0,NA,NA,NA
"4511","Luka Doncic",3945274,401267559,"2021",1,13.8924439894498,0,"Midrange",3,0,0,NA,NA
"4512","Luka Doncic",3945274,401267559,"2021",0,12.0830459735946,0,"Midrange",4,1,0,0,1
"4513","Luka Doncic",3945274,401267559,"2021",0,6.32455532033676,0,"Close",5,0,1,0,1
"4514","Luka Doncic",3945274,401267559,"2021",0,2.82842712474619,0,"Close",6,0,0,1,1
"4515","Luka Doncic",3945274,401267559,"2021",1,1,0,"Close",7,0,0,0,0
"4516","Luka Doncic",3945274,401267559,"2021",1,24.5153013442625,0,"ThreePoint",8,1,0,0,1
"4517","Luka Doncic",3945274,401267559,"2021",1,13.4164078649987,0,"Midrange",9,1,1,0,2
"4518","Luka Doncic",3945274,401267559,"2021",1,12.0415945787923,1,"Midrange",10,1,1,1,3
"4519","Luka Doncic",3945274,401267559,"2021",0,14.142135623731,1,"Midrange",11,1,1,1,3
"4520","Luka Doncic",3945274,401267559,"2021",0,13.9283882771841,0,"Midrange",12,0,1,1,2
"4521","Luka Doncic",3945274,401267559,"2021",1,0,0,"Close",13,0,0,1,1
"4522","Luka Doncic",3945274,401267559,"2021",1,0,0,"Close",14,1,0,0,1
"4523","Luka Doncic",3945274,401267559,"2021",0,25.8069758011279,0,"ThreePoint",15,1,1,0,2
"4524","Luka Doncic",3945274,401267559,"2021",1,16.6433169770932,0,"Midrange",16,0,1,1,2
"4525","Luka Doncic",3945274,401267559,"2021",1,27.5136329843952,0,"ThreePoint",17,1,0,1,2
"4526","Luka Doncic",3945274,401267559,"2021",1,25.6320112359526,0,"ThreePoint",18,1,1,0,2
"4527","Luka Doncic",3945274,401267559,"2021",1,28.6356421265527,1,"ThreePoint",19,1,1,1,3
"4528","Luka Doncic",3945274,401267559,"2021",1,1.4142135623731,1,"Close",20,1,1,1,3
"4529","Luka Doncic",3945274,401267559,"2021",0,25.6320112359526,1,"ThreePoint",21,1,1,1,3
"4530","Luka Doncic",3945274,401267559,"2021",0,6.32455532033676,0,"Close",22,0,1,1,2
"4531","Luka Doncic",3945274,401267559,"2021",0,3,0,"Close",23,0,0,1,1
"4532","Luka Doncic",3945274,401267559,"2021",1,25.298221281347,0,"ThreePoint",24,0,0,0,0
"4533","Luka Doncic",3945274,401267559,"2021",1,13,0,"Midrange",25,1,0,0,1
"4534","Luka Doncic",3945274,401267559,"2021",0,2,0,"Close",26,1,1,0,2
"4535","Luka Doncic",3945274,401267559,"2021",1,15.6524758424985,0,"Midrange",27,0,1,1,2
"4536","Luka Doncic",3945274,401267559,"2021",1,1.4142135623731,0,"Close",28,1,0,1,2
"4537","Luka Doncic",3945274,401267559,"2021",0,29.732137494637,0,"ThreePoint",29,1,1,0,2
"4538","Luka Doncic",3945274,401267559,"2021",1,1.4142135623731,0,"Close",30,0,1,1,2
"4539","Luka Doncic",3945274,401306581,"2021",0,26.4007575648882,0,"ThreePoint",1,NA,NA,NA,NA
"4540","Luka Doncic",3945274,401306581,"2021",0,24.7588368062799,0,"ThreePoint",2,0,NA,NA,NA
"4541","Luka Doncic",3945274,401306581,"2021",1,1,0,"Close",3,0,0,NA,NA
"4542","Luka Doncic",3945274,401306581,"2021",0,25.0599281722833,0,"ThreePoint",4,1,0,0,1
"4543","Luka Doncic",3945274,401306581,"2021",1,28.6356421265527,0,"ThreePoint",5,0,1,0,1
"4544","Luka Doncic",3945274,401306581,"2021",1,26.0768096208106,0,"ThreePoint",6,1,0,1,2
"4545","Luka Doncic",3945274,401306581,"2021",0,23.0867927612304,0,"ThreePoint",7,1,1,0,2
"4546","Luka Doncic",3945274,401410564,"2022",1,23.0217288664427,0,"ThreePoint",1,NA,NA,NA,NA
"4547","Luka Doncic",3945274,401410564,"2022",1,33.2866339541865,0,"ThreePoint",2,1,NA,NA,NA
"4548","Luka Doncic",3945274,401410564,"2022",0,23.0867927612304,0,"ThreePoint",3,1,1,NA,NA
"4549","Luka Doncic",3945274,401410564,"2022",0,32.2024843762092,0,"ThreePoint",4,0,1,1,2
"4550","Luka Doncic",3945274,401410564,"2022",0,6.70820393249937,0,"Close",5,0,0,1,1
"4551","Luka Doncic",3945274,401410564,"2022",1,1,0,"Close",6,0,0,0,0
"4552","Luka Doncic",3945274,401524696,"2023",0,24.6981780704569,0,"ThreePoint",1,NA,NA,NA,NA
"4553","Luka Doncic",3945274,401524696,"2023",1,3.16227766016838,0,"Close",2,0,NA,NA,NA
"4554","Luka Doncic",3945274,401524696,"2023",1,2.82842712474619,0,"Close",3,1,0,NA,NA
"4555","Luka Doncic",3945274,401524696,"2023",0,51.0392006206994,0,"ThreePoint",4,1,1,0,2
"4556","Luka Doncic",3945274,401524696,"2023",0,30.8058436014987,0,"ThreePoint",5,0,1,1,2
"4557","Luka Doncic",3945274,401584102,"2024",0,12.0415945787923,0,"Midrange",1,NA,NA,NA,NA
"4558","Luka Doncic",3945274,401584102,"2024",1,1.4142135623731,0,"Close",2,0,NA,NA,NA
"4559","Luka Doncic",3945274,401584102,"2024",1,2.23606797749979,0,"Close",3,1,0,NA,NA
"4560","Luka Doncic",3945274,401584102,"2024",1,11.4017542509914,0,"Midrange",4,1,1,0,2
"4561","Luka Doncic",3945274,401584102,"2024",1,28.0178514522438,1,"ThreePoint",5,1,1,1,3
"4562","Luka Doncic",3945274,401584102,"2024",0,26,1,"ThreePoint",6,1,1,1,3
"4563","Luka Doncic",3945274,401584102,"2024",1,11,0,"Midrange",7,0,1,1,2
"4564","Luka Doncic",3945274,401584102,"2024",1,27.2029410174709,0,"ThreePoint",8,1,0,1,2
"4565","Luka Doncic",3945274,401584102,"2024",0,29.1547594742265,0,"ThreePoint",9,1,1,0,2
"4566","Luka Doncic",3945274,401584102,"2024",1,15.556349186104,0,"Midrange",10,0,1,1,2
"4567","Luka Doncic",3945274,401584102,"2024",1,28.8444102037119,0,"ThreePoint",11,1,0,1,2
"4568","Luka Doncic",3945274,401584102,"2024",1,26.6270539113887,0,"ThreePoint",12,1,1,0,2
"4569","Luka Doncic",3945274,401584102,"2024",1,10.6301458127346,1,"Midrange",13,1,1,1,3
"4570","Luka Doncic",3945274,401584102,"2024",1,9.48683298050514,1,"Midrange",14,1,1,1,3
"4571","Luka Doncic",3945274,401584102,"2024",1,26.8328157299975,1,"ThreePoint",15,1,1,1,3
"4572","Luka Doncic",3945274,401584102,"2024",1,11.7046999107196,1,"Midrange",16,1,1,1,3
"4573","Luka Doncic",3945274,401584102,"2024",1,6.70820393249937,1,"Close",17,1,1,1,3
"4574","Luka Doncic",3945274,401584102,"2024",1,20,1,"Midrange",18,1,1,1,3
"4575","Luka Doncic",3945274,401584102,"2024",1,31.1448230047949,1,"ThreePoint",19,1,1,1,3
"4576","Luka Doncic",3945274,401584102,"2024",0,26.6270539113887,1,"ThreePoint",20,1,1,1,3
"4577","Luka Doncic",3945274,401584102,"2024",1,6.70820393249937,0,"Close",21,0,1,1,2
"4578","Luka Doncic",3945274,401585262,"2024",1,1.4142135623731,0,"Close",1,NA,NA,NA,NA
"4579","Luka Doncic",3945274,401585262,"2024",1,7.81024967590665,0,"Close",2,1,NA,NA,NA
"4580","Luka Doncic",3945274,401585262,"2024",1,18.0277563773199,0,"Midrange",3,1,1,NA,NA
"4581","Luka Doncic",3945274,401585262,"2024",0,25.5538646783613,1,"ThreePoint",4,1,1,1,3
"4582","Luka Doncic",3945274,401585262,"2024",0,4.12310562561766,0,"Close",5,0,1,1,2
"4583","Luka Doncic",3945274,401585262,"2024",1,1,0,"Close",6,0,0,1,1
"4584","Luka Doncic",3945274,401585262,"2024",1,25.7099202643649,0,"ThreePoint",7,1,0,0,1
"4585","Luka Doncic",3945274,401585262,"2024",1,1.4142135623731,0,"Close",8,1,1,0,2
"4586","Luka Doncic",3945274,401585262,"2024",1,26.2488094968134,1,"ThreePoint",9,1,1,1,3
"4587","Luka Doncic",3945274,401585262,"2024",1,1,1,"Close",10,1,1,1,3
"4588","Luka Doncic",3945274,401585262,"2024",0,15.2643375224737,1,"Midrange",11,1,1,1,3
"4589","Luka Doncic",3945274,401585262,"2024",1,26.0192236625154,0,"ThreePoint",12,0,1,1,2
"4590","Luka Doncic",3945274,401585262,"2024",1,17,0,"Midrange",13,1,0,1,2
"4591","Luka Doncic",3945274,401585262,"2024",1,1,0,"Close",14,1,1,0,2
"4592","Luka Doncic",3945274,401585262,"2024",1,10.0498756211209,1,"Midrange",15,1,1,1,3
"4593","Luka Doncic",3945274,401585262,"2024",1,26.5706605111728,1,"ThreePoint",16,1,1,1,3
"4594","Luka Doncic",3945274,401585262,"2024",0,25.4950975679639,1,"ThreePoint",17,1,1,1,3
"4595","Luka Doncic",3945274,401585262,"2024",1,1,0,"Close",18,0,1,1,2
"4596","Luka Doncic",3945274,401585262,"2024",0,24.0208242989286,0,"ThreePoint",19,1,0,1,2
"4597","Luka Doncic",3945274,401585262,"2024",1,24.8394846967484,0,"ThreePoint",20,0,1,0,1
"4598","Luka Doncic",3945274,401585262,"2024",1,1,0,"Close",21,1,0,1,2
"4599","Luka Doncic",3945274,401585262,"2024",1,25.4558441227157,0,"ThreePoint",22,1,1,0,2
"4600","Luka Doncic",3945274,401585262,"2024",1,7.21110255092798,1,"Close",23,1,1,1,3
"4601","Luka Doncic",3945274,401585262,"2024",1,25.9615099714943,1,"ThreePoint",24,1,1,1,3
"4602","Luka Doncic",3945274,401585262,"2024",1,14,1,"Midrange",25,1,1,1,3
"4603","Luka Doncic",3945274,401585262,"2024",0,35.0570962859162,1,"ThreePoint",26,1,1,1,3
"4604","Luka Doncic",3945274,401585262,"2024",1,10,0,"Midrange",27,0,1,1,2
"4605","Luka Doncic",3945274,401585262,"2024",1,27.0739727413618,0,"ThreePoint",28,1,0,1,2
"4606","Luka Doncic",3945274,401585262,"2024",1,5,0,"Close",29,1,1,0,2
"4607","Luka Doncic",3945274,401585262,"2024",0,22,1,"Midrange",30,1,1,1,3
"4608","Luka Doncic",3945274,401585262,"2024",0,1,0,"Close",31,0,1,1,2
"4609","Luka Doncic",3945274,401585262,"2024",1,2.23606797749979,0,"Close",32,0,0,1,1
"4610","Luka Doncic",3945274,401585262,"2024",1,2,0,"Close",33,1,0,0,1
"4611","Luka Doncic",3945274,401585330,"2024",1,25.4950975679639,0,"ThreePoint",1,NA,NA,NA,NA
"4612","Luka Doncic",3945274,401585330,"2024",0,25.298221281347,0,"ThreePoint",2,1,NA,NA,NA
"4613","Luka Doncic",3945274,401585330,"2024",1,7.81024967590665,0,"Close",3,0,1,NA,NA
"4614","Luka Doncic",3945274,401585330,"2024",1,24.7588368062799,0,"ThreePoint",4,1,0,1,2
"4615","Luka Doncic",3945274,401585330,"2024",1,26.6270539113887,0,"ThreePoint",5,1,1,0,2
"4616","Luka Doncic",3945274,401585330,"2024",0,28.0178514522438,1,"ThreePoint",6,1,1,1,3
"4617","Luka Doncic",3945274,401585330,"2024",0,29.4108823397055,0,"ThreePoint",7,0,1,1,2
"4618","Luka Doncic",3945274,401585330,"2024",1,7.61577310586391,0,"Close",8,0,0,1,1
"4619","Luka Doncic",3945274,401585330,"2024",0,26.9072480941474,0,"ThreePoint",9,1,0,0,1
"4620","Luka Doncic",3945274,401585330,"2024",1,18.4390889145858,0,"Midrange",10,0,1,0,1
"4621","Luka Doncic",3945274,401585330,"2024",0,29.5296461204668,0,"ThreePoint",11,1,0,1,2
"4622","Luka Doncic",3945274,401585330,"2024",1,0,0,"Close",12,0,1,0,1
"4623","Luka Doncic",3945274,401585330,"2024",1,12,0,"Midrange",13,1,0,1,2
"4624","Luka Doncic",3945274,401585330,"2024",1,30.1496268633627,0,"ThreePoint",14,1,1,0,2
"4625","Luka Doncic",3945274,401585330,"2024",0,16.0312195418814,1,"Midrange",15,1,1,1,3
"4626","Luka Doncic",3945274,401585330,"2024",0,6.40312423743285,0,"Close",16,0,1,1,2
"4627","Luka Doncic",3945274,401585330,"2024",1,13.9283882771841,0,"Midrange",17,0,0,1,1
"4628","Luka Doncic",3945274,401585330,"2024",0,26.4007575648882,0,"ThreePoint",18,1,0,0,1
"4629","Luka Doncic",3945274,401585330,"2024",0,26.9258240356725,0,"ThreePoint",19,0,1,0,1
"4630","Luka Doncic",3945274,401585330,"2024",0,3.60555127546399,0,"Close",20,0,0,1,1
"4631","Luka Doncic",3945274,401585330,"2024",0,5.3851648071345,0,"Close",21,0,0,0,0
"4632","Luka Doncic",3945274,401585330,"2024",0,25.298221281347,0,"ThreePoint",22,0,0,0,0
"4633","Luka Doncic",3945274,401585330,"2024",1,10,0,"Midrange",23,0,0,0,0
"4634","Luka Doncic",3945274,401585330,"2024",1,13,0,"Midrange",24,1,0,0,1
"4635","Luka Doncic",3945274,401585330,"2024",0,2.82842712474619,0,"Close",25,1,1,0,2
"4636","Luka Doncic",3945274,401585330,"2024",1,13.0384048104053,0,"Midrange",26,0,1,1,2
"4637","Marc Gasol",3206,400935635,"2017",1,14.0356688476182,0,"Midrange",1,NA,NA,NA,NA
"4638","Marc Gasol",3206,400935635,"2017",0,25.0798724079689,0,"ThreePoint",2,1,NA,NA,NA
"4639","Marc Gasol",3206,400935635,"2017",1,1,0,"Close",3,0,1,NA,NA
"4640","Marc Gasol",3206,400935635,"2017",1,0,0,"Close",4,1,0,1,2
"4641","Marc Gasol",3206,400935635,"2017",1,17.0293863659264,0,"Midrange",5,1,1,0,2
"4642","Marc Gasol",3206,400935635,"2017",0,30.6104557300279,1,"ThreePoint",6,1,1,1,3
"4643","Marc Gasol",3206,400935635,"2017",1,2.82842712474619,0,"Close",7,0,1,1,2
"4644","Marc Gasol",3206,400975289,"2018",0,25.298221281347,0,"ThreePoint",1,NA,NA,NA,NA
"4645","Marc Gasol",3206,400975289,"2018",1,15.1327459504216,0,"Midrange",2,0,NA,NA,NA
"4646","Marc Gasol",3206,400975289,"2018",1,27.2946881279124,0,"ThreePoint",3,1,0,NA,NA
"4647","Marc Gasol",3206,400975289,"2018",0,19.8494332412792,0,"Midrange",4,1,1,0,2
"4648","Marc Gasol",3206,400975289,"2018",1,20.5182845286832,0,"Midrange",5,0,1,1,2
"4649","Marc Gasol",3206,400975289,"2018",0,35.1710107901379,0,"ThreePoint",6,1,0,1,2
"4650","Marc Gasol",3206,400975289,"2018",0,14.422205101856,0,"Midrange",7,0,1,0,1
"4651","Marc Gasol",3206,400975289,"2018",0,7.61577310586391,0,"Close",8,0,0,1,1
"4652","Marc Gasol",3206,400975289,"2018",0,25,0,"ThreePoint",9,0,0,0,0
"4653","Marcus Morris",6462,400899742,"2017",1,26.4196896272458,0,"ThreePoint",1,NA,NA,NA,NA
"4654","Marcus Morris",6462,400899742,"2017",1,17.2626765016321,0,"Midrange",2,1,NA,NA,NA
"4655","Marcus Morris",6462,400899742,"2017",1,25.0798724079689,0,"ThreePoint",3,1,1,NA,NA
"4656","Marcus Morris",6462,400899742,"2017",1,23.0217288664427,1,"ThreePoint",4,1,1,1,3
"4657","Marcus Morris",6462,400899742,"2017",1,23.0217288664427,1,"ThreePoint",5,1,1,1,3
"4658","Marcus Morris",6462,400899742,"2017",0,26.5706605111728,1,"ThreePoint",6,1,1,1,3
"4659","Marcus Morris",6462,400899742,"2017",0,1,0,"Close",7,0,1,1,2
"4660","Marcus Morris",6462,400899742,"2017",1,18.0277563773199,0,"Midrange",8,0,0,1,1
"4661","Marcus Morris",6462,400899742,"2017",0,26.5706605111728,0,"ThreePoint",9,1,0,0,1
"4662","Marcus Morris",6462,400899742,"2017",0,63.3245607959503,0,"ThreePoint",10,0,1,0,1
"4663","Marcus Morris",6462,400899742,"2017",1,26.0768096208106,0,"ThreePoint",11,0,0,1,1
"4664","Marcus Morris",6462,400899742,"2017",0,26.4007575648882,0,"ThreePoint",12,1,0,0,1
"4665","Michael Porter Jr.",4278104,401704907,"2025",0,21.0237960416286,0,"Midrange",1,NA,NA,NA,NA
"4666","Michael Porter Jr.",4278104,401704907,"2025",0,25.0798724079689,0,"ThreePoint",2,0,NA,NA,NA
"4667","Michael Porter Jr.",4278104,401704907,"2025",1,5,0,"Close",3,0,0,NA,NA
"4668","Michael Porter Jr.",4278104,401704907,"2025",1,21.095023109729,0,"Midrange",4,1,0,0,1
"4669","Michael Porter Jr.",4278104,401704907,"2025",0,7.07106781186548,0,"Close",5,1,1,0,2
"4670","Michael Porter Jr.",4278104,401704907,"2025",0,26.9072480941474,0,"ThreePoint",6,0,1,1,2
"4671","Michael Porter Jr.",4278104,401704907,"2025",0,4.47213595499958,0,"Close",7,0,0,1,1
"4672","Michael Porter Jr.",4278104,401704907,"2025",1,5.8309518948453,0,"Close",8,0,0,0,0
"4673","Michael Porter Jr.",4278104,401704907,"2025",0,6.08276253029822,0,"Close",9,1,0,0,1
"4674","Michael Porter Jr.",4278104,401704907,"2025",1,2.23606797749979,0,"Close",10,0,1,0,1
"4675","Michael Porter Jr.",4278104,401704907,"2025",1,2.82842712474619,0,"Close",11,1,0,1,2
"4676","Michael Porter Jr.",4278104,401704907,"2025",0,27.0739727413618,0,"ThreePoint",12,1,1,0,2
"4677","Michael Porter Jr.",4278104,401704907,"2025",0,28.0713376952364,0,"ThreePoint",13,0,1,1,2
"4678","Michael Porter Jr.",4278104,401704907,"2025",0,23.1948270094864,0,"ThreePoint",14,0,0,1,1
"4679","Michael Porter Jr.",4278104,401704916,"2025",0,24.0208242989286,0,"ThreePoint",1,NA,NA,NA,NA
"4680","Michael Porter Jr.",4278104,401704916,"2025",1,1,0,"Close",2,0,NA,NA,NA
"4681","Michael Porter Jr.",4278104,401704916,"2025",0,24.1867732448956,0,"ThreePoint",3,1,0,NA,NA
"4682","Michael Porter Jr.",4278104,401704916,"2025",1,1,0,"Close",4,0,1,0,1
"4683","Michael Porter Jr.",4278104,401704916,"2025",1,1,0,"Close",5,1,0,1,2
"4684","Michael Porter Jr.",4278104,401704916,"2025",1,0,0,"Close",6,1,1,0,2
"4685","Michael Porter Jr.",4278104,401704916,"2025",1,24.6981780704569,1,"ThreePoint",7,1,1,1,3
"4686","Michael Porter Jr.",4278104,401704916,"2025",0,21.8403296678416,1,"Midrange",8,1,1,1,3
"4687","Michael Porter Jr.",4278104,401704916,"2025",1,1,0,"Close",9,0,1,1,2
"4688","Michael Porter Jr.",4278104,401704916,"2025",1,0,0,"Close",10,1,0,1,2
"4689","Michael Porter Jr.",4278104,401704916,"2025",1,0,0,"Close",11,1,1,0,2
"4690","Michael Porter Jr.",4278104,401704916,"2025",1,19.0262975904404,1,"Midrange",12,1,1,1,3
"4691","Michael Porter Jr.",4278104,401704916,"2025",0,26.1725046566048,1,"ThreePoint",13,1,1,1,3
"4692","Michael Porter Jr.",4278104,401704916,"2025",1,4.12310562561766,0,"Close",14,0,1,1,2
"4693","Michael Porter Jr.",4278104,401704916,"2025",0,26.3058928759318,0,"ThreePoint",15,1,0,1,2
"4694","Michael Porter Jr.",4278104,401704916,"2025",1,1.4142135623731,0,"Close",16,0,1,0,1
"4695","Michael Porter Jr.",4278104,401704916,"2025",1,1,0,"Close",17,1,0,1,2
"4696","Mikal Bridges",3147657,401469033,"2023",1,8.06225774829855,0,"Midrange",1,NA,NA,NA,NA
"4697","Mikal Bridges",3147657,401469033,"2023",0,25.2388589282479,0,"ThreePoint",2,1,NA,NA,NA
"4698","Mikal Bridges",3147657,401469033,"2023",1,23,0,"ThreePoint",3,0,1,NA,NA
"4699","Mikal Bridges",3147657,401469033,"2023",1,16.1245154965971,0,"Midrange",4,1,0,1,2
"4700","Mikal Bridges",3147657,401469033,"2023",1,16.0312195418814,0,"Midrange",5,1,1,0,2
"4701","Mikal Bridges",3147657,401469033,"2023",1,2.82842712474619,1,"Close",6,1,1,1,3
"4702","Mikal Bridges",3147657,401469033,"2023",1,9.89949493661167,1,"Midrange",7,1,1,1,3
"4703","Mikal Bridges",3147657,401469033,"2023",0,2.23606797749979,1,"Close",8,1,1,1,3
"4704","Mikal Bridges",3147657,401469033,"2023",0,3,0,"Close",9,0,1,1,2
"4705","Mikal Bridges",3147657,401469033,"2023",0,10.4403065089106,0,"Midrange",10,0,0,1,1
"4706","Mikal Bridges",3147657,401469033,"2023",1,1,0,"Close",11,0,0,0,0
"4707","Mikal Bridges",3147657,401469033,"2023",1,25.6320112359526,0,"ThreePoint",12,1,0,0,1
"4708","Mikal Bridges",3147657,401469033,"2023",1,2,0,"Close",13,1,1,0,2
"4709","Mikal Bridges",3147657,401469033,"2023",1,12.6491106406735,1,"Midrange",14,1,1,1,3
"4710","Mikal Bridges",3147657,401469033,"2023",1,1,1,"Close",15,1,1,1,3
"4711","Mikal Bridges",3147657,401469033,"2023",1,7.21110255092798,1,"Close",16,1,1,1,3
"4712","Mikal Bridges",3147657,401469033,"2023",1,23.0867927612304,1,"ThreePoint",17,1,1,1,3
"4713","Mikal Bridges",3147657,401469033,"2023",1,2,1,"Close",18,1,1,1,3
"4714","Mikal Bridges",3147657,401469033,"2023",1,24.738633753706,1,"ThreePoint",19,1,1,1,3
"4715","Mikal Bridges",3147657,401469033,"2023",1,15.6204993518133,1,"Midrange",20,1,1,1,3
"4716","Mikal Bridges",3147657,401469033,"2023",0,12.6491106406735,1,"Midrange",21,1,1,1,3
"4717","Mikal Bridges",3147657,401469033,"2023",0,25,0,"ThreePoint",22,0,1,1,2
"4718","Mikal Bridges",3147657,401469033,"2023",1,1,0,"Close",23,0,0,1,1
"4719","Mikal Bridges",3147657,401469033,"2023",0,8.24621125123532,0,"Midrange",24,1,0,0,1
"4720","Mikal Bridges",3147657,401585155,"2024",0,16.1554944214035,0,"Midrange",1,NA,NA,NA,NA
"4721","Mikal Bridges",3147657,401585155,"2024",0,1,0,"Close",2,0,NA,NA,NA
"4722","Mikal Bridges",3147657,401585155,"2024",0,27.5862284482674,0,"ThreePoint",3,0,0,NA,NA
"4723","Mikal Bridges",3147657,401585155,"2024",0,7.07106781186548,0,"Close",4,0,0,0,0
"4724","Mikal Bridges",3147657,401585155,"2024",0,13.6014705087354,0,"Midrange",5,0,0,0,0
"4725","Mikal Bridges",3147657,401585155,"2024",0,26.4196896272458,0,"ThreePoint",6,0,0,0,0
"4726","Mikal Bridges",3147657,401585155,"2024",0,19.6468827043885,0,"Midrange",7,0,0,0,0
"4727","Mikal Bridges",3147657,401585155,"2024",1,11.1803398874989,0,"Midrange",8,0,0,0,0
"4728","Mikal Bridges",3147657,401585155,"2024",0,54.3323108288245,0,"ThreePoint",9,1,0,0,1
"4729","Mikal Bridges",3147657,401585155,"2024",0,13,0,"Midrange",10,0,1,0,1
"4730","Mikal Bridges",3147657,401585155,"2024",1,23.0217288664427,0,"ThreePoint",11,0,0,1,1
"4731","Mikal Bridges",3147657,401585155,"2024",0,1.4142135623731,0,"Close",12,1,0,0,1
"4732","Mikal Bridges",3147657,401585155,"2024",0,2.23606797749979,0,"Close",13,0,1,0,1
"4733","Mikal Bridges",3147657,401585155,"2024",0,23.0217288664427,0,"ThreePoint",14,0,0,1,1
"4734","Mikal Bridges",3147657,401585155,"2024",1,14.3178210632764,0,"Midrange",15,0,0,0,0
"4735","Mikal Bridges",3147657,401585155,"2024",1,1.4142135623731,0,"Close",16,1,0,0,1
"4736","Mikal Bridges",3147657,401585155,"2024",1,2.23606797749979,0,"Close",17,1,1,0,2
"4737","Mikal Bridges",3147657,401585155,"2024",1,26.0192236625154,1,"ThreePoint",18,1,1,1,3
"4738","Mikal Bridges",3147657,401705664,"2025",0,25.5538646783613,0,"ThreePoint",1,NA,NA,NA,NA
"4739","Mikal Bridges",3147657,401705664,"2025",0,23.0867927612304,0,"ThreePoint",2,0,NA,NA,NA
"4740","Mikal Bridges",3147657,401705664,"2025",1,25.5538646783613,0,"ThreePoint",3,0,0,NA,NA
"4741","Mikal Bridges",3147657,401705664,"2025",0,10.770329614269,0,"Midrange",4,1,0,0,1
"4742","Mikal Bridges",3147657,401705664,"2025",0,5.8309518948453,0,"Close",5,0,1,0,1
"4743","Mikal Bridges",3147657,401705664,"2025",0,15,0,"Midrange",6,0,0,1,1
"4744","Mikal Bridges",3147657,401705664,"2025",0,11.1803398874989,0,"Midrange",7,0,0,0,0
"4745","Mikal Bridges",3147657,401705664,"2025",0,26.0768096208106,0,"ThreePoint",8,0,0,0,0
"4746","Mikal Bridges",3147657,401705664,"2025",0,10.0498756211209,0,"Midrange",9,0,0,0,0
"4747","Mikal Bridges",3147657,401705664,"2025",0,14.0356688476182,0,"Midrange",10,0,0,0,0
"4748","Mikal Bridges",3147657,401705664,"2025",0,42.0119030752,0,"ThreePoint",11,0,0,0,0
"4749","Mikal Bridges",3147657,401705664,"2025",1,1.4142135623731,0,"Close",12,0,0,0,0
"4750","Mikal Bridges",3147657,401705664,"2025",1,16.1245154965971,0,"Midrange",13,1,0,0,1
"4751","Mikal Bridges",3147657,401705664,"2025",1,2,0,"Close",14,1,1,0,2
"4752","Mikal Bridges",3147657,401705664,"2025",1,24.1867732448956,1,"ThreePoint",15,1,1,1,3
"4753","Mikal Bridges",3147657,401705664,"2025",1,2,1,"Close",16,1,1,1,3
"4754","Miles Bridges",4066383,401360177,"2022",0,26.9072480941474,0,"ThreePoint",1,NA,NA,NA,NA
"4755","Miles Bridges",4066383,401360177,"2022",0,27.2029410174709,0,"ThreePoint",2,0,NA,NA,NA
"4756","Miles Bridges",4066383,401360177,"2022",1,2.23606797749979,0,"Close",3,0,0,NA,NA
"4757","Miles Bridges",4066383,401360177,"2022",0,26.2488094968134,0,"ThreePoint",4,1,0,0,1
"4758","Miles Bridges",4066383,401360177,"2022",0,4.47213595499958,0,"Close",5,0,1,0,1
"4759","Miles Bridges",4066383,401360177,"2022",1,24.5153013442625,0,"ThreePoint",6,0,0,1,1
"4760","Miles Bridges",4066383,401360177,"2022",1,13.0384048104053,0,"Midrange",7,1,0,0,1
"4761","Miles Bridges",4066383,401360177,"2022",0,7.07106781186548,0,"Close",8,1,1,0,2
"4762","Miles Bridges",4066383,401360177,"2022",0,9.21954445729289,0,"Midrange",9,0,1,1,2
"4763","Miles Bridges",4066383,401360177,"2022",0,4.47213595499958,0,"Close",10,0,0,1,1
"4764","Miles Bridges",4066383,401360177,"2022",1,1,0,"Close",11,0,0,0,0
"4765","Miles Bridges",4066383,401360177,"2022",0,26.1725046566048,0,"ThreePoint",12,1,0,0,1
"4766","Miles Bridges",4066383,401360177,"2022",1,3,0,"Close",13,0,1,0,1
"4767","Miles Bridges",4066383,401360177,"2022",1,20.5182845286832,0,"Midrange",14,1,0,1,2
"4768","Miles Bridges",4066383,401360177,"2022",0,2.23606797749979,0,"Close",15,1,1,0,2
"4769","Miles Bridges",4066383,401360177,"2022",0,26.8328157299975,0,"ThreePoint",16,0,1,1,2
"4770","Miles Bridges",4066383,401361036,"2022",0,23.3452350598575,0,"ThreePoint",1,NA,NA,NA,NA
"4771","Miles Bridges",4066383,401361036,"2022",0,2.82842712474619,0,"Close",2,0,NA,NA,NA
"4772","Miles Bridges",4066383,401361036,"2022",1,2.23606797749979,0,"Close",3,0,0,NA,NA
"4773","Miles Bridges",4066383,401361036,"2022",0,3.60555127546399,0,"Close",4,1,0,0,1
"4774","Miles Bridges",4066383,401361036,"2022",1,25.0599281722833,0,"ThreePoint",5,0,1,0,1
"4775","Miles Bridges",4066383,401361036,"2022",0,4.47213595499958,0,"Close",6,1,0,1,2
"4776","Miles Bridges",4066383,401361036,"2022",0,0,0,"Close",7,0,1,0,1
"4777","Miles Bridges",4066383,401361036,"2022",0,26.0768096208106,0,"ThreePoint",8,0,0,1,1
"4778","Miles Bridges",4066383,401361036,"2022",1,1.4142135623731,0,"Close",9,0,0,0,0
"4779","Miles Bridges",4066383,401361036,"2022",0,1.4142135623731,0,"Close",10,1,0,0,1
"4780","Miles Bridges",4066383,401361036,"2022",0,26.4764045897475,0,"ThreePoint",11,0,1,0,1
"4781","Miles Bridges",4066383,401361036,"2022",0,2.82842712474619,0,"Close",12,0,0,1,1
"4782","Miles Bridges",4066383,401585169,"2024",0,22,0,"Midrange",1,NA,NA,NA,NA
"4783","Miles Bridges",4066383,401585169,"2024",0,4.24264068711928,0,"Close",2,0,NA,NA,NA
"4784","Miles Bridges",4066383,401585169,"2024",0,14.3178210632764,0,"Midrange",3,0,0,NA,NA
"4785","Miles Bridges",4066383,401585169,"2024",0,5,0,"Close",4,0,0,0,0
"4786","Miles Bridges",4066383,401585169,"2024",0,28.4429253066558,0,"ThreePoint",5,0,0,0,0
"4787","Miles Bridges",4066383,401585169,"2024",1,0,0,"Close",6,0,0,0,0
"4788","Miles Bridges",4066383,401585169,"2024",1,2.82842712474619,0,"Close",7,1,0,0,1
"4789","Miles Bridges",4066383,401585169,"2024",1,2.23606797749979,0,"Close",8,1,1,0,2
"4790","Miles Bridges",4066383,401585169,"2024",0,26.1725046566048,1,"ThreePoint",9,1,1,1,3
"4791","Miles Bridges",4066383,401585169,"2024",0,2.23606797749979,0,"Close",10,0,1,1,2
"4792","Miles Bridges",4066383,401585169,"2024",0,23,0,"ThreePoint",11,0,0,1,1
"4793","Miles Bridges",4066383,401585169,"2024",1,26.0192236625154,0,"ThreePoint",12,0,0,0,0
"4794","Miles Bridges",4066383,401585169,"2024",0,10,0,"Midrange",13,1,0,0,1
"4795","Monta Ellis",2751,400828385,"2016",0,1,0,"Close",1,NA,NA,NA,NA
"4796","Monta Ellis",2751,400828385,"2016",0,20.0249843945008,0,"Midrange",2,0,NA,NA,NA
"4797","Monta Ellis",2751,400828385,"2016",0,0,0,"Close",3,0,0,NA,NA
"4798","Monta Ellis",2751,400828385,"2016",1,2,0,"Close",4,0,0,0,0
"4799","Monta Ellis",2751,400828385,"2016",1,25.0199920063936,0,"ThreePoint",5,1,0,0,1
"4800","Monta Ellis",2751,400828385,"2016",0,25.1793566240283,0,"ThreePoint",6,1,1,0,2
"4801","Monta Ellis",2751,400828385,"2016",1,18.4390889145858,0,"Midrange",7,0,1,1,2
"4802","Monta Ellis",2751,400828385,"2016",0,1.4142135623731,0,"Close",8,1,0,1,2
"4803","Monta Ellis",2751,400828385,"2016",0,25.4950975679639,0,"ThreePoint",9,0,1,0,1
"4804","Monta Ellis",2751,400828385,"2016",1,1.4142135623731,0,"Close",10,0,0,1,1
"4805","Monta Ellis",2751,400828385,"2016",0,17.8044938147649,0,"Midrange",11,1,0,0,1
"4806","Monta Ellis",2751,400828385,"2016",1,16,0,"Midrange",12,0,1,0,1
"4807","Monta Ellis",2751,400828385,"2016",0,2,0,"Close",13,1,0,1,2
"4808","Monta Ellis",2751,400828385,"2016",0,20.6155281280883,0,"Midrange",14,0,1,0,1
"4809","Nikola Joki",3112335,401224793,"2020",1,11.1803398874989,0,"Midrange",1,NA,NA,NA,NA
"4810","Nikola Jokic",3112335,400975511,"2018",0,3.60555127546399,0,"Close",1,NA,NA,NA,NA
"4811","Nikola Jokic",3112335,400975511,"2018",1,10.4403065089106,0,"Midrange",2,0,NA,NA,NA
"4812","Nikola Jokic",3112335,400975511,"2018",1,24.738633753706,0,"ThreePoint",3,1,0,NA,NA
"4813","Nikola Jokic",3112335,400975511,"2018",1,2.23606797749979,0,"Close",4,1,1,0,2
"4814","Nikola Jokic",3112335,400975511,"2018",0,26.0768096208106,1,"ThreePoint",5,1,1,1,3
"4815","Nikola Jokic",3112335,400975511,"2018",0,2.23606797749979,0,"Close",6,0,1,1,2
"4816","Nikola Jokic",3112335,400975511,"2018",1,0,0,"Close",7,0,0,1,1
"4817","Nikola Jokic",3112335,400975511,"2018",1,25.4950975679639,0,"ThreePoint",8,1,0,0,1
"4818","Nikola Jokic",3112335,400975511,"2018",1,2.23606797749979,0,"Close",9,1,1,0,2
"4819","Nikola Jokic",3112335,400975511,"2018",1,6,1,"Close",10,1,1,1,3
"4820","Nikola Jokic",3112335,400975511,"2018",1,5,1,"Close",11,1,1,1,3
"4821","Nikola Jokic",3112335,400975511,"2018",0,25.0599281722833,1,"ThreePoint",12,1,1,1,3
"4822","Nikola Jokic",3112335,400975511,"2018",0,26.4764045897475,0,"ThreePoint",13,0,1,1,2
"4823","Nikola Jokic",3112335,400975511,"2018",1,20.591260281974,0,"Midrange",14,0,0,1,1
"4824","Nikola Jokic",3112335,400975511,"2018",1,3.60555127546399,0,"Close",15,1,0,0,1
"4825","Nikola Jokic",3112335,400975511,"2018",0,11.1803398874989,0,"Midrange",16,1,1,0,2
"4826","Nikola Jokic",3112335,400975511,"2018",0,1.4142135623731,0,"Close",17,0,1,1,2
"4827","Nikola Jokic",3112335,400975511,"2018",1,5,0,"Close",18,0,0,1,1
"4828","Nikola Jokic",3112335,401071463,"2019",1,2,0,"Close",1,NA,NA,NA,NA
"4829","Nikola Jokic",3112335,401071463,"2019",1,2.23606797749979,0,"Close",2,1,NA,NA,NA
"4830","Nikola Jokic",3112335,401071463,"2019",1,2.82842712474619,0,"Close",3,1,1,NA,NA
"4831","Nikola Jokic",3112335,401071463,"2019",0,25.5538646783613,1,"ThreePoint",4,1,1,1,3
"4832","Nikola Jokic",3112335,401071463,"2019",0,26.1725046566048,0,"ThreePoint",5,0,1,1,2
"4833","Nikola Jokic",3112335,401071463,"2019",1,7.21110255092798,0,"Close",6,0,0,1,1
"4834","Nikola Jokic",3112335,401071463,"2019",1,6,0,"Close",7,1,0,0,1
"4835","Nikola Jokic",3112335,401071463,"2019",0,3,0,"Close",8,1,1,0,2
"4836","Nikola Jokic",3112335,401071463,"2019",1,1,0,"Close",9,0,1,1,2
"4837","Nikola Jokic",3112335,401071463,"2019",0,2.82842712474619,0,"Close",10,1,0,1,2
"4838","Nikola Jokic",3112335,401071463,"2019",0,4.24264068711928,0,"Close",11,0,1,0,1
"4839","Nikola Jokic",3112335,401071463,"2019",0,26.9258240356725,0,"ThreePoint",12,0,0,1,1
"4840","Nikola Jokic",3112335,401071463,"2019",0,6.32455532033676,0,"Close",13,0,0,0,0
"4841","Nikola Jokic",3112335,401071463,"2019",1,20,0,"Midrange",14,0,0,0,0
"4842","Nikola Jokic",3112335,401071463,"2019",0,10.1980390271856,0,"Midrange",15,1,0,0,1
"4843","Nikola Jokic",3112335,401071463,"2019",0,5,0,"Close",16,0,1,0,1
"4844","Nikola Jokic",3112335,401071463,"2019",0,7.07106781186548,0,"Close",17,0,0,1,1
"4845","Nikola Jokic",3112335,401098037,"2019",1,1.4142135623731,0,"Close",1,NA,NA,NA,NA
"4846","Nikola Jokic",3112335,401098037,"2019",1,2,0,"Close",2,1,NA,NA,NA
"4847","Nikola Jokic",3112335,401098037,"2019",1,0,0,"Close",3,1,1,NA,NA
"4848","Nikola Jokic",3112335,401098037,"2019",0,0,1,"Close",4,1,1,1,3
"4849","Nikola Jokic",3112335,401306581,"2021",1,0,0,"Close",1,NA,NA,NA,NA
"4850","Nikola Jokic",3112335,401306581,"2021",1,0,0,"Close",2,1,NA,NA,NA
"4851","Nikola Jokic",3112335,401306581,"2021",1,1,0,"Close",3,1,1,NA,NA
"4852","Nikola Jokic",3112335,401306581,"2021",0,9.21954445729289,1,"Midrange",4,1,1,1,3
"4853","Nikola Jokic",3112335,401360978,"2022",1,4.24264068711928,0,"Close",1,NA,NA,NA,NA
"4854","Nikola Jokic",3112335,401360978,"2022",1,9.05538513813742,0,"Midrange",2,1,NA,NA,NA
"4855","Nikola Jokic",3112335,401360978,"2022",1,7.07106781186548,0,"Close",3,1,1,NA,NA
"4856","Nikola Jokic",3112335,401360978,"2022",1,7.28010988928052,1,"Close",4,1,1,1,3
"4857","Nikola Jokic",3112335,401360978,"2022",1,0,1,"Close",5,1,1,1,3
"4858","Nikola Jokic",3112335,401360978,"2022",1,5.8309518948453,1,"Close",6,1,1,1,3
"4859","Nikola Jokic",3112335,401360978,"2022",1,1,1,"Close",7,1,1,1,3
"4860","Nikola Jokic",3112335,401360978,"2022",1,3,1,"Close",8,1,1,1,3
"4861","Nikola Jokic",3112335,401360978,"2022",0,7.28010988928052,1,"Close",9,1,1,1,3
"4862","Nikola Jokic",3112335,401360978,"2022",1,4.12310562561766,0,"Close",10,0,1,1,2
"4863","Nikola Jokic",3112335,401360978,"2022",0,8.54400374531753,0,"Midrange",11,1,0,1,2
"4864","Nikola Jokic",3112335,401360978,"2022",1,8.48528137423857,0,"Midrange",12,0,1,0,1
"4865","Nikola Jokic",3112335,401360978,"2022",0,8.06225774829855,0,"Midrange",13,1,0,1,2
"4866","Nikola Jokic",3112335,401360978,"2022",0,8.60232526704263,0,"Midrange",14,0,1,0,1
"4867","Nikola Jokic",3112335,401360978,"2022",1,5,0,"Close",15,0,0,1,1
"4868","Nikola Jokic",3112335,401360978,"2022",1,5.3851648071345,0,"Close",16,1,0,0,1
"4869","Nikola Jokic",3112335,401360978,"2022",0,6.32455532033676,0,"Close",17,1,1,0,2
"4870","Nikola Jokic",3112335,401360978,"2022",1,5,0,"Close",18,0,1,1,2
"4871","Nikola Jokic",3112335,401360978,"2022",0,26.1725046566048,0,"ThreePoint",19,1,0,1,2
"4872","Nikola Jokic",3112335,401360978,"2022",0,26.9258240356725,0,"ThreePoint",20,0,1,0,1
"4873","Nikola Jokic",3112335,401360978,"2022",1,3.16227766016838,0,"Close",21,0,0,1,1
"4874","Nikola Jokic",3112335,401410564,"2022",1,25.6320112359526,0,"ThreePoint",1,NA,NA,NA,NA
"4875","Nikola Jokic",3112335,401410564,"2022",1,0,0,"Close",2,1,NA,NA,NA
"4876","Nikola Jokic",3112335,401410564,"2022",1,25.8069758011279,0,"ThreePoint",3,1,1,NA,NA
"4877","Nikola Jokic",3112335,401410564,"2022",0,25.9422435421457,1,"ThreePoint",4,1,1,1,3
"4878","Nikola Jokic",3112335,401410564,"2022",1,0,0,"Close",5,0,1,1,2
"4879","Nikola Jokic",3112335,401524696,"2023",1,0,0,"Close",1,NA,NA,NA,NA
"4880","Nikola Jokic",3112335,401524696,"2023",0,0,0,"Close",2,1,NA,NA,NA
"4881","Nikola Jokic",3112335,401524696,"2023",1,2.82842712474619,0,"Close",3,0,1,NA,NA
"4882","Nikola Jokic",3112335,401524696,"2023",0,25.4950975679639,0,"ThreePoint",4,1,0,1,2
"4883","Nikola Jokic",3112335,401704907,"2025",1,1,0,"Close",1,NA,NA,NA,NA
"4884","Nikola Jokic",3112335,401704907,"2025",0,6,0,"Close",2,1,NA,NA,NA
"4885","Nikola Jokic",3112335,401704907,"2025",1,7.61577310586391,0,"Close",3,0,1,NA,NA
"4886","Nikola Jokic",3112335,401704907,"2025",1,18.4390889145858,0,"Midrange",4,1,0,1,2
"4887","Nikola Jokic",3112335,401704907,"2025",1,7.07106781186548,0,"Close",5,1,1,0,2
"4888","Nikola Jokic",3112335,401704907,"2025",1,5.3851648071345,1,"Close",6,1,1,1,3
"4889","Nikola Jokic",3112335,401704907,"2025",0,47.8852795752515,1,"ThreePoint",7,1,1,1,3
"4890","Nikola Jokic",3112335,401704907,"2025",1,7.21110255092798,0,"Close",8,0,1,1,2
"4891","Nikola Jokic",3112335,401704907,"2025",1,19.313207915828,0,"Midrange",9,1,0,1,2
"4892","Nikola Jokic",3112335,401704907,"2025",1,2.23606797749979,0,"Close",10,1,1,0,2
"4893","Nikola Jokic",3112335,401704907,"2025",1,5.3851648071345,1,"Close",11,1,1,1,3
"4894","Nikola Jokic",3112335,401704907,"2025",1,27.6586333718787,1,"ThreePoint",12,1,1,1,3
"4895","Nikola Jokic",3112335,401704907,"2025",1,4.12310562561766,1,"Close",13,1,1,1,3
"4896","Nikola Jokic",3112335,401704907,"2025",0,7.07106781186548,1,"Close",14,1,1,1,3
"4897","Nikola Jokic",3112335,401704907,"2025",0,8.06225774829855,0,"Midrange",15,0,1,1,2
"4898","Nikola Jokic",3112335,401704907,"2025",1,10.295630140987,0,"Midrange",16,0,0,1,1
"4899","Nikola Jokic",3112335,401704907,"2025",0,4.24264068711928,0,"Close",17,1,0,0,1
"4900","Nikola Jokic",3112335,401704907,"2025",0,13.0384048104053,0,"Midrange",18,0,1,0,1
"4901","Nikola Jokic",3112335,401704907,"2025",1,2.23606797749979,0,"Close",19,0,0,1,1
"4902","Nikola Jokic",3112335,401704907,"2025",1,26.2488094968134,0,"ThreePoint",20,1,0,0,1
"4903","Nikola Jokic",3112335,401704907,"2025",1,15,0,"Midrange",21,1,1,0,2
"4904","Nikola Jokic",3112335,401704907,"2025",1,1.4142135623731,1,"Close",22,1,1,1,3
"4905","Nikola Jokic",3112335,401704907,"2025",1,7.28010988928052,1,"Close",23,1,1,1,3
"4906","Nikola Jokic",3112335,401704907,"2025",0,6.08276253029822,1,"Close",24,1,1,1,3
"4907","Nikola Jokic",3112335,401704907,"2025",0,4.47213595499958,0,"Close",25,0,1,1,2
"4908","Nikola Jokic",3112335,401704907,"2025",1,5,0,"Close",26,0,0,1,1
"4909","Nikola Jokic",3112335,401704907,"2025",0,21.9317121994613,0,"Midrange",27,1,0,0,1
"4910","Nikola Jokic",3112335,401704907,"2025",0,2.23606797749979,0,"Close",28,0,1,0,1
"4911","Nikola Jokic",3112335,401704907,"2025",0,1,0,"Close",29,0,0,1,1
"4912","Nikola Jokic",3112335,401704907,"2025",0,7,0,"Close",30,0,0,0,0
"4913","Nikola Jokic",3112335,401704907,"2025",0,18.9736659610103,0,"Midrange",31,0,0,0,0
"4914","Nikola Jokic",3112335,401704907,"2025",1,2.23606797749979,0,"Close",32,0,0,0,0
"4915","Nikola Jokic",3112335,401704907,"2025",1,2.82842712474619,0,"Close",33,1,0,0,1
"4916","Nikola Jokic",3112335,401704907,"2025",1,27.459060435492,0,"ThreePoint",34,1,1,0,2
"4917","Nikola Jokic",3112335,401704907,"2025",1,1,1,"Close",35,1,1,1,3
"4918","Nikola Jokic",3112335,401704907,"2025",0,25.0599281722833,1,"ThreePoint",36,1,1,1,3
"4919","Nikola Jokic",3112335,401704907,"2025",0,7.07106781186548,0,"Close",37,0,1,1,2
"4920","Nikola Jokic",3112335,401704907,"2025",0,4,0,"Close",38,0,0,1,1
"4921","Nikola Jokic",3112335,401704916,"2025",1,25.0599281722833,0,"ThreePoint",1,NA,NA,NA,NA
"4922","Nikola Jokic",3112335,401704916,"2025",0,3,0,"Close",2,1,NA,NA,NA
"4923","Nikola Jokic",3112335,401704916,"2025",1,13.3416640641263,0,"Midrange",3,0,1,NA,NA
"4924","Nikola Jokic",3112335,401704916,"2025",1,2.23606797749979,0,"Close",4,1,0,1,2
"4925","Nikola Jokic",3112335,401704916,"2025",0,8.06225774829855,0,"Midrange",5,1,1,0,2
"4926","Nikola Jokic",3112335,401704916,"2025",1,16.0312195418814,0,"Midrange",6,0,1,1,2
"4927","Nikola Jokic",3112335,401704916,"2025",0,1,0,"Close",7,1,0,1,2
"4928","Nikola Jokic",3112335,401704916,"2025",0,13.0384048104053,0,"Midrange",8,0,1,0,1
"4929","Nikola Jokic",3112335,401704916,"2025",1,15.2315462117278,0,"Midrange",9,0,0,1,1
"4930","Nikola Jokic",3112335,401704916,"2025",1,7.07106781186548,0,"Close",10,1,0,0,1
"4931","Nikola Jokic",3112335,401704916,"2025",1,5.3851648071345,0,"Close",11,1,1,0,2
"4932","Nikola Jokic",3112335,401704916,"2025",1,40.3112887414927,1,"ThreePoint",12,1,1,1,3
"4933","Nikola Jokic",3112335,401704916,"2025",1,2,1,"Close",13,1,1,1,3
"4934","Nikola Jokic",3112335,401704916,"2025",1,8.94427190999916,1,"Midrange",14,1,1,1,3
"4935","Nikola Jokic",3112335,401704916,"2025",1,9,1,"Midrange",15,1,1,1,3
"4936","Nikola Jokic",3112335,401704916,"2025",0,12.0415945787923,1,"Midrange",16,1,1,1,3
"4937","Nikola Jokic",3112335,401704916,"2025",1,25.9615099714943,0,"ThreePoint",17,0,1,1,2
"4938","Nikola Jokic",3112335,401704916,"2025",0,10.4403065089106,0,"Midrange",18,1,0,1,2
"4939","Nikola Jokic",3112335,401704916,"2025",0,0,0,"Close",19,0,1,0,1
"4940","Nikola Jokic",3112335,401704916,"2025",0,25.4950975679639,0,"ThreePoint",20,0,0,1,1
"4941","Nikola Jokic",3112335,401704916,"2025",1,7.07106781186548,0,"Close",21,0,0,0,0
"4942","Nikola Jokic",3112335,401704916,"2025",0,10.0498756211209,0,"Midrange",22,1,0,0,1
"4943","Nikola Jokic",3112335,401704916,"2025",0,26.0768096208106,0,"ThreePoint",23,0,1,0,1
"4944","Nikola Jokic",3112335,401704916,"2025",1,4.12310562561766,0,"Close",24,0,0,1,1
"4945","Nikola Jokic",3112335,401704916,"2025",1,2,0,"Close",25,1,0,0,1
"4946","Nikola Jokic",3112335,401704916,"2025",0,26.4196896272458,0,"ThreePoint",26,1,1,0,2
"4947","Nikola Jokic",3112335,401704916,"2025",0,7.07106781186548,0,"Close",27,0,1,1,2
"4948","Nikola Jokic",3112335,401704916,"2025",1,0,0,"Close",28,0,0,1,1
"4949","Nikola Jokic",3112335,401704916,"2025",1,2,0,"Close",29,1,0,0,1
"4950","Nikola Vucevic",6478,400899742,"2017",0,2,0,"Close",1,NA,NA,NA,NA
"4951","Nikola Vucevic",6478,400899742,"2017",1,1,0,"Close",2,0,NA,NA,NA
"4952","Nikola Vucevic",6478,400899742,"2017",0,27.5136329843952,0,"ThreePoint",3,1,0,NA,NA
"4953","Nikola Vucevic",6478,400899742,"2017",1,14.3178210632764,0,"Midrange",4,0,1,0,1
"4954","Nikola Vucevic",6478,400899742,"2017",1,16.9705627484771,0,"Midrange",5,1,0,1,2
"4955","Nikola Vucevic",6478,400899742,"2017",1,8.06225774829855,0,"Midrange",6,1,1,0,2
"4956","Nikola Vucevic",6478,400899742,"2017",1,13.1529464379659,1,"Midrange",7,1,1,1,3
"4957","Nikola Vucevic",6478,400899742,"2017",1,20.8086520466848,1,"Midrange",8,1,1,1,3
"4958","Nikola Vucevic",6478,400899742,"2017",0,18.4390889145858,1,"Midrange",9,1,1,1,3
"4959","Nikola Vucevic",6478,400899742,"2017",0,12.1655250605964,0,"Midrange",10,0,1,1,2
"4960","Nikola Vucevic",6478,400899742,"2017",0,18.3847763108502,0,"Midrange",11,0,0,1,1
"4961","Nikola Vucevic",6478,400899742,"2017",1,5.8309518948453,0,"Close",12,0,0,0,0
"4962","Nikola Vucevic",6478,400899742,"2017",1,8.54400374531753,0,"Midrange",13,1,0,0,1
"4963","Nikola Vucevic",6478,400899742,"2017",0,17.7200451466693,0,"Midrange",14,1,1,0,2
"4964","Nikola Vucevic",6478,401070745,"2019",0,13.3416640641263,0,"Midrange",1,NA,NA,NA,NA
"4965","Nikola Vucevic",6478,401070745,"2019",1,21.095023109729,0,"Midrange",2,0,NA,NA,NA
"4966","Nikola Vucevic",6478,401070745,"2019",1,0,0,"Close",3,1,0,NA,NA
"4967","Nikola Vucevic",6478,401070745,"2019",1,25.9615099714943,0,"ThreePoint",4,1,1,0,2
"4968","Nikola Vucevic",6478,401070745,"2019",1,8.24621125123532,1,"Midrange",5,1,1,1,3
"4969","Nikola Vucevic",6478,401070745,"2019",1,2,1,"Close",6,1,1,1,3
"4970","Nikola Vucevic",6478,401070745,"2019",0,7.21110255092798,1,"Close",7,1,1,1,3
"4971","Nikola Vucevic",6478,401070745,"2019",1,1,0,"Close",8,0,1,1,2
"4972","Nikola Vucevic",6478,401070745,"2019",1,26.0768096208106,0,"ThreePoint",9,1,0,1,2
"4973","Nikola Vucevic",6478,401070745,"2019",0,12,0,"Midrange",10,1,1,0,2
"4974","Nikola Vucevic",6478,401070745,"2019",1,19.2093727122985,0,"Midrange",11,0,1,1,2
"4975","Nikola Vucevic",6478,401070745,"2019",0,27.2946881279124,0,"ThreePoint",12,1,0,1,2
"4976","Nikola Vucevic",6478,401070745,"2019",0,4.47213595499958,0,"Close",13,0,1,0,1
"4977","Nikola Vucevic",6478,401070745,"2019",1,1,0,"Close",14,0,0,1,1
"4978","Nikola Vucevic",6478,401070745,"2019",1,2.82842712474619,0,"Close",15,1,0,0,1
"4979","Nikola Vucevic",6478,401070745,"2019",0,0,0,"Close",16,1,1,0,2
"4980","Nikola Vucevic",6478,401070908,"2019",0,2.82842712474619,0,"Close",1,NA,NA,NA,NA
"4981","Nikola Vucevic",6478,401070908,"2019",1,6.40312423743285,0,"Close",2,0,NA,NA,NA
"4982","Nikola Vucevic",6478,401070908,"2019",0,27.0185121722126,0,"ThreePoint",3,1,0,NA,NA
"4983","Nikola Vucevic",6478,401070908,"2019",1,4.24264068711928,0,"Close",4,0,1,0,1
"4984","Nikola Vucevic",6478,401070908,"2019",0,18.0277563773199,0,"Midrange",5,1,0,1,2
"4985","Nikola Vucevic",6478,401070908,"2019",1,25.4950975679639,0,"ThreePoint",6,0,1,0,1
"4986","Nikola Vucevic",6478,401070908,"2019",0,19.7989898732233,0,"Midrange",7,1,0,1,2
"4987","Nikola Vucevic",6478,401070908,"2019",0,25.0599281722833,0,"ThreePoint",8,0,1,0,1
"4988","Nikola Vucevic",6478,401070908,"2019",1,2,0,"Close",9,0,0,1,1
"4989","Nikola Vucevic",6478,401070908,"2019",1,0,0,"Close",10,1,0,0,1
"4990","Nikola Vucevic",6478,401070908,"2019",1,25.0599281722833,0,"ThreePoint",11,1,1,0,2
"4991","Nikola Vucevic",6478,401070908,"2019",1,8.48528137423857,1,"Midrange",12,1,1,1,3
"4992","Nikola Vucevic",6478,401070908,"2019",1,19.2353840616713,1,"Midrange",13,1,1,1,3
"4993","Nikola Vucevic",6478,401070908,"2019",1,2.23606797749979,1,"Close",14,1,1,1,3
"4994","Nikola Vucevic",6478,401070908,"2019",0,25.4950975679639,1,"ThreePoint",15,1,1,1,3
"4995","Nikola Vucevic",6478,401070908,"2019",1,7.61577310586391,0,"Close",16,0,1,1,2
"4996","Nikola Vucevic",6478,401070908,"2019",1,1,0,"Close",17,1,0,1,2
"4997","Nikola Vucevic",6478,401070908,"2019",0,9.05538513813742,0,"Midrange",18,1,1,0,2
"4998","Nikola Vucevic",6478,401070908,"2019",1,3,0,"Close",19,0,1,1,2
"4999","Nikola Vucevic",6478,401070908,"2019",1,7.61577310586391,0,"Close",20,1,0,1,2
"5000","Nikola Vucevic",6478,401070908,"2019",1,7.07106781186548,0,"Close",21,1,1,0,2
"5001","Nikola Vucevic",6478,401070908,"2019",0,6,1,"Close",22,1,1,1,3
"5002","Nikola Vucevic",6478,401070908,"2019",1,5.65685424949238,0,"Close",23,0,1,1,2
"5003","Nikola Vucevic",6478,401098037,"2019",1,6.08276253029822,0,"Close",1,NA,NA,NA,NA
"5004","Nikola Vucevic",6478,401098037,"2019",1,0,0,"Close",2,1,NA,NA,NA
"5005","Nikola Vucevic",6478,401306581,"2021",0,25.4950975679639,0,"ThreePoint",1,NA,NA,NA,NA
"5006","Nikola Vucevic",6478,401306581,"2021",0,26.4196896272458,0,"ThreePoint",2,0,NA,NA,NA
"5007","Nikola Vucevic",6478,401306581,"2021",0,26.8328157299975,0,"ThreePoint",3,0,0,NA,NA
"5008","Nikola Vucevic",6478,401306581,"2021",0,26.6270539113887,0,"ThreePoint",4,0,0,0,0
"5009","Nikola Vucevic",6478,401306581,"2021",1,1,0,"Close",5,0,0,0,0
"5010","Nikola Vucevic",6478,401306581,"2021",1,26.0192236625154,0,"ThreePoint",6,1,0,0,1
"5011","Nikola Vucevic",6478,401360680,"2022",0,19.4164878389476,0,"Midrange",1,NA,NA,NA,NA
"5012","Nikola Vucevic",6478,401360680,"2022",1,9.48683298050514,0,"Midrange",2,0,NA,NA,NA
"5013","Nikola Vucevic",6478,401360680,"2022",0,7.28010988928052,0,"Close",3,1,0,NA,NA
"5014","Nikola Vucevic",6478,401360680,"2022",0,25.0798724079689,0,"ThreePoint",4,0,1,0,1
"5015","Nikola Vucevic",6478,401360680,"2022",1,0,0,"Close",5,0,0,1,1
"5016","Nikola Vucevic",6478,401360680,"2022",1,22.561028345357,0,"ThreePoint",6,1,0,0,1
"5017","Nikola Vucevic",6478,401360680,"2022",1,13.0384048104053,0,"Midrange",7,1,1,0,2
"5018","Nikola Vucevic",6478,401360680,"2022",1,1.4142135623731,1,"Close",8,1,1,1,3
"5019","Nikola Vucevic",6478,401360680,"2022",1,10.1980390271856,1,"Midrange",9,1,1,1,3
"5020","Nikola Vucevic",6478,401360680,"2022",1,25.0199920063936,1,"ThreePoint",10,1,1,1,3
"5021","Nikola Vucevic",6478,401360680,"2022",0,25.0798724079689,1,"ThreePoint",11,1,1,1,3
"5022","Nikola Vucevic",6478,401360680,"2022",0,25.6320112359526,0,"ThreePoint",12,0,1,1,2
"5023","Nikola Vucevic",6478,401360680,"2022",0,14.0356688476182,0,"Midrange",13,0,0,1,1
"5024","Nikola Vucevic",6478,401360680,"2022",0,3.16227766016838,0,"Close",14,0,0,0,0
"5025","Nikola Vucevic",6478,401360680,"2022",0,28.0713376952364,0,"ThreePoint",15,0,0,0,0
"5026","Nikola Vucevic",6478,401360680,"2022",0,15,0,"Midrange",16,0,0,0,0
"5027","Nikola Vucevic",6478,401360680,"2022",0,26,0,"ThreePoint",17,0,0,0,0
"5028","Nikola Vucevic",6478,401360680,"2022",1,1,0,"Close",18,0,0,0,0
"5029","Nikola Vucevic",6478,401360680,"2022",1,8.06225774829855,0,"Midrange",19,1,0,0,1
"5030","Nikola Vucevic",6478,401360680,"2022",1,7.07106781186548,0,"Close",20,1,1,0,2
"5031","Nikola Vucevic",6478,401360680,"2022",0,13.6014705087354,1,"Midrange",21,1,1,1,3
"5032","Nikola Vucevic",6478,401360680,"2022",0,24.7588368062799,0,"ThreePoint",22,0,1,1,2
"5033","Nikola Vucevic",6478,401360680,"2022",1,1,0,"Close",23,0,0,1,1
"5034","Nikola Vucevic",6478,401360680,"2022",1,0,0,"Close",24,1,0,0,1
"5035","Nikola Vucevic",6478,401360901,"2022",0,4.12310562561766,0,"Close",1,NA,NA,NA,NA
"5036","Nikola Vucevic",6478,401360901,"2022",1,27.2946881279124,0,"ThreePoint",2,0,NA,NA,NA
"5037","Nikola Vucevic",6478,401360901,"2022",1,24.7588368062799,0,"ThreePoint",3,1,0,NA,NA
"5038","Nikola Vucevic",6478,401360901,"2022",1,27.0739727413618,0,"ThreePoint",4,1,1,0,2
"5039","Nikola Vucevic",6478,401360901,"2022",1,15,1,"Midrange",5,1,1,1,3
"5040","Nikola Vucevic",6478,401360901,"2022",1,12.369316876853,1,"Midrange",6,1,1,1,3
"5041","Nikola Vucevic",6478,401360901,"2022",1,18.6010752377383,1,"Midrange",7,1,1,1,3
"5042","Nikola Vucevic",6478,401360901,"2022",0,18.6815416922694,1,"Midrange",8,1,1,1,3
"5043","Nikola Vucevic",6478,401360901,"2022",0,16.4924225024706,0,"Midrange",9,0,1,1,2
"5044","Nikola Vucevic",6478,401360901,"2022",1,2.82842712474619,0,"Close",10,0,0,1,1
"5045","Nikola Vucevic",6478,401360901,"2022",0,27.2029410174709,0,"ThreePoint",11,1,0,0,1
"5046","Nikola Vucevic",6478,401360901,"2022",0,16.2788205960997,0,"Midrange",12,0,1,0,1
"5047","Nikola Vucevic",6478,401360901,"2022",1,9.48683298050514,0,"Midrange",13,0,0,1,1
"5048","Nikola Vucevic",6478,401360901,"2022",0,16.1245154965971,0,"Midrange",14,1,0,0,1
"5049","Nikola Vucevic",6478,401360901,"2022",1,27.0185121722126,0,"ThreePoint",15,0,1,0,1
"5050","Nikola Vucevic",6478,401360951,"2022",0,9.48683298050514,0,"Midrange",1,NA,NA,NA,NA
"5051","Nikola Vucevic",6478,401360951,"2022",1,2,0,"Close",2,0,NA,NA,NA
"5052","Nikola Vucevic",6478,401360951,"2022",1,25.0798724079689,0,"ThreePoint",3,1,0,NA,NA
"5053","Nikola Vucevic",6478,401360951,"2022",1,2.23606797749979,0,"Close",4,1,1,0,2
"5054","Nikola Vucevic",6478,401360951,"2022",1,5,1,"Close",5,1,1,1,3
"5055","Nikola Vucevic",6478,401360951,"2022",0,26.8328157299975,1,"ThreePoint",6,1,1,1,3
"5056","Nikola Vucevic",6478,401360951,"2022",0,15.6524758424985,0,"Midrange",7,0,1,1,2
"5057","Nikola Vucevic",6478,401360951,"2022",1,8.06225774829855,0,"Midrange",8,0,0,1,1
"5058","Nikola Vucevic",6478,401360951,"2022",1,4.47213595499958,0,"Close",9,1,0,0,1
"5059","Nikola Vucevic",6478,401360951,"2022",0,5.3851648071345,0,"Close",10,1,1,0,2
"5060","Nikola Vucevic",6478,401360951,"2022",1,7.21110255092798,0,"Close",11,0,1,1,2
"5061","Nikola Vucevic",6478,401360951,"2022",1,3.16227766016838,0,"Close",12,1,0,1,2
"5062","Nikola Vucevic",6478,401360951,"2022",1,24.0831891575846,0,"ThreePoint",13,1,1,0,2
"5063","Nikola Vucevic",6478,401360951,"2022",0,25.5538646783613,1,"ThreePoint",14,1,1,1,3
"5064","Nikola Vucevic",6478,401360951,"2022",1,5.8309518948453,0,"Close",15,0,1,1,2
"5065","Nikola Vucevic",6478,401360951,"2022",1,5.65685424949238,0,"Close",16,1,0,1,2
"5066","Nikola Vucevic",6478,401360951,"2022",0,2.23606797749979,0,"Close",17,1,1,0,2
"5067","Nikola Vucevic",6478,401360951,"2022",0,27.0185121722126,0,"ThreePoint",18,0,1,1,2
"5068","Nikola Vucevic",6478,401360951,"2022",1,18.3847763108502,0,"Midrange",19,0,0,1,1
"5069","Nikola Vucevic",6478,401468707,"2023",1,9.21954445729289,0,"Midrange",1,NA,NA,NA,NA
"5070","Nikola Vucevic",6478,401468707,"2023",1,2,0,"Close",2,1,NA,NA,NA
"5071","Nikola Vucevic",6478,401468707,"2023",0,24.0831891575846,0,"ThreePoint",3,1,1,NA,NA
"5072","Nikola Vucevic",6478,401468707,"2023",1,5,0,"Close",4,0,1,1,2
"5073","Nikola Vucevic",6478,401468707,"2023",1,26.9258240356725,0,"ThreePoint",5,1,0,1,2
"5074","Nikola Vucevic",6478,401468707,"2023",1,1.4142135623731,0,"Close",6,1,1,0,2
"5075","Nikola Vucevic",6478,401468707,"2023",0,25.7099202643649,1,"ThreePoint",7,1,1,1,3
"5076","Nikola Vucevic",6478,401468707,"2023",1,24.0416305603426,0,"ThreePoint",8,0,1,1,2
"5077","Nikola Vucevic",6478,401469105,"2023",1,5.65685424949238,0,"Close",1,NA,NA,NA,NA
"5078","Nikola Vucevic",6478,401469105,"2023",1,26.4007575648882,0,"ThreePoint",2,1,NA,NA,NA
"5079","Nikola Vucevic",6478,401469105,"2023",0,8.06225774829855,0,"Midrange",3,1,1,NA,NA
"5080","Nikola Vucevic",6478,401469105,"2023",1,16,0,"Midrange",4,0,1,1,2
"5081","Nikola Vucevic",6478,401469105,"2023",1,18.6010752377383,0,"Midrange",5,1,0,1,2
"5082","Nikola Vucevic",6478,401469105,"2023",0,26.0192236625154,0,"ThreePoint",6,1,1,0,2
"5083","Nikola Vucevic",6478,401469105,"2023",0,6.40312423743285,0,"Close",7,0,1,1,2
"5084","Nikola Vucevic",6478,401469105,"2023",1,1,0,"Close",8,0,0,1,1
"5085","Nikola Vucevic",6478,401469105,"2023",0,13.0384048104053,0,"Midrange",9,1,0,0,1
"5086","Nikola Vucevic",6478,401469105,"2023",0,21.3775583264319,0,"Midrange",10,0,1,0,1
"5087","Nikola Vucevic",6478,401469105,"2023",0,6.08276253029822,0,"Close",11,0,0,1,1
"5088","Nikola Vucevic",6478,401469105,"2023",0,16.0312195418814,0,"Midrange",12,0,0,0,0
"5089","Nikola Vucevic",6478,401469105,"2023",0,2.23606797749979,0,"Close",13,0,0,0,0
"5090","Nikola Vucevic",6478,401469105,"2023",0,26.4764045897475,0,"ThreePoint",14,0,0,0,0
"5091","Nikola Vucevic",6478,401469105,"2023",1,0,0,"Close",15,0,0,0,0
"5092","Norman Powell",2595516,401307536,"2021",0,1,0,"Close",1,NA,NA,NA,NA
"5093","Norman Powell",2595516,401307536,"2021",0,23,0,"ThreePoint",2,0,NA,NA,NA
"5094","Norman Powell",2595516,401307536,"2021",0,1.4142135623731,0,"Close",3,0,0,NA,NA
"5095","Norman Powell",2595516,401307536,"2021",1,25.0199920063936,0,"ThreePoint",4,0,0,0,0
"5096","Norman Powell",2595516,401307536,"2021",1,27.8028775489157,0,"ThreePoint",5,1,0,0,1
"5097","Norman Powell",2595516,401307536,"2021",0,24.1867732448956,0,"ThreePoint",6,1,1,0,2
"5098","Norman Powell",2595516,401307536,"2021",0,25.4950975679639,0,"ThreePoint",7,0,1,1,2
"5099","Norman Powell",2595516,401307536,"2021",0,3,0,"Close",8,0,0,1,1
"5100","Norman Powell",2595516,401307536,"2021",0,29.1547594742265,0,"ThreePoint",9,0,0,0,0
"5101","Norman Powell",2595516,401307536,"2021",1,0,0,"Close",10,0,0,0,0
"5102","Norman Powell",2595516,401307536,"2021",0,25.6124969497314,0,"ThreePoint",11,1,0,0,1
"5103","Norman Powell",2595516,401307536,"2021",0,0,0,"Close",12,0,1,0,1
"5104","Norman Powell",2595516,401307536,"2021",0,0,0,"Close",13,0,0,1,1
"5105","Norman Powell",2595516,401307536,"2021",1,20.0249843945008,0,"Midrange",14,0,0,0,0
"5106","Norman Powell",2595516,401307536,"2021",1,2,0,"Close",15,1,0,0,1
"5107","OG Anunoby",3934719,401705664,"2025",0,23.0867927612304,0,"ThreePoint",1,NA,NA,NA,NA
"5108","OG Anunoby",3934719,401705664,"2025",1,25,0,"ThreePoint",2,0,NA,NA,NA
"5109","OG Anunoby",3934719,401705664,"2025",0,26.1725046566048,0,"ThreePoint",3,1,0,NA,NA
"5110","OG Anunoby",3934719,401705664,"2025",0,23.0867927612304,0,"ThreePoint",4,0,1,0,1
"5111","OG Anunoby",3934719,401705664,"2025",1,2.82842712474619,0,"Close",5,0,0,1,1
"5112","OG Anunoby",3934719,401705664,"2025",0,24.7588368062799,0,"ThreePoint",6,1,0,0,1
"5113","OG Anunoby",3934719,401705664,"2025",1,23.0217288664427,0,"ThreePoint",7,0,1,0,1
"5114","OG Anunoby",3934719,401705664,"2025",1,1.4142135623731,0,"Close",8,1,0,1,2
"5115","OG Anunoby",3934719,401705664,"2025",1,1.4142135623731,0,"Close",9,1,1,0,2
"5116","OG Anunoby",3934719,401705664,"2025",0,22.0907220343745,1,"ThreePoint",10,1,1,1,3
"5117","OG Anunoby",3934719,401705664,"2025",1,5,0,"Close",11,0,1,1,2
"5118","OG Anunoby",3934719,401705664,"2025",0,13.9283882771841,0,"Midrange",12,1,0,1,2
"5119","OG Anunoby",3934719,401705664,"2025",0,3.16227766016838,0,"Close",13,0,1,0,1
"5120","OG Anunoby",3934719,401705664,"2025",0,24,0,"ThreePoint",14,0,0,1,1
"5121","OG Anunoby",3934719,401705664,"2025",0,24.5153013442625,0,"ThreePoint",15,0,0,0,0
"5122","OG Anunoby",3934719,401705664,"2025",1,2.23606797749979,0,"Close",16,0,0,0,0
"5123","Paolo Banchero",4432573,401585283,"2024",0,26.2488094968134,0,"ThreePoint",1,NA,NA,NA,NA
"5124","Paolo Banchero",4432573,401585283,"2024",0,15.0332963783729,0,"Midrange",2,0,NA,NA,NA
"5125","Paolo Banchero",4432573,401585283,"2024",1,19.1049731745428,0,"Midrange",3,0,0,NA,NA
"5126","Paolo Banchero",4432573,401585283,"2024",1,26,0,"ThreePoint",4,1,0,0,1
"5127","Paolo Banchero",4432573,401585283,"2024",0,18.0277563773199,0,"Midrange",5,1,1,0,2
"5128","Paolo Banchero",4432573,401585283,"2024",1,2.23606797749979,0,"Close",6,0,1,1,2
"5129","Paolo Banchero",4432573,401585283,"2024",0,27.0185121722126,0,"ThreePoint",7,1,0,1,2
"5130","Paolo Banchero",4432573,401585283,"2024",0,15.8113883008419,0,"Midrange",8,0,1,0,1
"5131","Paolo Banchero",4432573,401585283,"2024",1,15,0,"Midrange",9,0,0,1,1
"5132","Paolo Banchero",4432573,401585283,"2024",1,26.1725046566048,0,"ThreePoint",10,1,0,0,1
"5133","Paolo Banchero",4432573,401585283,"2024",1,3.16227766016838,0,"Close",11,1,1,0,2
"5134","Paolo Banchero",4432573,401585283,"2024",0,31.0644491340181,1,"ThreePoint",12,1,1,1,3
"5135","Paolo Banchero",4432573,401585283,"2024",0,14.142135623731,0,"Midrange",13,0,1,1,2
"5136","Paolo Banchero",4432573,401585283,"2024",0,2.82842712474619,0,"Close",14,0,0,1,1
"5137","Paolo Banchero",4432573,401585283,"2024",1,3.60555127546399,0,"Close",15,0,0,0,0
"5138","Paolo Banchero",4432573,401585283,"2024",1,6.70820393249937,0,"Close",16,1,0,0,1
"5139","Paolo Banchero",4432573,401585283,"2024",0,19.1049731745428,0,"Midrange",17,1,1,0,2
"5140","Paolo Banchero",4432573,401585283,"2024",1,0,0,"Close",18,0,1,1,2
"5141","Pascal Siakam",3149673,401468588,"2023",0,9,0,"Midrange",1,NA,NA,NA,NA
"5142","Pascal Siakam",3149673,401468588,"2023",1,2.23606797749979,0,"Close",2,0,NA,NA,NA
"5143","Pascal Siakam",3149673,401468588,"2023",0,9.21954445729289,0,"Midrange",3,1,0,NA,NA
"5144","Pascal Siakam",3149673,401468588,"2023",0,4.24264068711928,0,"Close",4,0,1,0,1
"5145","Pascal Siakam",3149673,401468588,"2023",1,2.82842712474619,0,"Close",5,0,0,1,1
"5146","Pascal Siakam",3149673,401468588,"2023",0,26.3058928759318,0,"ThreePoint",6,1,0,0,1
"5147","Pascal Siakam",3149673,401468588,"2023",0,4.47213595499958,0,"Close",7,0,1,0,1
"5148","Pascal Siakam",3149673,401468588,"2023",0,3.60555127546399,0,"Close",8,0,0,1,1
"5149","Pascal Siakam",3149673,401468588,"2023",1,25.298221281347,0,"ThreePoint",9,0,0,0,0
"5150","Pascal Siakam",3149673,401468588,"2023",0,18.0277563773199,0,"Midrange",10,1,0,0,1
"5151","Pascal Siakam",3149673,401468588,"2023",0,14.3178210632764,0,"Midrange",11,0,1,0,1
"5152","Pascal Siakam",3149673,401468588,"2023",1,12.0415945787923,0,"Midrange",12,0,0,1,1
"5153","Pascal Siakam",3149673,401468588,"2023",1,0,0,"Close",13,1,0,0,1
"5154","Pascal Siakam",3149673,401468588,"2023",1,8.06225774829855,0,"Midrange",14,1,1,0,2
"5155","Pascal Siakam",3149673,401468588,"2023",1,1,1,"Close",15,1,1,1,3
"5156","Pascal Siakam",3149673,401524696,"2023",1,3.60555127546399,0,"Close",1,NA,NA,NA,NA
"5157","Pascal Siakam",3149673,401524696,"2023",0,23.0217288664427,0,"ThreePoint",2,1,NA,NA,NA
"5158","Pascal Siakam",3149673,401524696,"2023",1,2.23606797749979,0,"Close",3,0,1,NA,NA
"5159","Pascal Siakam",3149673,401524696,"2023",1,1.4142135623731,0,"Close",4,1,0,1,2
"5160","Pascal Siakam",3149673,401524696,"2023",1,2.23606797749979,0,"Close",5,1,1,0,2
"5161","Pascal Siakam",3149673,401524696,"2023",0,2,1,"Close",6,1,1,1,3
"5162","Pascal Siakam",3149673,401524696,"2023",1,3,0,"Close",7,0,1,1,2
"5163","Pascal Siakam",3149673,401524696,"2023",1,3,0,"Close",8,1,0,1,2
"5164","Pau Gasol",996,400829078,"2016",1,17.8885438199983,0,"Midrange",1,NA,NA,NA,NA
"5165","Pau Gasol",996,400829078,"2016",0,3.16227766016838,0,"Close",2,1,NA,NA,NA
"5166","Pau Gasol",996,400829078,"2016",0,13,0,"Midrange",3,0,1,NA,NA
"5167","Pau Gasol",996,400829078,"2016",0,3,0,"Close",4,0,0,1,1
"5168","Pau Gasol",996,400829078,"2016",1,1.4142135623731,0,"Close",5,0,0,0,0
"5169","Pau Gasol",996,400829078,"2016",1,10.0498756211209,0,"Midrange",6,1,0,0,1
"5170","Pau Gasol",996,400829078,"2016",1,3,0,"Close",7,1,1,0,2
"5171","Paul George",4251,400828385,"2016",0,1,0,"Close",1,NA,NA,NA,NA
"5172","Paul George",4251,400828385,"2016",1,23.0217288664427,0,"ThreePoint",2,0,NA,NA,NA
"5173","Paul George",4251,400828385,"2016",0,8.24621125123532,0,"Midrange",3,1,0,NA,NA
"5174","Paul George",4251,400828385,"2016",0,24.4131112314674,0,"ThreePoint",4,0,1,0,1
"5175","Paul George",4251,400828385,"2016",0,17.1172427686237,0,"Midrange",5,0,0,1,1
"5176","Paul George",4251,400828385,"2016",0,17.0880074906351,0,"Midrange",6,0,0,0,0
"5177","Paul George",4251,400828385,"2016",0,26.0192236625154,0,"ThreePoint",7,0,0,0,0
"5178","Paul George",4251,400828385,"2016",0,19.2353840616713,0,"Midrange",8,0,0,0,0
"5179","Paul George",4251,400828385,"2016",1,0,0,"Close",9,0,0,0,0
"5180","Paul George",4251,400828385,"2016",0,25.2388589282479,0,"ThreePoint",10,1,0,0,1
"5181","Paul George",4251,400828385,"2016",0,0,0,"Close",11,0,1,0,1
"5182","Paul George",4251,400828385,"2016",1,1,0,"Close",12,0,0,1,1
"5183","Paul George",4251,400828385,"2016",1,27.2029410174709,0,"ThreePoint",13,1,0,0,1
"5184","Paul George",4251,400828385,"2016",1,25,0,"ThreePoint",14,1,1,0,2
"5185","Paul George",4251,400828385,"2016",1,19.9248588451713,1,"Midrange",15,1,1,1,3
"5186","Paul George",4251,400828385,"2016",1,26.2488094968134,1,"ThreePoint",16,1,1,1,3
"5187","Paul George",4251,400828385,"2016",1,19.4164878389476,1,"Midrange",17,1,1,1,3
"5188","Paul George",4251,400828385,"2016",1,17,1,"Midrange",18,1,1,1,3
"5189","Paul George",4251,400935635,"2017",0,24.7588368062799,0,"ThreePoint",1,NA,NA,NA,NA
"5190","Paul George",4251,400935635,"2017",0,25.3179778023443,0,"ThreePoint",2,0,NA,NA,NA
"5191","Paul George",4251,400935635,"2017",1,0,0,"Close",3,0,0,NA,NA
"5192","Paul George",4251,400935635,"2017",0,26.1725046566048,0,"ThreePoint",4,1,0,0,1
"5193","Paul George",4251,400935635,"2017",1,0,0,"Close",5,0,1,0,1
"5194","Paul George",4251,400935635,"2017",1,0,0,"Close",6,1,0,1,2
"5195","Paul George",4251,400935635,"2017",0,26.4007575648882,0,"ThreePoint",7,1,1,0,2
"5196","Paul George",4251,400935635,"2017",0,21,0,"Midrange",8,0,1,1,2
"5197","Paul George",4251,400935635,"2017",0,19.4164878389476,0,"Midrange",9,0,0,1,1
"5198","Paul George",4251,400935635,"2017",0,24.8394846967484,0,"ThreePoint",10,0,0,0,0
"5199","Paul George",4251,400935635,"2017",1,0,0,"Close",11,0,0,0,0
"5200","Paul George",4251,400935635,"2017",1,0,0,"Close",12,1,0,0,1
"5201","Paul George",4251,400935635,"2017",0,24.0831891575846,0,"ThreePoint",13,1,1,0,2
"5202","Paul George",4251,400935635,"2017",1,0,0,"Close",14,0,1,1,2
"5203","Paul George",4251,400935635,"2017",0,25.5538646783613,0,"ThreePoint",15,1,0,1,2
"5204","Paul George",4251,400935635,"2017",0,0,0,"Close",16,0,1,0,1
"5205","Paul George",4251,400974895,"2018",1,17.1172427686237,0,"Midrange",1,NA,NA,NA,NA
"5206","Paul George",4251,400974895,"2018",0,5,0,"Close",2,1,NA,NA,NA
"5207","Paul George",4251,400974895,"2018",1,25.4950975679639,0,"ThreePoint",3,0,1,NA,NA
"5208","Paul George",4251,400974895,"2018",0,25.0798724079689,0,"ThreePoint",4,1,0,1,2
"5209","Paul George",4251,400974895,"2018",0,2.23606797749979,0,"Close",5,0,1,0,1
"5210","Paul George",4251,400974895,"2018",1,1.4142135623731,0,"Close",6,0,0,1,1
"5211","Paul George",4251,400974895,"2018",1,13.8924439894498,0,"Midrange",7,1,0,0,1
"5212","Paul George",4251,400974895,"2018",1,14.2126704035519,0,"Midrange",8,1,1,0,2
"5213","Paul George",4251,400974895,"2018",1,1,1,"Close",9,1,1,1,3
"5214","Paul George",4251,400974895,"2018",0,25.0599281722833,1,"ThreePoint",10,1,1,1,3
"5215","Paul George",4251,400974895,"2018",0,15.0332963783729,0,"Midrange",11,0,1,1,2
"5216","Paul George",4251,400974895,"2018",1,25.0599281722833,0,"ThreePoint",12,0,0,1,1
"5217","Paul George",4251,400974895,"2018",0,22,0,"Midrange",13,1,0,0,1
"5218","Paul George",4251,400974895,"2018",0,13,0,"Midrange",14,0,1,0,1
"5219","Paul George",4251,400974895,"2018",1,12,0,"Midrange",15,0,0,1,1
"5220","Paul George",4251,400974895,"2018",0,25.6320112359526,0,"ThreePoint",16,1,0,0,1
"5221","Paul George",4251,400974895,"2018",0,13,0,"Midrange",17,0,1,0,1
"5222","Paul George",4251,400974895,"2018",0,1,0,"Close",18,0,0,1,1
"5223","Paul George",4251,400974895,"2018",0,24.6981780704569,0,"ThreePoint",19,0,0,0,0
"5224","Paul George",4251,400974895,"2018",1,24.6981780704569,0,"ThreePoint",20,0,0,0,0
"5225","Paul George",4251,400974895,"2018",1,25.6320112359526,0,"ThreePoint",21,1,0,0,1
"5226","Paul George",4251,400974909,"2018",0,19.1049731745428,0,"Midrange",1,NA,NA,NA,NA
"5227","Paul George",4251,400974909,"2018",0,17,0,"Midrange",2,0,NA,NA,NA
"5228","Paul George",4251,400974909,"2018",1,23.3452350598575,0,"ThreePoint",3,0,0,NA,NA
"5229","Paul George",4251,400974909,"2018",1,2.82842712474619,0,"Close",4,1,0,0,1
"5230","Paul George",4251,400974909,"2018",1,23.0217288664427,0,"ThreePoint",5,1,1,0,2
"5231","Paul George",4251,400974909,"2018",0,21.0237960416286,1,"Midrange",6,1,1,1,3
"5232","Paul George",4251,400974909,"2018",0,26.8700576850888,0,"ThreePoint",7,0,1,1,2
"5233","Paul George",4251,400974909,"2018",0,25.4950975679639,0,"ThreePoint",8,0,0,1,1
"5234","Paul George",4251,400974909,"2018",0,27.6586333718787,0,"ThreePoint",9,0,0,0,0
"5235","Paul George",4251,400974909,"2018",0,14.0356688476182,0,"Midrange",10,0,0,0,0
"5236","Paul George",4251,400974909,"2018",0,15.6204993518133,0,"Midrange",11,0,0,0,0
"5237","Paul George",4251,400974909,"2018",0,28.1602556806574,0,"ThreePoint",12,0,0,0,0
"5238","Paul George",4251,400974909,"2018",1,24.6981780704569,0,"ThreePoint",13,0,0,0,0
"5239","Paul George",4251,400974909,"2018",0,19.4164878389476,0,"Midrange",14,1,0,0,1
"5240","Paul George",4251,400974909,"2018",0,25.4950975679639,0,"ThreePoint",15,0,1,0,1
"5241","Paul George",4251,400974909,"2018",0,25.6124969497314,0,"ThreePoint",16,0,0,1,1
"5242","Paul George",4251,400975511,"2018",0,22.0227155455452,0,"ThreePoint",1,NA,NA,NA,NA
"5243","Paul George",4251,400975511,"2018",1,2,0,"Close",2,0,NA,NA,NA
"5244","Paul George",4251,400975511,"2018",1,5.09901951359278,0,"Close",3,1,0,NA,NA
"5245","Paul George",4251,400975511,"2018",1,23.0217288664427,0,"ThreePoint",4,1,1,0,2
"5246","Paul George",4251,400975511,"2018",1,1.4142135623731,1,"Close",5,1,1,1,3
"5247","Paul George",4251,400975511,"2018",1,9.89949493661167,1,"Midrange",6,1,1,1,3
"5248","Paul George",4251,400975511,"2018",1,14.142135623731,1,"Midrange",7,1,1,1,3
"5249","Paul George",4251,400975511,"2018",1,15.0332963783729,1,"Midrange",8,1,1,1,3
"5250","Paul George",4251,400975511,"2018",0,6.08276253029822,1,"Close",9,1,1,1,3
"5251","Paul George",4251,400975511,"2018",0,13.4164078649987,0,"Midrange",10,0,1,1,2
"5252","Paul George",4251,400975511,"2018",0,23.3452350598575,0,"ThreePoint",11,0,0,1,1
"5253","Paul George",4251,400975511,"2018",1,3,0,"Close",12,0,0,0,0
"5254","Paul George",4251,400975511,"2018",1,17,0,"Midrange",13,1,0,0,1
"5255","Paul George",4251,400975511,"2018",1,2.82842712474619,0,"Close",14,1,1,0,2
"5256","Paul George",4251,400975511,"2018",1,25.6320112359526,1,"ThreePoint",15,1,1,1,3
"5257","Paul George",4251,400975511,"2018",1,26,1,"ThreePoint",16,1,1,1,3
"5258","Paul George",4251,400975511,"2018",0,26.4007575648882,1,"ThreePoint",17,1,1,1,3
"5259","Paul George",4251,400975511,"2018",1,2.23606797749979,0,"Close",18,0,1,1,2
"5260","Paul George",4251,400975511,"2018",1,6.08276253029822,0,"Close",19,1,0,1,2
"5261","Paul George",4251,400975511,"2018",1,2.82842712474619,0,"Close",20,1,1,0,2
"5262","Paul George",4251,400975511,"2018",1,3.60555127546399,1,"Close",21,1,1,1,3
"5263","Paul George",4251,400975511,"2018",0,17.8885438199983,1,"Midrange",22,1,1,1,3
"5264","Paul George",4251,400975511,"2018",0,24.7588368062799,0,"ThreePoint",23,0,1,1,2
"5265","Paul George",4251,400975511,"2018",1,26.3058928759318,0,"ThreePoint",24,0,0,1,1
"5266","Paul George",4251,400975511,"2018",1,1.4142135623731,0,"Close",25,1,0,0,1
"5267","Paul George",4251,400975511,"2018",1,25.8069758011279,0,"ThreePoint",26,1,1,0,2
"5268","Paul George",4251,401098037,"2019",0,32.2490309931942,0,"ThreePoint",1,NA,NA,NA,NA
"5269","Paul George",4251,401098037,"2019",1,23.0867927612304,0,"ThreePoint",2,0,NA,NA,NA
"5270","Paul George",4251,401098037,"2019",1,25.8069758011279,0,"ThreePoint",3,1,0,NA,NA
"5271","Paul George",4251,401098037,"2019",1,25.2388589282479,0,"ThreePoint",4,1,1,0,2
"5272","Paul George",4251,401098037,"2019",1,23.0867927612304,1,"ThreePoint",5,1,1,1,3
"5273","Paul George",4251,401098037,"2019",1,2,1,"Close",6,1,1,1,3
"5274","Paul George",4251,401098037,"2019",0,34.1760149812701,1,"ThreePoint",7,1,1,1,3
"5275","Paul George",4251,401098037,"2019",1,27.8028775489157,0,"ThreePoint",8,0,1,1,2
"5276","Paul George",4251,401098037,"2019",1,26.9258240356725,0,"ThreePoint",9,1,0,1,2
"5277","Paul George",4251,401098037,"2019",0,22.2036033111745,0,"ThreePoint",10,1,1,0,2
"5278","Paul George",4251,401098037,"2019",0,8.06225774829855,0,"Midrange",11,0,1,1,2
"5279","Paul George",4251,401098037,"2019",0,25.4950975679639,0,"ThreePoint",12,0,0,1,1
"5280","Paul George",4251,401098037,"2019",0,26.1725046566048,0,"ThreePoint",13,0,0,0,0
"5281","Paul George",4251,401098037,"2019",0,26.3058928759318,0,"ThreePoint",14,0,0,0,0
"5282","Paul George",4251,401306581,"2021",0,25.2388589282479,0,"ThreePoint",1,NA,NA,NA,NA
"5283","Paul George",4251,401306581,"2021",0,25.6320112359526,0,"ThreePoint",2,0,NA,NA,NA
"5284","Paul George",4251,401306581,"2021",1,1.4142135623731,0,"Close",3,0,0,NA,NA
"5285","Paul George",4251,401306581,"2021",1,25.7099202643649,0,"ThreePoint",4,1,0,0,1
"5286","Paul George",4251,401306581,"2021",1,24.0416305603426,0,"ThreePoint",5,1,1,0,2
"5287","Paul George",4251,401306581,"2021",1,24.7588368062799,1,"ThreePoint",6,1,1,1,3
"5288","Paul George",4251,401306581,"2021",1,25,1,"ThreePoint",7,1,1,1,3
"5289","Paul George",4251,401306581,"2021",1,23.0867927612304,1,"ThreePoint",8,1,1,1,3
"5290","Paul George",4251,401524696,"2023",0,25.4950975679639,0,"ThreePoint",1,NA,NA,NA,NA
"5291","Paul George",4251,401524696,"2023",0,25.4558441227157,0,"ThreePoint",2,0,NA,NA,NA
"5292","Paul George",4251,401524696,"2023",0,25.9422435421457,0,"ThreePoint",3,0,0,NA,NA
"5293","Paul George",4251,401524696,"2023",1,2.23606797749979,0,"Close",4,0,0,0,0
"5294","Paul George",4251,401524696,"2023",1,2.23606797749979,0,"Close",5,1,0,0,1
"5295","Paul George",4251,401524696,"2023",0,25.8069758011279,0,"ThreePoint",6,1,1,0,2
"5296","Paul George",4251,401524696,"2023",0,23.0217288664427,0,"ThreePoint",7,0,1,1,2
"5297","Paul George",4251,401524696,"2023",0,23.0217288664427,0,"ThreePoint",8,0,0,1,1
"5298","Paul George",4251,401524696,"2023",0,23.0217288664427,0,"ThreePoint",9,0,0,0,0
"5299","Paul George",4251,401524696,"2023",1,2.82842712474619,0,"Close",10,0,0,0,0
"5300","Paul George",4251,401524696,"2023",0,26.8328157299975,0,"ThreePoint",11,1,0,0,1
"5301","Paul George",4251,401524696,"2023",0,23.0217288664427,0,"ThreePoint",12,0,1,0,1
"5302","Paul George",4251,401524696,"2023",1,2,0,"Close",13,0,0,1,1
"5303","Paul George",4251,401584102,"2024",0,25.4950975679639,0,"ThreePoint",1,NA,NA,NA,NA
"5304","Paul George",4251,401584102,"2024",0,18.4390889145858,0,"Midrange",2,0,NA,NA,NA
"5305","Paul George",4251,401584102,"2024",0,25.4950975679639,0,"ThreePoint",3,0,0,NA,NA
"5306","Paul George",4251,401584102,"2024",0,26.0192236625154,0,"ThreePoint",4,0,0,0,0
"5307","Paul George",4251,401584102,"2024",0,14.7648230602334,0,"Midrange",5,0,0,0,0
"5308","Paul George",4251,401584102,"2024",0,10.770329614269,0,"Midrange",6,0,0,0,0
"5309","Paul George",4251,401584102,"2024",1,1,0,"Close",7,0,0,0,0
"5310","Paul George",4251,401584102,"2024",0,26.0192236625154,0,"ThreePoint",8,1,0,0,1
"5311","Paul George",4251,401584102,"2024",0,23.1948270094864,0,"ThreePoint",9,0,1,0,1
"5312","Paul George",4251,401584102,"2024",1,7.81024967590665,0,"Close",10,0,0,1,1
"5313","Paul George",4251,401584102,"2024",1,23.1948270094864,0,"ThreePoint",11,1,0,0,1
"5314","Paul George",4251,401584102,"2024",0,25.4950975679639,0,"ThreePoint",12,1,1,0,2
"5315","Paul George",4251,401585680,"2024",0,15,0,"Midrange",1,NA,NA,NA,NA
"5316","Paul George",4251,401585680,"2024",0,19.313207915828,0,"Midrange",2,0,NA,NA,NA
"5317","Paul George",4251,401585680,"2024",1,25.298221281347,0,"ThreePoint",3,0,0,NA,NA
"5318","Paul George",4251,401585680,"2024",0,8.54400374531753,0,"Midrange",4,1,0,0,1
"5319","Paul George",4251,401585680,"2024",0,15,0,"Midrange",5,0,1,0,1
"5320","Paul George",4251,401585680,"2024",0,5.3851648071345,0,"Close",6,0,0,1,1
"5321","Paul George",4251,401585680,"2024",1,26.4007575648882,0,"ThreePoint",7,0,0,0,0
"5322","Paul George",4251,401585680,"2024",1,27.5136329843952,0,"ThreePoint",8,1,0,0,1
"5323","Paul George",4251,401585680,"2024",0,26.4007575648882,0,"ThreePoint",9,1,1,0,2
"5324","Paul George",4251,401585680,"2024",0,4.47213595499958,0,"Close",10,0,1,1,2
"5325","Paul George",4251,401585680,"2024",1,27.1661554144122,0,"ThreePoint",11,0,0,1,1
"5326","Paul George",4251,401585680,"2024",1,8.54400374531753,0,"Midrange",12,1,0,0,1
"5327","Paul George",4251,401585680,"2024",1,2,0,"Close",13,1,1,0,2
"5328","Paul George",4251,401585680,"2024",0,24.3515913237718,1,"ThreePoint",14,1,1,1,3
"5329","Paul George",4251,401585680,"2024",0,5.09901951359278,0,"Close",15,0,1,1,2
"5330","Paul George",4251,401585680,"2024",1,26.2488094968134,0,"ThreePoint",16,0,0,1,1
"5331","Paul George",4251,401585680,"2024",0,27.0739727413618,0,"ThreePoint",17,1,0,0,1
"5332","Paul George",4251,401585680,"2024",0,3.60555127546399,0,"Close",18,0,1,0,1
"5333","Paul Millsap",3015,400935635,"2017",1,25.0798724079689,0,"ThreePoint",1,NA,NA,NA,NA
"5334","Paul Millsap",3015,400935635,"2017",0,25,0,"ThreePoint",2,1,NA,NA,NA
"5335","Paul Millsap",3015,400935635,"2017",0,25.2388589282479,0,"ThreePoint",3,0,1,NA,NA
"5336","Paul Millsap",3015,400935635,"2017",1,2.23606797749979,0,"Close",4,0,0,1,1
"5337","RJ Barrett",4395625,401468920,"2023",0,18.7882942280559,0,"Midrange",1,NA,NA,NA,NA
"5338","RJ Barrett",4395625,401468920,"2023",0,23.0217288664427,0,"ThreePoint",2,0,NA,NA,NA
"5339","RJ Barrett",4395625,401468920,"2023",0,2.23606797749979,0,"Close",3,0,0,NA,NA
"5340","RJ Barrett",4395625,401468920,"2023",0,5.09901951359278,0,"Close",4,0,0,0,0
"5341","RJ Barrett",4395625,401468920,"2023",0,25.6320112359526,0,"ThreePoint",5,0,0,0,0
"5342","RJ Barrett",4395625,401468920,"2023",1,1.4142135623731,0,"Close",6,0,0,0,0
"5343","RJ Barrett",4395625,401468920,"2023",0,2,0,"Close",7,1,0,0,1
"5344","RJ Barrett",4395625,401468920,"2023",0,6.70820393249937,0,"Close",8,0,1,0,1
"5345","RJ Barrett",4395625,401468920,"2023",0,22.0227155455452,0,"ThreePoint",9,0,0,1,1
"5346","RJ Barrett",4395625,401468920,"2023",1,16,0,"Midrange",10,0,0,0,0
"5347","RJ Barrett",4395625,401468920,"2023",1,1,0,"Close",11,1,0,0,1
"5348","RJ Barrett",4395625,401468920,"2023",1,1,0,"Close",12,1,1,0,2
"5349","RJ Barrett",4395625,401468920,"2023",1,2,1,"Close",13,1,1,1,3
"5350","Reggie Jackson",6443,400827985,"2016",0,14.8660687473185,0,"Midrange",1,NA,NA,NA,NA
"5351","Reggie Jackson",6443,400827985,"2016",0,2,0,"Close",2,0,NA,NA,NA
"5352","Reggie Jackson",6443,400827985,"2016",0,2,0,"Close",3,0,0,NA,NA
"5353","Reggie Jackson",6443,400827985,"2016",0,5.09901951359278,0,"Close",4,0,0,0,0
"5354","Reggie Jackson",6443,400827985,"2016",1,11.1803398874989,0,"Midrange",5,0,0,0,0
"5355","Reggie Jackson",6443,400827985,"2016",0,18.0277563773199,0,"Midrange",6,1,0,0,1
"5356","Reggie Jackson",6443,400827985,"2016",0,7.81024967590665,0,"Close",7,0,1,0,1
"5357","Reggie Jackson",6443,400827985,"2016",0,2,0,"Close",8,0,0,1,1
"5358","Reggie Jackson",6443,400827985,"2016",1,24.4131112314674,0,"ThreePoint",9,0,0,0,0
"5359","Reggie Jackson",6443,400827985,"2016",1,20.0249843945008,0,"Midrange",10,1,0,0,1
"5360","Reggie Jackson",6443,400827985,"2016",0,14.8660687473185,0,"Midrange",11,1,1,0,2
"5361","Reggie Jackson",6443,400827985,"2016",0,3,0,"Close",12,0,1,1,2
"5362","Reggie Jackson",6443,400827985,"2016",1,2,0,"Close",13,0,0,1,1
"5363","Reggie Jackson",6443,400827985,"2016",1,2.23606797749979,0,"Close",14,1,0,0,1
"5364","Reggie Jackson",6443,400827985,"2016",0,11.4017542509914,0,"Midrange",15,1,1,0,2
"5365","Reggie Jackson",6443,400827985,"2016",0,13.4164078649987,0,"Midrange",16,0,1,1,2
"5366","Reggie Jackson",6443,400827985,"2016",1,19.723082923316,0,"Midrange",17,0,0,1,1
"5367","Reggie Jackson",6443,400827985,"2016",1,17.6918060129541,0,"Midrange",18,1,0,0,1
"5368","Reggie Jackson",6443,400827985,"2016",1,7.07106781186548,0,"Close",19,1,1,0,2
"5369","Reggie Jackson",6443,400827985,"2016",1,6.08276253029822,1,"Close",20,1,1,1,3
"5370","Reggie Jackson",6443,400827985,"2016",1,7.81024967590665,1,"Close",21,1,1,1,3
"5371","Reggie Jackson",6443,400827985,"2016",1,1.4142135623731,1,"Close",22,1,1,1,3
"5372","Reggie Jackson",6443,400827985,"2016",1,24.3310501211929,1,"ThreePoint",23,1,1,1,3
"5373","Reggie Jackson",6443,400827985,"2016",1,26,1,"ThreePoint",24,1,1,1,3
"5374","Reggie Jackson",6443,400827985,"2016",1,2,1,"Close",25,1,1,1,3
"5375","Reggie Jackson",6443,400827985,"2016",1,2,1,"Close",26,1,1,1,3
"5376","Reggie Jackson",6443,400828385,"2016",1,1.4142135623731,0,"Close",1,NA,NA,NA,NA
"5377","Reggie Jackson",6443,400828385,"2016",0,0,0,"Close",2,1,NA,NA,NA
"5378","Reggie Jackson",6443,400828385,"2016",0,17.1172427686237,0,"Midrange",3,0,1,NA,NA
"5379","Reggie Jackson",6443,400828385,"2016",0,24.0831891575846,0,"ThreePoint",4,0,0,1,1
"5380","Reggie Jackson",6443,400828385,"2016",0,19.313207915828,0,"Midrange",5,0,0,0,0
"5381","Reggie Jackson",6443,400828385,"2016",0,18.7882942280559,0,"Midrange",6,0,0,0,0
"5382","Reggie Jackson",6443,400828385,"2016",0,6.40312423743285,0,"Close",7,0,0,0,0
"5383","Reggie Jackson",6443,400828385,"2016",1,1.4142135623731,0,"Close",8,0,0,0,0
"5384","Reggie Jackson",6443,400828385,"2016",1,28.1780056072107,0,"ThreePoint",9,1,0,0,1
"5385","Reggie Jackson",6443,400828385,"2016",0,1.4142135623731,0,"Close",10,1,1,0,2
"5386","Reggie Jackson",6443,400828385,"2016",0,20.0249843945008,0,"Midrange",11,0,1,1,2
"5387","Reggie Jackson",6443,400828385,"2016",0,1.4142135623731,0,"Close",12,0,0,1,1
"5388","Reggie Jackson",6443,400828385,"2016",0,15.6524758424985,0,"Midrange",13,0,0,0,0
"5389","Reggie Jackson",6443,400828385,"2016",1,7,0,"Close",14,0,0,0,0
"5390","Reggie Jackson",6443,400828385,"2016",0,17.1172427686237,0,"Midrange",15,1,0,0,1
"5391","Reggie Jackson",6443,400828385,"2016",0,18.4390889145858,0,"Midrange",16,0,1,0,1
"5392","Reggie Jackson",6443,400828385,"2016",0,26.0192236625154,0,"ThreePoint",17,0,0,1,1
"5393","Reggie Jackson",6443,400828385,"2016",1,26.4196896272458,0,"ThreePoint",18,0,0,0,0
"5394","Reggie Jackson",6443,400828385,"2016",0,28.8617393793236,0,"ThreePoint",19,1,0,0,1
"5395","Reggie Jackson",6443,400828415,"2016",1,8.60232526704263,0,"Midrange",1,NA,NA,NA,NA
"5396","Reggie Jackson",6443,400828415,"2016",1,16.0312195418814,0,"Midrange",2,1,NA,NA,NA
"5397","Reggie Jackson",6443,400828415,"2016",1,2,0,"Close",3,1,1,NA,NA
"5398","Reggie Jackson",6443,400828415,"2016",0,26.2488094968134,1,"ThreePoint",4,1,1,1,3
"5399","Reggie Jackson",6443,400828415,"2016",1,19.1049731745428,0,"Midrange",5,0,1,1,2
"5400","Reggie Jackson",6443,400828415,"2016",0,12,0,"Midrange",6,1,0,1,2
"5401","Reggie Jackson",6443,400828415,"2016",0,19.2353840616713,0,"Midrange",7,0,1,0,1
"5402","Reggie Jackson",6443,400828415,"2016",1,1,0,"Close",8,0,0,1,1
"5403","Reggie Jackson",6443,400828415,"2016",0,5.3851648071345,0,"Close",9,1,0,0,1
"5404","Reggie Jackson",6443,400828415,"2016",1,8.06225774829855,0,"Midrange",10,0,1,0,1
"5405","Reggie Jackson",6443,400828415,"2016",0,11.1803398874989,0,"Midrange",11,1,0,1,2
"5406","Reggie Jackson",6443,400828415,"2016",1,16.1245154965971,0,"Midrange",12,0,1,0,1
"5407","Reggie Jackson",6443,400828415,"2016",0,1,0,"Close",13,1,0,1,2
"5408","Reggie Jackson",6443,400828415,"2016",1,25.8069758011279,0,"ThreePoint",14,0,1,0,1
"5409","Reggie Jackson",6443,400828415,"2016",0,18.6010752377383,0,"Midrange",15,1,0,1,2
"5410","Reggie Jackson",6443,400828710,"2016",0,1,0,"Close",1,NA,NA,NA,NA
"5411","Reggie Jackson",6443,400828710,"2016",0,6.08276253029822,0,"Close",2,0,NA,NA,NA
"5412","Reggie Jackson",6443,400828710,"2016",0,1,0,"Close",3,0,0,NA,NA
"5413","Reggie Jackson",6443,400828710,"2016",1,10.770329614269,0,"Midrange",4,0,0,0,0
"5414","Reggie Jackson",6443,400828710,"2016",0,12.0830459735946,0,"Midrange",5,1,0,0,1
"5415","Reggie Jackson",6443,400828710,"2016",0,26.8700576850888,0,"ThreePoint",6,0,1,0,1
"5416","Reggie Jackson",6443,400828710,"2016",1,18.0277563773199,0,"Midrange",7,0,0,1,1
"5417","Reggie Jackson",6443,400828710,"2016",1,24.3310501211929,0,"ThreePoint",8,1,0,0,1
"5418","Reggie Jackson",6443,400828710,"2016",1,0,0,"Close",9,1,1,0,2
"5419","Reggie Jackson",6443,400828710,"2016",0,26.3058928759318,1,"ThreePoint",10,1,1,1,3
"5420","Reggie Jackson",6443,400828710,"2016",1,0,0,"Close",11,0,1,1,2
"5421","Reggie Jackson",6443,400828710,"2016",1,0,0,"Close",12,1,0,1,2
"5422","Reggie Jackson",6443,400828710,"2016",1,26.6833281282527,0,"ThreePoint",13,1,1,0,2
"5423","Reggie Jackson",6443,400828710,"2016",0,4.47213595499958,1,"Close",14,1,1,1,3
"5424","Reggie Jackson",6443,400828710,"2016",1,1,0,"Close",15,0,1,1,2
"5425","Reggie Jackson",6443,400828710,"2016",1,25.2388589282479,0,"ThreePoint",16,1,0,1,2
"5426","Reggie Jackson",6443,400828710,"2016",0,5.8309518948453,0,"Close",17,1,1,0,2
"5427","Reggie Jackson",6443,400828710,"2016",1,26.2488094968134,0,"ThreePoint",18,0,1,1,2
"5428","Reggie Jackson",6443,400828710,"2016",0,32.2024843762092,0,"ThreePoint",19,1,0,1,2
"5429","Reggie Jackson",6443,400828710,"2016",1,17,0,"Midrange",20,0,1,0,1
"5430","Reggie Jackson",6443,400828945,"2016",0,20.6155281280883,0,"Midrange",1,NA,NA,NA,NA
"5431","Reggie Jackson",6443,400828945,"2016",1,8.06225774829855,0,"Midrange",2,0,NA,NA,NA
"5432","Reggie Jackson",6443,400828945,"2016",1,0,0,"Close",3,1,0,NA,NA
"5433","Reggie Jackson",6443,400828945,"2016",0,25.5538646783613,0,"ThreePoint",4,1,1,0,2
"5434","Reggie Jackson",6443,400828945,"2016",1,26.9258240356725,0,"ThreePoint",5,0,1,1,2
"5435","Reggie Jackson",6443,400828945,"2016",1,24.1867732448956,0,"ThreePoint",6,1,0,1,2
"5436","Reggie Jackson",6443,400828945,"2016",0,6.08276253029822,0,"Close",7,1,1,0,2
"5437","Reggie Jackson",6443,400828945,"2016",0,60.8769250208977,0,"ThreePoint",8,0,1,1,2
"5438","Reggie Jackson",6443,400828945,"2016",0,12.0830459735946,0,"Midrange",9,0,0,1,1
"5439","Reggie Jackson",6443,400828945,"2016",1,26.2488094968134,0,"ThreePoint",10,0,0,0,0
"5440","Reggie Jackson",6443,400828945,"2016",0,26.1725046566048,0,"ThreePoint",11,1,0,0,1
"5441","Reggie Jackson",6443,400828945,"2016",0,14.3178210632764,0,"Midrange",12,0,1,0,1
"5442","Reggie Jackson",6443,400828945,"2016",0,5,0,"Close",13,0,0,1,1
"5443","Reggie Jackson",6443,400828945,"2016",0,0,0,"Close",14,0,0,0,0
"5444","Reggie Jackson",6443,401070948,"2019",0,5.09901951359278,0,"Close",1,NA,NA,NA,NA
"5445","Reggie Jackson",6443,401070948,"2019",0,2.23606797749979,0,"Close",2,0,NA,NA,NA
"5446","Reggie Jackson",6443,401070948,"2019",0,4.12310562561766,0,"Close",3,0,0,NA,NA
"5447","Reggie Jackson",6443,401070948,"2019",1,7.07106781186548,0,"Close",4,0,0,0,0
"5448","Reggie Jackson",6443,401070948,"2019",0,15,0,"Midrange",5,1,0,0,1
"5449","Reggie Jackson",6443,401070948,"2019",0,26.9258240356725,0,"ThreePoint",6,0,1,0,1
"5450","Reggie Jackson",6443,401070948,"2019",0,25.4950975679639,0,"ThreePoint",7,0,0,1,1
"5451","Reggie Jackson",6443,401070948,"2019",0,25.9615099714943,0,"ThreePoint",8,0,0,0,0
"5452","Reggie Jackson",6443,401070948,"2019",1,2.23606797749979,0,"Close",9,0,0,0,0
"5453","Reggie Jackson",6443,401070948,"2019",1,4.12310562561766,0,"Close",10,1,0,0,1
"5454","Reggie Jackson",6443,401070948,"2019",1,8.48528137423857,0,"Midrange",11,1,1,0,2
"5455","Reggie Jackson",6443,401070948,"2019",1,6.40312423743285,1,"Close",12,1,1,1,3
"5456","Reggie Jackson",6443,401071463,"2019",0,26.4007575648882,0,"ThreePoint",1,NA,NA,NA,NA
"5457","Reggie Jackson",6443,401071463,"2019",1,10,0,"Midrange",2,0,NA,NA,NA
"5458","Reggie Jackson",6443,401071463,"2019",1,26.0192236625154,0,"ThreePoint",3,1,0,NA,NA
"5459","Reggie Jackson",6443,401071463,"2019",0,26.2488094968134,0,"ThreePoint",4,1,1,0,2
"5460","Reggie Jackson",6443,401071463,"2019",1,26.4007575648882,0,"ThreePoint",5,0,1,1,2
"5461","Reggie Jackson",6443,401071463,"2019",0,10,0,"Midrange",6,1,0,1,2
"5462","Reggie Jackson",6443,401071463,"2019",0,31.3209195267317,0,"ThreePoint",7,0,1,0,1
"5463","Reggie Jackson",6443,401071463,"2019",1,2,0,"Close",8,0,0,1,1
"5464","Reggie Jackson",6443,401071463,"2019",1,10.4403065089106,0,"Midrange",9,1,0,0,1
"5465","Reggie Jackson",6443,401071463,"2019",0,2.82842712474619,0,"Close",10,1,1,0,2
"5466","Reggie Jackson",6443,401071463,"2019",1,9.21954445729289,0,"Midrange",11,0,1,1,2
"5467","Rodney Hood",2581177,400828267,"2016",1,0,0,"Close",1,NA,NA,NA,NA
"5468","Rodney Hood",2581177,400828267,"2016",1,3,0,"Close",2,1,NA,NA,NA
"5469","Rodney Hood",2581177,400828267,"2016",1,19.2093727122985,0,"Midrange",3,1,1,NA,NA
"5470","Rodney Hood",2581177,400828267,"2016",0,10.295630140987,1,"Midrange",4,1,1,1,3
"5471","Rodney Hood",2581177,400828267,"2016",1,24,0,"ThreePoint",5,0,1,1,2
"5472","Russell Westbrook",3468,400900055,"2017",0,17.2046505340853,0,"Midrange",1,NA,NA,NA,NA
"5473","Russell Westbrook",3468,400900055,"2017",1,24.0831891575846,0,"ThreePoint",2,0,NA,NA,NA
"5474","Russell Westbrook",3468,400900055,"2017",0,16.6433169770932,0,"Midrange",3,1,0,NA,NA
"5475","Russell Westbrook",3468,400900055,"2017",1,21.0237960416286,0,"Midrange",4,0,1,0,1
"5476","Russell Westbrook",3468,400900055,"2017",1,19.2093727122985,0,"Midrange",5,1,0,1,2
"5477","Russell Westbrook",3468,400900055,"2017",0,19.4164878389476,0,"Midrange",6,1,1,0,2
"5478","Russell Westbrook",3468,400900055,"2017",0,8,0,"Close",7,0,1,1,2
"5479","Russell Westbrook",3468,400900055,"2017",0,19.7989898732233,0,"Midrange",8,0,0,1,1
"5480","Russell Westbrook",3468,400900055,"2017",0,24.2074368738204,0,"ThreePoint",9,0,0,0,0
"5481","Russell Westbrook",3468,400900055,"2017",0,26.8700576850888,0,"ThreePoint",10,0,0,0,0
"5482","Russell Westbrook",3468,400900055,"2017",0,28.1602556806574,0,"ThreePoint",11,0,0,0,0
"5483","Russell Westbrook",3468,400900055,"2017",1,1,0,"Close",12,0,0,0,0
"5484","Russell Westbrook",3468,400900055,"2017",0,12.369316876853,0,"Midrange",13,1,0,0,1
"5485","Russell Westbrook",3468,400900055,"2017",1,20.2484567313166,0,"Midrange",14,0,1,0,1
"5486","Russell Westbrook",3468,400900055,"2017",1,0,0,"Close",15,1,0,1,2
"5487","Russell Westbrook",3468,400900055,"2017",0,29,0,"ThreePoint",16,1,1,0,2
"5488","Russell Westbrook",3468,400900055,"2017",0,27.2029410174709,0,"ThreePoint",17,0,1,1,2
"5489","Russell Westbrook",3468,400900055,"2017",0,15.6524758424985,0,"Midrange",18,0,0,1,1
"5490","Russell Westbrook",3468,400900055,"2017",1,1.4142135623731,0,"Close",19,0,0,0,0
"5491","Russell Westbrook",3468,400900055,"2017",0,19.6977156035922,0,"Midrange",20,1,0,0,1
"5492","Russell Westbrook",3468,400900055,"2017",1,0,0,"Close",21,0,1,0,1
"5493","Russell Westbrook",3468,400900055,"2017",0,19.2353840616713,0,"Midrange",22,1,0,1,2
"5494","Russell Westbrook",3468,400900055,"2017",0,1,0,"Close",23,0,1,0,1
"5495","Russell Westbrook",3468,400935635,"2017",0,0,0,"Close",1,NA,NA,NA,NA
"5496","Russell Westbrook",3468,400935635,"2017",1,0,0,"Close",2,0,NA,NA,NA
"5497","Russell Westbrook",3468,400935635,"2017",1,0,0,"Close",3,1,0,NA,NA
"5498","Russell Westbrook",3468,400935635,"2017",1,2,0,"Close",4,1,1,0,2
"5499","Russell Westbrook",3468,400935635,"2017",0,0,1,"Close",5,1,1,1,3
"5500","Russell Westbrook",3468,400935635,"2017",0,0,0,"Close",6,0,1,1,2
"5501","Russell Westbrook",3468,400935635,"2017",0,24.0208242989286,0,"ThreePoint",7,0,0,1,1
"5502","Russell Westbrook",3468,400935635,"2017",1,0,0,"Close",8,0,0,0,0
"5503","Russell Westbrook",3468,400935635,"2017",1,24.738633753706,0,"ThreePoint",9,1,0,0,1
"5504","Russell Westbrook",3468,400935635,"2017",0,33.8378486313773,0,"ThreePoint",10,1,1,0,2
"5505","Russell Westbrook",3468,400935635,"2017",1,0,0,"Close",11,0,1,1,2
"5506","Russell Westbrook",3468,400935635,"2017",1,1,0,"Close",12,1,0,1,2
"5507","Russell Westbrook",3468,400935635,"2017",1,0,0,"Close",13,1,1,0,2
"5508","Russell Westbrook",3468,400935635,"2017",0,36.0555127546399,1,"ThreePoint",14,1,1,1,3
"5509","Russell Westbrook",3468,400935635,"2017",0,2,0,"Close",15,0,1,1,2
"5510","Russell Westbrook",3468,400935635,"2017",1,25.0798724079689,0,"ThreePoint",16,0,0,1,1
"5511","Russell Westbrook",3468,400935635,"2017",1,23.1948270094864,0,"ThreePoint",17,1,0,0,1
"5512","Russell Westbrook",3468,400935635,"2017",1,25.8069758011279,0,"ThreePoint",18,1,1,0,2
"5513","Russell Westbrook",3468,400935635,"2017",0,26.4196896272458,1,"ThreePoint",19,1,1,1,3
"5514","Russell Westbrook",3468,400935635,"2017",1,25.5538646783613,0,"ThreePoint",20,0,1,1,2
"5515","Russell Westbrook",3468,400935635,"2017",0,26.2488094968134,0,"ThreePoint",21,1,0,1,2
"5516","Russell Westbrook",3468,400935635,"2017",1,26.5706605111728,0,"ThreePoint",22,0,1,0,1
"5517","Russell Westbrook",3468,400935635,"2017",0,28.0178514522438,0,"ThreePoint",23,1,0,1,2
"5518","Russell Westbrook",3468,400935635,"2017",1,0,0,"Close",24,0,1,0,1
"5519","Russell Westbrook",3468,400935635,"2017",1,0,0,"Close",25,1,0,1,2
"5520","Russell Westbrook",3468,400935635,"2017",1,25,0,"ThreePoint",26,1,1,0,2
"5521","Russell Westbrook",3468,400974895,"2018",0,17,0,"Midrange",1,NA,NA,NA,NA
"5522","Russell Westbrook",3468,400974895,"2018",0,17.0293863659264,0,"Midrange",2,0,NA,NA,NA
"5523","Russell Westbrook",3468,400974895,"2018",0,2.23606797749979,0,"Close",3,0,0,NA,NA
"5524","Russell Westbrook",3468,400974895,"2018",1,1.4142135623731,0,"Close",4,0,0,0,0
"5525","Russell Westbrook",3468,400974895,"2018",1,25.298221281347,0,"ThreePoint",5,1,0,0,1
"5526","Russell Westbrook",3468,400974895,"2018",1,6.70820393249937,0,"Close",6,1,1,0,2
"5527","Russell Westbrook",3468,400974895,"2018",0,1.4142135623731,1,"Close",7,1,1,1,3
"5528","Russell Westbrook",3468,400974895,"2018",1,15.6204993518133,0,"Midrange",8,0,1,1,2
"5529","Russell Westbrook",3468,400974895,"2018",1,13.0384048104053,0,"Midrange",9,1,0,1,2
"5530","Russell Westbrook",3468,400974895,"2018",0,26.6270539113887,0,"ThreePoint",10,1,1,0,2
"5531","Russell Westbrook",3468,400974895,"2018",0,29,0,"ThreePoint",11,0,1,1,2
"5532","Russell Westbrook",3468,400974895,"2018",0,11.4017542509914,0,"Midrange",12,0,0,1,1
"5533","Russell Westbrook",3468,400974895,"2018",0,25.7099202643649,0,"ThreePoint",13,0,0,0,0
"5534","Russell Westbrook",3468,400974895,"2018",0,2.23606797749979,0,"Close",14,0,0,0,0
"5535","Russell Westbrook",3468,400974895,"2018",0,1,0,"Close",15,0,0,0,0
"5536","Russell Westbrook",3468,400974895,"2018",0,32.2024843762092,0,"ThreePoint",16,0,0,0,0
"5537","Russell Westbrook",3468,400974895,"2018",0,25.0798724079689,0,"ThreePoint",17,0,0,0,0
"5538","Russell Westbrook",3468,400974895,"2018",0,14.7648230602334,0,"Midrange",18,0,0,0,0
"5539","Russell Westbrook",3468,400974895,"2018",1,24.6981780704569,0,"ThreePoint",19,0,0,0,0
"5540","Russell Westbrook",3468,400974895,"2018",1,8.48528137423857,0,"Midrange",20,1,0,0,1
"5541","Russell Westbrook",3468,400974895,"2018",0,25.4950975679639,0,"ThreePoint",21,1,1,0,2
"5542","Russell Westbrook",3468,400974895,"2018",1,16.4924225024706,0,"Midrange",22,0,1,1,2
"5543","Russell Westbrook",3468,400974895,"2018",1,25.4950975679639,0,"ThreePoint",23,1,0,1,2
"5544","Russell Westbrook",3468,400974895,"2018",1,1,0,"Close",24,1,1,0,2
"5545","Russell Westbrook",3468,400974895,"2018",0,41.146081222882,1,"ThreePoint",25,1,1,1,3
"5546","Russell Westbrook",3468,400974909,"2018",0,21.2602916254693,0,"Midrange",1,NA,NA,NA,NA
"5547","Russell Westbrook",3468,400974909,"2018",0,14.2126704035519,0,"Midrange",2,0,NA,NA,NA
"5548","Russell Westbrook",3468,400974909,"2018",0,2,0,"Close",3,0,0,NA,NA
"5549","Russell Westbrook",3468,400974909,"2018",1,24.7588368062799,0,"ThreePoint",4,0,0,0,0
"5550","Russell Westbrook",3468,400974909,"2018",0,20,0,"Midrange",5,1,0,0,1
"5551","Russell Westbrook",3468,400974909,"2018",0,25.4950975679639,0,"ThreePoint",6,0,1,0,1
"5552","Russell Westbrook",3468,400974909,"2018",1,2.23606797749979,0,"Close",7,0,0,1,1
"5553","Russell Westbrook",3468,400974909,"2018",1,2.23606797749979,0,"Close",8,1,0,0,1
"5554","Russell Westbrook",3468,400974909,"2018",0,2.82842712474619,0,"Close",9,1,1,0,2
"5555","Russell Westbrook",3468,400974909,"2018",0,25.4950975679639,0,"ThreePoint",10,0,1,1,2
"5556","Russell Westbrook",3468,400974909,"2018",0,26.0768096208106,0,"ThreePoint",11,0,0,1,1
"5557","Russell Westbrook",3468,400974909,"2018",0,26.1725046566048,0,"ThreePoint",12,0,0,0,0
"5558","Russell Westbrook",3468,400974909,"2018",1,1,0,"Close",13,0,0,0,0
"5559","Russell Westbrook",3468,400974909,"2018",1,20.0249843945008,0,"Midrange",14,1,0,0,1
"5560","Russell Westbrook",3468,400974909,"2018",0,17.464249196573,0,"Midrange",15,1,1,0,2
"5561","Russell Westbrook",3468,400974909,"2018",1,19.6468827043885,0,"Midrange",16,0,1,1,2
"5562","Russell Westbrook",3468,400974909,"2018",0,25.9615099714943,0,"ThreePoint",17,1,0,1,2
"5563","Russell Westbrook",3468,400974909,"2018",0,3.60555127546399,0,"Close",18,0,1,0,1
"5564","Russell Westbrook",3468,400974909,"2018",0,1.4142135623731,0,"Close",19,0,0,1,1
"5565","Russell Westbrook",3468,400974909,"2018",0,26.0192236625154,0,"ThreePoint",20,0,0,0,0
"5566","Russell Westbrook",3468,400974909,"2018",1,26.3058928759318,0,"ThreePoint",21,0,0,0,0
"5567","Russell Westbrook",3468,400975511,"2018",0,1.4142135623731,0,"Close",1,NA,NA,NA,NA
"5568","Russell Westbrook",3468,400975511,"2018",0,3.16227766016838,0,"Close",2,0,NA,NA,NA
"5569","Russell Westbrook",3468,400975511,"2018",1,11.1803398874989,0,"Midrange",3,0,0,NA,NA
"5570","Russell Westbrook",3468,400975511,"2018",0,3.16227766016838,0,"Close",4,1,0,0,1
"5571","Russell Westbrook",3468,400975511,"2018",0,25.0199920063936,0,"ThreePoint",5,0,1,0,1
"5572","Russell Westbrook",3468,400975511,"2018",0,18.3575597506858,0,"Midrange",6,0,0,1,1
"5573","Russell Westbrook",3468,400975511,"2018",0,3.60555127546399,0,"Close",7,0,0,0,0
"5574","Russell Westbrook",3468,400975511,"2018",1,3.60555127546399,0,"Close",8,0,0,0,0
"5575","Russell Westbrook",3468,400975511,"2018",0,24.0831891575846,0,"ThreePoint",9,1,0,0,1
"5576","Russell Westbrook",3468,400975511,"2018",0,2.23606797749979,0,"Close",10,0,1,0,1
"5577","Russell Westbrook",3468,400975511,"2018",0,18.8679622641132,0,"Midrange",11,0,0,1,1
"5578","Russell Westbrook",3468,400975511,"2018",0,26,0,"ThreePoint",12,0,0,0,0
"5579","Russell Westbrook",3468,400975511,"2018",1,3,0,"Close",13,0,0,0,0
"5580","Russell Westbrook",3468,400975511,"2018",0,2.82842712474619,0,"Close",14,1,0,0,1
"5581","Russell Westbrook",3468,400975511,"2018",1,25.0798724079689,0,"ThreePoint",15,0,1,0,1
"5582","Russell Westbrook",3468,400975511,"2018",1,10.770329614269,0,"Midrange",16,1,0,1,2
"5583","Russell Westbrook",3468,400975511,"2018",1,22.0907220343745,0,"ThreePoint",17,1,1,0,2
"5584","Russell Westbrook",3468,400975511,"2018",1,2.23606797749979,1,"Close",18,1,1,1,3
"5585","Russell Westbrook",3468,401098037,"2019",0,25,0,"ThreePoint",1,NA,NA,NA,NA
"5586","Russell Westbrook",3468,401098037,"2019",0,31.9061122670876,0,"ThreePoint",2,0,NA,NA,NA
"5587","Russell Westbrook",3468,401098037,"2019",0,1,0,"Close",3,0,0,NA,NA
"5588","Russell Westbrook",3468,401098037,"2019",0,26.4007575648882,0,"ThreePoint",4,0,0,0,0
"5589","Russell Westbrook",3468,401098037,"2019",0,9.8488578017961,0,"Midrange",5,0,0,0,0
"5590","Russell Westbrook",3468,401098037,"2019",1,1.4142135623731,0,"Close",6,0,0,0,0
"5591","Russell Westbrook",3468,401098037,"2019",0,29.0688837074973,0,"ThreePoint",7,1,0,0,1
"5592","Russell Westbrook",3468,401098037,"2019",0,2.23606797749979,0,"Close",8,0,1,0,1
"5593","Russell Westbrook",3468,401098037,"2019",0,25.8069758011279,0,"ThreePoint",9,0,0,1,1
"5594","Russell Westbrook",3468,401098037,"2019",1,23.1948270094864,0,"ThreePoint",10,0,0,0,0
"5595","Russell Westbrook",3468,401098037,"2019",1,1,0,"Close",11,1,0,0,1
"5596","Russell Westbrook",3468,401098037,"2019",0,20.2484567313166,0,"Midrange",12,1,1,0,2
"5597","Russell Westbrook",3468,401098037,"2019",0,1.4142135623731,0,"Close",13,0,1,1,2
"5598","Russell Westbrook",3468,401098037,"2019",1,1.4142135623731,0,"Close",14,0,0,1,1
"5599","Russell Westbrook",3468,401098037,"2019",1,2.23606797749979,0,"Close",15,1,0,0,1
"5600","Russell Westbrook",3468,401098037,"2019",1,1,0,"Close",16,1,1,0,2
"5601","Russell Westbrook",3468,401098037,"2019",1,1,1,"Close",17,1,1,1,3
"5602","Russell Westbrook",3468,401098037,"2019",0,26.5706605111728,1,"ThreePoint",18,1,1,1,3
"5603","Russell Westbrook",3468,401098037,"2019",0,26,0,"ThreePoint",19,0,1,1,2
"5604","Russell Westbrook",3468,401098037,"2019",1,2.23606797749979,0,"Close",20,0,0,1,1
"5605","Russell Westbrook",3468,401360043,"2022",1,30.886890422961,0,"ThreePoint",1,NA,NA,NA,NA
"5606","Russell Westbrook",3468,401360043,"2022",1,3.16227766016838,0,"Close",2,1,NA,NA,NA
"5607","Russell Westbrook",3468,401360043,"2022",1,1,0,"Close",3,1,1,NA,NA
"5608","Russell Westbrook",3468,401360043,"2022",0,7.61577310586391,1,"Close",4,1,1,1,3
"5609","Russell Westbrook",3468,401360043,"2022",0,18.0277563773199,0,"Midrange",5,0,1,1,2
"5610","Russell Westbrook",3468,401360043,"2022",1,2.23606797749979,0,"Close",6,0,0,1,1
"5611","Russell Westbrook",3468,401360043,"2022",1,27.8926513619627,0,"ThreePoint",7,1,0,0,1
"5612","Russell Westbrook",3468,401360043,"2022",0,2.82842712474619,0,"Close",8,1,1,0,2
"5613","Russell Westbrook",3468,401360043,"2022",0,27.2029410174709,0,"ThreePoint",9,0,1,1,2
"5614","Russell Westbrook",3468,401360043,"2022",0,27.8028775489157,0,"ThreePoint",10,0,0,1,1
"5615","Russell Westbrook",3468,401360043,"2022",0,9.21954445729289,0,"Midrange",11,0,0,0,0
"5616","Russell Westbrook",3468,401360043,"2022",0,27.1661554144122,0,"ThreePoint",12,0,0,0,0
"5617","Russell Westbrook",3468,401360043,"2022",0,14.142135623731,0,"Midrange",13,0,0,0,0
"5618","Russell Westbrook",3468,401360043,"2022",1,5.3851648071345,0,"Close",14,0,0,0,0
"5619","Russell Westbrook",3468,401360043,"2022",1,1,0,"Close",15,1,0,0,1
"5620","Russell Westbrook",3468,401360043,"2022",0,3.60555127546399,0,"Close",16,1,1,0,2
"5621","Russell Westbrook",3468,401360641,"2022",0,3.16227766016838,0,"Close",1,NA,NA,NA,NA
"5622","Russell Westbrook",3468,401360641,"2022",0,26.8700576850888,0,"ThreePoint",2,0,NA,NA,NA
"5623","Russell Westbrook",3468,401360641,"2022",0,2.23606797749979,0,"Close",3,0,0,NA,NA
"5624","Russell Westbrook",3468,401360641,"2022",0,9.21954445729289,0,"Midrange",4,0,0,0,0
"5625","Russell Westbrook",3468,401360641,"2022",1,2.23606797749979,0,"Close",5,0,0,0,0
"5626","Russell Westbrook",3468,401360641,"2022",1,2.82842712474619,0,"Close",6,1,0,0,1
"5627","Russell Westbrook",3468,401360641,"2022",0,4.12310562561766,0,"Close",7,1,1,0,2
"5628","Russell Westbrook",3468,401360641,"2022",0,1.4142135623731,0,"Close",8,0,1,1,2
"5629","Russell Westbrook",3468,401360641,"2022",0,4.12310562561766,0,"Close",9,0,0,1,1
"5630","Russell Westbrook",3468,401360641,"2022",1,3.16227766016838,0,"Close",10,0,0,0,0
"5631","Russell Westbrook",3468,401360641,"2022",0,14,0,"Midrange",11,1,0,0,1
"5632","Saddiq Bey",4397136,401359889,"2022",0,23.1948270094864,0,"ThreePoint",1,NA,NA,NA,NA
"5633","Saddiq Bey",4397136,401359889,"2022",0,27.459060435492,0,"ThreePoint",2,0,NA,NA,NA
"5634","Saddiq Bey",4397136,401359889,"2022",0,25,0,"ThreePoint",3,0,0,NA,NA
"5635","Saddiq Bey",4397136,401359889,"2022",1,2.23606797749979,0,"Close",4,0,0,0,0
"5636","Saddiq Bey",4397136,401359889,"2022",0,0,0,"Close",5,1,0,0,1
"5637","Saddiq Bey",4397136,401359889,"2022",0,11.1803398874989,0,"Midrange",6,0,1,0,1
"5638","Saddiq Bey",4397136,401359889,"2022",0,25.4950975679639,0,"ThreePoint",7,0,0,1,1
"5639","Saddiq Bey",4397136,401359889,"2022",1,3.60555127546399,0,"Close",8,0,0,0,0
"5640","Saddiq Bey",4397136,401359889,"2022",1,26.0768096208106,0,"ThreePoint",9,1,0,0,1
"5641","Saddiq Bey",4397136,401359889,"2022",1,1.4142135623731,0,"Close",10,1,1,0,2
"5642","Saddiq Bey",4397136,401359889,"2022",1,23.1948270094864,1,"ThreePoint",11,1,1,1,3
"5643","Saddiq Bey",4397136,401359889,"2022",1,27.3130005674953,1,"ThreePoint",12,1,1,1,3
"5644","Saddiq Bey",4397136,401359889,"2022",1,25.6124969497314,1,"ThreePoint",13,1,1,1,3
"5645","Saddiq Bey",4397136,401359889,"2022",0,27.5136329843952,1,"ThreePoint",14,1,1,1,3
"5646","Scottie Barnes",4433134,401468588,"2023",1,0,0,"Close",1,NA,NA,NA,NA
"5647","Scottie Barnes",4433134,401468588,"2023",0,2.23606797749979,0,"Close",2,1,NA,NA,NA
"5648","Scottie Barnes",4433134,401468588,"2023",0,5.3851648071345,0,"Close",3,0,1,NA,NA
"5649","Scottie Barnes",4433134,401468588,"2023",0,5,0,"Close",4,0,0,1,1
"5650","Scottie Barnes",4433134,401468588,"2023",0,3.60555127546399,0,"Close",5,0,0,0,0
"5651","Scottie Barnes",4433134,401468588,"2023",1,2.82842712474619,0,"Close",6,0,0,0,0
"5652","Scottie Barnes",4433134,401468588,"2023",0,6.40312423743285,0,"Close",7,1,0,0,1
"5653","Scottie Barnes",4433134,401468588,"2023",0,4.47213595499958,0,"Close",8,0,1,0,1
"5654","Scottie Barnes",4433134,401468588,"2023",0,9.21954445729289,0,"Midrange",9,0,0,1,1
"5655","Scottie Barnes",4433134,401468588,"2023",0,24.3310501211929,0,"ThreePoint",10,0,0,0,0
"5656","Scottie Barnes",4433134,401468588,"2023",0,23.7697286480094,0,"ThreePoint",11,0,0,0,0
"5657","Scottie Barnes",4433134,401468588,"2023",0,11.4017542509914,0,"Midrange",12,0,0,0,0
"5658","Scottie Barnes",4433134,401468588,"2023",1,1.4142135623731,0,"Close",13,0,0,0,0
"5659","Scottie Barnes",4433134,401468588,"2023",1,4.24264068711928,0,"Close",14,1,0,0,1
"5660","Scottie Barnes",4433134,401468588,"2023",1,5.09901951359278,0,"Close",15,1,1,0,2
"5661","Scottie Barnes",4433134,401468588,"2023",1,2.23606797749979,1,"Close",16,1,1,1,3
"5662","Scottie Barnes",4433134,401468588,"2023",1,2.23606797749979,1,"Close",17,1,1,1,3
"5663","Scottie Barnes",4433134,401468588,"2023",1,3.16227766016838,1,"Close",18,1,1,1,3
"5664","Serge Ibaka",3439,400899742,"2017",1,26,0,"ThreePoint",1,NA,NA,NA,NA
"5665","Serge Ibaka",3439,400899742,"2017",1,6.32455532033676,0,"Close",2,1,NA,NA,NA
"5666","Serge Ibaka",3439,400899742,"2017",1,10.0498756211209,0,"Midrange",3,1,1,NA,NA
"5667","Serge Ibaka",3439,400899742,"2017",0,26.4196896272458,1,"ThreePoint",4,1,1,1,3
"5668","Serge Ibaka",3439,400899742,"2017",1,16.4924225024706,0,"Midrange",5,0,1,1,2
"5669","Serge Ibaka",3439,400899742,"2017",1,18.7882942280559,0,"Midrange",6,1,0,1,2
"5670","Serge Ibaka",3439,400899742,"2017",1,10.4403065089106,0,"Midrange",7,1,1,0,2
"5671","Serge Ibaka",3439,400899742,"2017",0,25.8069758011279,1,"ThreePoint",8,1,1,1,3
"5672","Serge Ibaka",3439,400899742,"2017",1,0,0,"Close",9,0,1,1,2
"5673","Serge Ibaka",3439,400899742,"2017",1,16.4012194668567,0,"Midrange",10,1,0,1,2
"5674","Serge Ibaka",3439,400899742,"2017",1,26.0768096208106,0,"ThreePoint",11,1,1,0,2
"5675","Shai Gilgeous-Alexander",4278073,401160983,"2020",0,16.0312195418814,0,"Midrange",1,NA,NA,NA,NA
"5676","Shai Gilgeous-Alexander",4278073,401160983,"2020",0,4.47213595499958,0,"Close",2,0,NA,NA,NA
"5677","Shai Gilgeous-Alexander",4278073,401160983,"2020",0,4.24264068711928,0,"Close",3,0,0,NA,NA
"5678","Shai Gilgeous-Alexander",4278073,401160983,"2020",1,25.0599281722833,0,"ThreePoint",4,0,0,0,0
"5679","Shai Gilgeous-Alexander",4278073,401160983,"2020",0,2,0,"Close",5,1,0,0,1
"5680","Shai Gilgeous-Alexander",4278073,401160983,"2020",0,25,0,"ThreePoint",6,0,1,0,1
"5681","Shai Gilgeous-Alexander",4278073,401160983,"2020",0,2.23606797749979,0,"Close",7,0,0,1,1
"5682","Shai Gilgeous-Alexander",4278073,401160983,"2020",0,6,0,"Close",8,0,0,0,0
"5683","Shai Gilgeous-Alexander",4278073,401160983,"2020",0,8.54400374531753,0,"Midrange",9,0,0,0,0
"5684","Shai Gilgeous-Alexander",4278073,401160983,"2020",0,25.6124969497314,0,"ThreePoint",10,0,0,0,0
"5685","Shai Gilgeous-Alexander",4278073,401160983,"2020",1,10,0,"Midrange",11,0,0,0,0
"5686","Shai Gilgeous-Alexander",4278073,401160983,"2020",1,4,0,"Close",12,1,0,0,1
"5687","Shai Gilgeous-Alexander",4278073,401160983,"2020",1,25.4950975679639,0,"ThreePoint",13,1,1,0,2
"5688","Shai Gilgeous-Alexander",4278073,401160983,"2020",1,4.12310562561766,1,"Close",14,1,1,1,3
"5689","Shai Gilgeous-Alexander",4278073,401524696,"2023",0,2.82842712474619,0,"Close",1,NA,NA,NA,NA
"5690","Shai Gilgeous-Alexander",4278073,401524696,"2023",1,25.0599281722833,0,"ThreePoint",2,0,NA,NA,NA
"5691","Shai Gilgeous-Alexander",4278073,401524696,"2023",1,2.23606797749979,0,"Close",3,1,0,NA,NA
"5692","Shai Gilgeous-Alexander",4278073,401524696,"2023",1,5,0,"Close",4,1,1,0,2
"5693","Shai Gilgeous-Alexander",4278073,401524696,"2023",1,2.23606797749979,1,"Close",5,1,1,1,3
"5694","Shai Gilgeous-Alexander",4278073,401703424,"2025",0,2.82842712474619,0,"Close",1,NA,NA,NA,NA
"5695","Shai Gilgeous-Alexander",4278073,401703424,"2025",0,16.2788205960997,0,"Midrange",2,0,NA,NA,NA
"5696","Shai Gilgeous-Alexander",4278073,401703424,"2025",1,14.0356688476182,0,"Midrange",3,0,0,NA,NA
"5697","Shai Gilgeous-Alexander",4278073,401703424,"2025",0,26.9258240356725,0,"ThreePoint",4,1,0,0,1
"5698","Shai Gilgeous-Alexander",4278073,401703424,"2025",1,1,0,"Close",5,0,1,0,1
"5699","Shai Gilgeous-Alexander",4278073,401703424,"2025",0,25.5538646783613,0,"ThreePoint",6,1,0,1,2
"5700","Shai Gilgeous-Alexander",4278073,401703424,"2025",0,3.60555127546399,0,"Close",7,0,1,0,1
"5701","Shai Gilgeous-Alexander",4278073,401703424,"2025",0,24.5967477524977,0,"ThreePoint",8,0,0,1,1
"5702","Shai Gilgeous-Alexander",4278073,401703424,"2025",1,2.23606797749979,0,"Close",9,0,0,0,0
"5703","Shai Gilgeous-Alexander",4278073,401703424,"2025",1,1.4142135623731,0,"Close",10,1,0,0,1
"5704","Shai Gilgeous-Alexander",4278073,401703424,"2025",0,26.2488094968134,0,"ThreePoint",11,1,1,0,2
"5705","Shai Gilgeous-Alexander",4278073,401703424,"2025",0,2.82842712474619,0,"Close",12,0,1,1,2
"5706","Shai Gilgeous-Alexander",4278073,401703424,"2025",1,26.2488094968134,0,"ThreePoint",13,0,0,1,1
"5707","Shai Gilgeous-Alexander",4278073,401703424,"2025",1,16.1245154965971,0,"Midrange",14,1,0,0,1
"5708","Shai Gilgeous-Alexander",4278073,401703424,"2025",1,23.1948270094864,0,"ThreePoint",15,1,1,0,2
"5709","Shai Gilgeous-Alexander",4278073,401703424,"2025",1,9.4339811320566,1,"Midrange",16,1,1,1,3
"5710","Shai Gilgeous-Alexander",4278073,401703424,"2025",1,18.0277563773199,1,"Midrange",17,1,1,1,3
"5711","Shai Gilgeous-Alexander",4278073,401703424,"2025",1,16.4012194668567,1,"Midrange",18,1,1,1,3
"5712","Shai Gilgeous-Alexander",4278073,401703424,"2025",1,1.4142135623731,1,"Close",19,1,1,1,3
"5713","Spencer Dinwiddie",2580782,401469033,"2023",1,26.4007575648882,0,"ThreePoint",1,NA,NA,NA,NA
"5714","Spencer Dinwiddie",2580782,401469033,"2023",0,24.3515913237718,0,"ThreePoint",2,1,NA,NA,NA
"5715","Spencer Dinwiddie",2580782,401469033,"2023",1,27.5136329843952,0,"ThreePoint",3,0,1,NA,NA
"5716","Spencer Dinwiddie",2580782,401469033,"2023",1,25.4950975679639,0,"ThreePoint",4,1,0,1,2
"5717","Stephen Curry",3975,400900055,"2017",0,8.06225774829855,0,"Midrange",1,NA,NA,NA,NA
"5718","Stephen Curry",3975,400900055,"2017",1,29.0172362570938,0,"ThreePoint",2,0,NA,NA,NA
"5719","Stephen Curry",3975,400900055,"2017",1,3,0,"Close",3,1,0,NA,NA
"5720","Stephen Curry",3975,400900055,"2017",1,0,0,"Close",4,1,1,0,2
"5721","Stephen Curry",3975,400900055,"2017",0,26.9258240356725,1,"ThreePoint",5,1,1,1,3
"5722","Stephen Curry",3975,400900055,"2017",1,3.16227766016838,0,"Close",6,0,1,1,2
"5723","Stephen Curry",3975,400900055,"2017",0,22.4722050542442,0,"ThreePoint",7,1,0,1,2
"5724","Stephen Curry",3975,400900055,"2017",0,0,0,"Close",8,0,1,0,1
"5725","Stephen Curry",3975,400900055,"2017",0,2.23606797749979,0,"Close",9,0,0,1,1
"5726","Stephen Curry",3975,400900055,"2017",1,2,0,"Close",10,0,0,0,0
"5727","Stephen Curry",3975,400900055,"2017",0,28.2842712474619,0,"ThreePoint",11,1,0,0,1
"5728","Stephen Curry",3975,400900055,"2017",1,1.4142135623731,0,"Close",12,0,1,0,1
"5729","Stephen Curry",3975,400900055,"2017",0,52.0384473250308,0,"ThreePoint",13,1,0,1,2
"5730","Stephen Curry",3975,400900055,"2017",1,28.0713376952364,0,"ThreePoint",14,0,1,0,1
"5731","Stephen Curry",3975,400900055,"2017",1,0,0,"Close",15,1,0,1,2
"5732","Stephen Curry",3975,400900055,"2017",0,1.4142135623731,0,"Close",16,1,1,0,2
"5733","Stephen Curry",3975,400900055,"2017",0,2,0,"Close",17,0,1,1,2
"5734","Stephen Curry",3975,400900055,"2017",0,27.0185121722126,0,"ThreePoint",18,0,0,1,1
"5735","Stephen Curry",3975,400900055,"2017",1,1,0,"Close",19,0,0,0,0
"5736","Stephen Curry",3975,400935635,"2017",1,26.1725046566048,0,"ThreePoint",1,NA,NA,NA,NA
"5737","Stephen Curry",3975,400935635,"2017",1,24.6981780704569,0,"ThreePoint",2,1,NA,NA,NA
"5738","Stephen Curry",3975,400935635,"2017",0,23.0867927612304,0,"ThreePoint",3,1,1,NA,NA
"5739","Stephen Curry",3975,400935635,"2017",0,23.0867927612304,0,"ThreePoint",4,0,1,1,2
"5740","Stephen Curry",3975,400935635,"2017",0,33.6005952328229,0,"ThreePoint",5,0,0,1,1
"5741","Stephen Curry",3975,400935635,"2017",1,2,0,"Close",6,0,0,0,0
"5742","Stephen Curry",3975,400935635,"2017",1,27.6586333718787,0,"ThreePoint",7,1,0,0,1
"5743","Stephen Curry",3975,400935635,"2017",1,25.9422435421457,0,"ThreePoint",8,1,1,0,2
"5744","Stephen Curry",3975,400935635,"2017",0,41,1,"ThreePoint",9,1,1,1,3
"5745","Stephen Curry",3975,400935635,"2017",1,1.4142135623731,0,"Close",10,0,1,1,2
"5746","Stephen Curry",3975,400935635,"2017",0,2,0,"Close",11,1,0,1,2
"5747","Stephen Curry",3975,400935635,"2017",0,25.9422435421457,0,"ThreePoint",12,0,1,0,1
"5748","Stephen Curry",3975,400935635,"2017",1,0,0,"Close",13,0,0,1,1
"5749","Stephen Curry",3975,400935635,"2017",0,2,0,"Close",14,1,0,0,1
"5750","Stephen Curry",3975,400935635,"2017",1,28.3019433961698,0,"ThreePoint",15,0,1,0,1
"5751","Stephen Curry",3975,400935635,"2017",0,29.0172362570938,0,"ThreePoint",16,1,0,1,2
"5752","Stephen Curry",3975,401070240,"2019",0,27.8028775489157,0,"ThreePoint",1,NA,NA,NA,NA
"5753","Stephen Curry",3975,401070240,"2019",1,28.8444102037119,0,"ThreePoint",2,0,NA,NA,NA
"5754","Stephen Curry",3975,401070240,"2019",0,25.9422435421457,0,"ThreePoint",3,1,0,NA,NA
"5755","Stephen Curry",3975,401070240,"2019",0,24.3515913237718,0,"ThreePoint",4,0,1,0,1
"5756","Stephen Curry",3975,401070240,"2019",1,2.23606797749979,0,"Close",5,0,0,1,1
"5757","Stephen Curry",3975,401070240,"2019",0,25.6124969497314,0,"ThreePoint",6,1,0,0,1
"5758","Stephen Curry",3975,401070240,"2019",0,24,0,"ThreePoint",7,0,1,0,1
"5759","Stephen Curry",3975,401070240,"2019",0,39.2045915678253,0,"ThreePoint",8,0,0,1,1
"5760","Stephen Curry",3975,401070240,"2019",1,23,0,"ThreePoint",9,0,0,0,0
"5761","Stephen Curry",3975,401070240,"2019",0,22,0,"Midrange",10,1,0,0,1
"5762","Stephen Curry",3975,401070240,"2019",0,24.8394846967484,0,"ThreePoint",11,0,1,0,1
"5763","Stephen Curry",3975,401070240,"2019",0,19.2093727122985,0,"Midrange",12,0,0,1,1
"5764","Stephen Curry",3975,401098037,"2019",0,26.9072480941474,0,"ThreePoint",1,NA,NA,NA,NA
"5765","Stephen Curry",3975,401098037,"2019",0,27.0185121722126,0,"ThreePoint",2,0,NA,NA,NA
"5766","Stephen Curry",3975,401098037,"2019",0,27.3130005674953,0,"ThreePoint",3,0,0,NA,NA
"5767","Stephen Curry",3975,401098037,"2019",0,26.0768096208106,0,"ThreePoint",4,0,0,0,0
"5768","Stephen Curry",3975,401098037,"2019",0,2,0,"Close",5,0,0,0,0
"5769","Stephen Curry",3975,401098037,"2019",1,29.0688837074973,0,"ThreePoint",6,0,0,0,0
"5770","Stephen Curry",3975,401098037,"2019",1,25.6124969497314,0,"ThreePoint",7,1,0,0,1
"5771","Stephen Curry",3975,401098037,"2019",0,21.0237960416286,0,"Midrange",8,1,1,0,2
"5772","Stephen Curry",3975,401098037,"2019",1,31.3847096529504,0,"ThreePoint",9,0,1,1,2
"5773","Stephen Curry",3975,401098037,"2019",0,33.5410196624968,0,"ThreePoint",10,1,0,1,2
"5774","Stephen Curry",3975,401098037,"2019",0,1,0,"Close",11,0,1,0,1
"5775","Stephen Curry",3975,401098037,"2019",0,27.2946881279124,0,"ThreePoint",12,0,0,1,1
"5776","Stephen Curry",3975,401098037,"2019",1,29,0,"ThreePoint",13,0,0,0,0
"5777","Stephen Curry",3975,401098037,"2019",1,1.4142135623731,0,"Close",14,1,0,0,1
"5778","Stephen Curry",3975,401098037,"2019",0,33.5261092284804,0,"ThreePoint",15,1,1,0,2
"5779","Stephen Curry",3975,401098037,"2019",0,4.47213595499958,0,"Close",16,0,1,1,2
"5780","Stephen Curry",3975,401098037,"2019",0,24.7588368062799,0,"ThreePoint",17,0,0,1,1
"5781","Stephen Curry",3975,401098037,"2019",0,25.4950975679639,0,"ThreePoint",18,0,0,0,0
"5782","Stephen Curry",3975,401098037,"2019",0,25,0,"ThreePoint",19,0,0,0,0
"5783","Stephen Curry",3975,401098037,"2019",0,25.8069758011279,0,"ThreePoint",20,0,0,0,0
"5784","Stephen Curry",3975,401098037,"2019",0,26,0,"ThreePoint",21,0,0,0,0
"5785","Stephen Curry",3975,401098037,"2019",0,30.0665927567458,0,"ThreePoint",22,0,0,0,0
"5786","Stephen Curry",3975,401098037,"2019",1,2,0,"Close",23,0,0,0,0
"5787","Stephen Curry",3975,401306581,"2021",0,2.23606797749979,0,"Close",1,NA,NA,NA,NA
"5788","Stephen Curry",3975,401306581,"2021",0,26.4764045897475,0,"ThreePoint",2,0,NA,NA,NA
"5789","Stephen Curry",3975,401306581,"2021",1,24.1867732448956,0,"ThreePoint",3,0,0,NA,NA
"5790","Stephen Curry",3975,401306581,"2021",1,23.0217288664427,0,"ThreePoint",4,1,0,0,1
"5791","Stephen Curry",3975,401306581,"2021",0,23.5372045918796,0,"ThreePoint",5,1,1,0,2
"5792","Stephen Curry",3975,401306581,"2021",1,34.0147027033899,0,"ThreePoint",6,0,1,1,2
"5793","Stephen Curry",3975,401306581,"2021",1,25.2388589282479,0,"ThreePoint",7,1,0,1,2
"5794","Stephen Curry",3975,401306581,"2021",1,34.0587727318528,0,"ThreePoint",8,1,1,0,2
"5795","Stephen Curry",3975,401306581,"2021",1,21.1896201004171,1,"Midrange",9,1,1,1,3
"5796","Stephen Curry",3975,401306581,"2021",1,2,1,"Close",10,1,1,1,3
"5797","Stephen Curry",3975,401306581,"2021",1,42.3792402008342,1,"ThreePoint",11,1,1,1,3
"5798","Stephen Curry",3975,401306581,"2021",0,27.2029410174709,1,"ThreePoint",12,1,1,1,3
"5799","Stephen Curry",3975,401306581,"2021",0,25.9615099714943,0,"ThreePoint",13,0,1,1,2
"5800","Stephen Curry",3975,401306581,"2021",0,25.1793566240283,0,"ThreePoint",14,0,0,1,1
"5801","Stephen Curry",3975,401306581,"2021",1,23.0867927612304,0,"ThreePoint",15,0,0,0,0
"5802","Stephen Curry",3975,401306581,"2021",0,25.4950975679639,0,"ThreePoint",16,1,0,0,1
"5803","Stephen Curry",3975,401306581,"2021",1,24.8394846967484,0,"ThreePoint",17,0,1,0,1
"5804","Stephen Curry",3975,401306581,"2021",0,25.4950975679639,0,"ThreePoint",18,1,0,1,2
"5805","Stephen Curry",3975,401306581,"2021",0,27,0,"ThreePoint",19,0,1,0,1
"5806","Stephen Curry",3975,401359993,"2022",0,27.2029410174709,0,"ThreePoint",1,NA,NA,NA,NA
"5807","Stephen Curry",3975,401359993,"2022",0,6.40312423743285,0,"Close",2,0,NA,NA,NA
"5808","Stephen Curry",3975,401359993,"2022",1,28.1602556806574,0,"ThreePoint",3,0,0,NA,NA
"5809","Stephen Curry",3975,401359993,"2022",1,30.4630924234556,0,"ThreePoint",4,1,0,0,1
"5810","Stephen Curry",3975,401359993,"2022",1,5,0,"Close",5,1,1,0,2
"5811","Stephen Curry",3975,401359993,"2022",0,24.0416305603426,1,"ThreePoint",6,1,1,1,3
"5812","Stephen Curry",3975,401359993,"2022",1,2.23606797749979,0,"Close",7,0,1,1,2
"5813","Stephen Curry",3975,401359993,"2022",1,5.65685424949238,0,"Close",8,1,0,1,2
"5814","Stephen Curry",3975,401359993,"2022",0,27.5862284482674,0,"ThreePoint",9,1,1,0,2
"5815","Stephen Curry",3975,401359993,"2022",1,19.723082923316,0,"Midrange",10,0,1,1,2
"5816","Stephen Curry",3975,401359993,"2022",0,30.6104557300279,0,"ThreePoint",11,1,0,1,2
"5817","Stephen Curry",3975,401359993,"2022",1,26.2488094968134,0,"ThreePoint",12,0,1,0,1
"5818","Stephen Curry",3975,401359993,"2022",0,27.0185121722126,0,"ThreePoint",13,1,0,1,2
"5819","Stephen Curry",3975,401359993,"2022",0,28.3019433961698,0,"ThreePoint",14,0,1,0,1
"5820","Stephen Curry",3975,401359993,"2022",1,22.1359436211787,0,"ThreePoint",15,0,0,1,1
"5821","Stephen Curry",3975,401359993,"2022",0,3.60555127546399,0,"Close",16,1,0,0,1
"5822","Stephen Curry",3975,401360604,"2022",1,26.4007575648882,0,"ThreePoint",1,NA,NA,NA,NA
"5823","Stephen Curry",3975,401360604,"2022",1,27.8926513619627,0,"ThreePoint",2,1,NA,NA,NA
"5824","Stephen Curry",3975,401360604,"2022",1,4.12310562561766,0,"Close",3,1,1,NA,NA
"5825","Stephen Curry",3975,401360604,"2022",0,26.4007575648882,1,"ThreePoint",4,1,1,1,3
"5826","Stephen Curry",3975,401360604,"2022",0,21.3775583264319,0,"Midrange",5,0,1,1,2
"5827","Stephen Curry",3975,401360604,"2022",1,26.6270539113887,0,"ThreePoint",6,0,0,1,1
"5828","Stephen Curry",3975,401360604,"2022",0,25.4950975679639,0,"ThreePoint",7,1,0,0,1
"5829","Stephen Curry",3975,401360604,"2022",0,26.1725046566048,0,"ThreePoint",8,0,1,0,1
"5830","Stephen Curry",3975,401360604,"2022",1,6,0,"Close",9,0,0,1,1
"5831","Stephen Curry",3975,401360604,"2022",1,27.8028775489157,0,"ThreePoint",10,1,0,0,1
"5832","Stephen Curry",3975,401360604,"2022",1,3.60555127546399,0,"Close",11,1,1,0,2
"5833","Stephen Curry",3975,401410564,"2022",1,22.0227155455452,0,"ThreePoint",1,NA,NA,NA,NA
"5834","Stephen Curry",3975,401410564,"2022",0,34.2052627529741,0,"ThreePoint",2,1,NA,NA,NA
"5835","Stephen Curry",3975,401410564,"2022",0,1,0,"Close",3,0,1,NA,NA
"5836","Stephen Curry",3975,401410564,"2022",1,26.8328157299975,0,"ThreePoint",4,0,0,1,1
"5837","Stephen Curry",3975,401410564,"2022",0,31.1126983722081,0,"ThreePoint",5,1,0,0,1
"5838","Stephen Curry",3975,401410564,"2022",1,25.298221281347,0,"ThreePoint",6,0,1,0,1
"5839","Stephen Curry",3975,401410564,"2022",1,32,0,"ThreePoint",7,1,0,1,2
"5840","Stephen Curry",3975,401410564,"2022",1,36.8917334913934,0,"ThreePoint",8,1,1,0,2
"5841","Stephen Curry",3975,401410564,"2022",1,23,1,"ThreePoint",9,1,1,1,3
"5842","Stephen Curry",3975,401410564,"2022",0,37.5765884561119,1,"ThreePoint",10,1,1,1,3
"5843","Stephen Curry",3975,401410564,"2022",1,28.0713376952364,0,"ThreePoint",11,0,1,1,2
"5844","Stephen Curry",3975,401410564,"2022",1,33.3016516106934,0,"ThreePoint",12,1,0,1,2
"5845","Stephen Curry",3975,401410564,"2022",0,25.2388589282479,0,"ThreePoint",13,1,1,0,2
"5846","Stephen Curry",3975,401410564,"2022",1,25.8069758011279,0,"ThreePoint",14,0,1,1,2
"5847","Stephen Curry",3975,401410564,"2022",1,25.3179778023443,0,"ThreePoint",15,1,0,1,2
"5848","Stephen Curry",3975,401410564,"2022",1,36.6742416417845,0,"ThreePoint",16,1,1,0,2
"5849","Stephen Curry",3975,401410564,"2022",1,33.0151480384384,1,"ThreePoint",17,1,1,1,3
"5850","Stephen Curry",3975,401410564,"2022",1,25,1,"ThreePoint",18,1,1,1,3
"5851","Stephen Curry",3975,401410564,"2022",0,42.9534631898291,1,"ThreePoint",19,1,1,1,3
"5852","Stephen Curry",3975,401410564,"2022",1,34.0147027033899,0,"ThreePoint",20,0,1,1,2
"5853","Stephen Curry",3975,401410564,"2022",0,25.4950975679639,0,"ThreePoint",21,1,0,1,2
"5854","Stephen Curry",3975,401410564,"2022",1,24.0208242989286,0,"ThreePoint",22,0,1,0,1
"5855","Stephen Curry",3975,401410564,"2022",1,34.132096331752,0,"ThreePoint",23,1,0,1,2
"5856","Stephen Curry",3975,401410564,"2022",1,17,0,"Midrange",24,1,1,0,2
"5857","Stephen Curry",3975,401410564,"2022",0,25.6124969497314,1,"ThreePoint",25,1,1,1,3
"5858","Stephen Curry",3975,401410564,"2022",0,24.1867732448956,0,"ThreePoint",26,0,1,1,2
"5859","Stephen Curry",3975,401410564,"2022",0,31.7647603485372,0,"ThreePoint",27,0,0,1,1
"5860","Stephen Curry",3975,401410564,"2022",0,12.1655250605964,0,"Midrange",28,0,0,0,0
"5861","Stephen Curry",3975,401410564,"2022",0,37.2155881318568,0,"ThreePoint",29,0,0,0,0
"5862","Stephen Curry",3975,401410564,"2022",0,36.1386219991853,0,"ThreePoint",30,0,0,0,0
"5863","Stephen Curry",3975,401752956,"2025",1,13,0,"Midrange",1,NA,NA,NA,NA
"5864","Stephen Curry",3975,401752956,"2025",1,25.4950975679639,0,"ThreePoint",2,1,NA,NA,NA
"5865","Stephen Curry",3975,401752956,"2025",0,30.2654919008431,0,"ThreePoint",3,1,1,NA,NA
"5866","Stephen Curry",3975,401752956,"2025",1,32.2024843762092,0,"ThreePoint",4,0,1,1,2
"5867","Stephen Curry",3975,401752956,"2025",0,37.0135110466435,0,"ThreePoint",5,1,0,1,2
"5868","Stephen Curry",3975,401752956,"2025",0,25.4558441227157,0,"ThreePoint",6,0,1,0,1
"5869","Stephen Curry",3975,401752956,"2025",0,23,0,"ThreePoint",7,0,0,1,1
"5870","Stephen Curry",3975,401752956,"2025",0,30.2324329156619,0,"ThreePoint",8,0,0,0,0
"5871","Stephen Curry",3975,401752956,"2025",0,26.4196896272458,0,"ThreePoint",9,0,0,0,0
"5872","Stephon Castle",4845367,401752956,"2025",1,8.24621125123532,0,"Midrange",1,NA,NA,NA,NA
"5873","Stephon Castle",4845367,401752956,"2025",0,6.40312423743285,0,"Close",2,1,NA,NA,NA
"5874","Stephon Castle",4845367,401752956,"2025",0,11.1803398874989,0,"Midrange",3,0,1,NA,NA
"5875","Stephon Castle",4845367,401752956,"2025",1,2.82842712474619,0,"Close",4,0,0,1,1
"5876","Stephon Castle",4845367,401752956,"2025",0,29.2061637330205,0,"ThreePoint",5,1,0,0,1
"5877","Stephon Castle",4845367,401752956,"2025",1,4.47213595499958,0,"Close",6,0,1,0,1
"5878","Stephon Castle",4845367,401752956,"2025",0,26.9072480941474,0,"ThreePoint",7,1,0,1,2
"5879","T.J. Warren",2982334,401160739,"2020",1,2,0,"Close",1,NA,NA,NA,NA
"5880","T.J. Warren",2982334,401160739,"2020",1,11,0,"Midrange",2,1,NA,NA,NA
"5881","T.J. Warren",2982334,401160739,"2020",1,15.2643375224737,0,"Midrange",3,1,1,NA,NA
"5882","T.J. Warren",2982334,401160739,"2020",1,15.1327459504216,1,"Midrange",4,1,1,1,3
"5883","T.J. Warren",2982334,401160739,"2020",0,19.2353840616713,1,"Midrange",5,1,1,1,3
"5884","T.J. Warren",2982334,401160739,"2020",1,1,0,"Close",6,0,1,1,2
"5885","T.J. Warren",2982334,401160739,"2020",1,23,0,"ThreePoint",7,1,0,1,2
"5886","T.J. Warren",2982334,401160739,"2020",1,1,0,"Close",8,1,1,0,2
"5887","T.J. Warren",2982334,401160739,"2020",1,15,1,"Midrange",9,1,1,1,3
"5888","T.J. Warren",2982334,401160739,"2020",1,1,1,"Close",10,1,1,1,3
"5889","T.J. Warren",2982334,401160739,"2020",1,13.6014705087354,1,"Midrange",11,1,1,1,3
"5890","T.J. Warren",2982334,401160739,"2020",1,6.40312423743285,1,"Close",12,1,1,1,3
"5891","T.J. Warren",2982334,401160739,"2020",1,17.2626765016321,1,"Midrange",13,1,1,1,3
"5892","T.J. Warren",2982334,401160739,"2020",1,17.7200451466693,1,"Midrange",14,1,1,1,3
"5893","T.J. Warren",2982334,401160739,"2020",1,23.1948270094864,1,"ThreePoint",15,1,1,1,3
"5894","T.J. Warren",2982334,401160739,"2020",1,2.23606797749979,1,"Close",16,1,1,1,3
"5895","T.J. Warren",2982334,401160739,"2020",0,13.3416640641263,1,"Midrange",17,1,1,1,3
"5896","T.J. Warren",2982334,401160739,"2020",0,3,0,"Close",18,0,1,1,2
"5897","Terrence Ross",6619,401070745,"2019",1,15.6524758424985,0,"Midrange",1,NA,NA,NA,NA
"5898","Terrence Ross",6619,401070745,"2019",1,20.8806130178211,0,"Midrange",2,1,NA,NA,NA
"5899","Terrence Ross",6619,401070745,"2019",0,17.0293863659264,0,"Midrange",3,1,1,NA,NA
"5900","Terrence Ross",6619,401070745,"2019",0,25.9422435421457,0,"ThreePoint",4,0,1,1,2
"5901","Terrence Ross",6619,401070745,"2019",1,19.4164878389476,0,"Midrange",5,0,0,1,1
"5902","Terrence Ross",6619,401070745,"2019",1,28.2311884269862,0,"ThreePoint",6,1,0,0,1
"5903","Terrence Ross",6619,401070745,"2019",1,24.0831891575846,0,"ThreePoint",7,1,1,0,2
"5904","Terrence Ross",6619,401070745,"2019",0,16.0312195418814,1,"Midrange",8,1,1,1,3
"5905","Terrence Ross",6619,401070745,"2019",0,23.0867927612304,0,"ThreePoint",9,0,1,1,2
"5906","Terrence Ross",6619,401070745,"2019",1,26.0768096208106,0,"ThreePoint",10,0,0,1,1
"5907","Terrence Ross",6619,401070745,"2019",1,22.0907220343745,0,"ThreePoint",11,1,0,0,1
"5908","Terrence Ross",6619,401070745,"2019",0,25.4558441227157,0,"ThreePoint",12,1,1,0,2
"5909","Terrence Ross",6619,401070745,"2019",1,25.9422435421457,0,"ThreePoint",13,0,1,1,2
"5910","Terrence Ross",6619,401070745,"2019",0,25.9422435421457,0,"ThreePoint",14,1,0,1,2
"5911","Terrence Ross",6619,401070908,"2019",1,16.4012194668567,0,"Midrange",1,NA,NA,NA,NA
"5912","Terrence Ross",6619,401070908,"2019",1,25.6320112359526,0,"ThreePoint",2,1,NA,NA,NA
"5913","Terrence Ross",6619,401070908,"2019",1,25.4558441227157,0,"ThreePoint",3,1,1,NA,NA
"5914","Terrence Ross",6619,401070908,"2019",0,13.6014705087354,1,"Midrange",4,1,1,1,3
"5915","Terrence Ross",6619,401070908,"2019",1,21.9544984001001,0,"Midrange",5,0,1,1,2
"5916","Terry Rozier",3074752,401160739,"2020",1,14,0,"Midrange",1,NA,NA,NA,NA
"5917","Terry Rozier",3074752,401160739,"2020",0,23.0867927612304,0,"ThreePoint",2,1,NA,NA,NA
"5918","Terry Rozier",3074752,401160739,"2020",0,10.4403065089106,0,"Midrange",3,0,1,NA,NA
"5919","Terry Rozier",3074752,401160739,"2020",0,2.82842712474619,0,"Close",4,0,0,1,1
"5920","Terry Rozier",3074752,401160739,"2020",1,25.4558441227157,0,"ThreePoint",5,0,0,0,0
"5921","Terry Rozier",3074752,401160739,"2020",1,25.9422435421457,0,"ThreePoint",6,1,0,0,1
"5922","Terry Rozier",3074752,401160739,"2020",1,2,0,"Close",7,1,1,0,2
"5923","Terry Rozier",3074752,401160739,"2020",0,23.0867927612304,1,"ThreePoint",8,1,1,1,3
"5924","Terry Rozier",3074752,401160739,"2020",0,3.16227766016838,0,"Close",9,0,1,1,2
"5925","Terry Rozier",3074752,401160739,"2020",1,13.9283882771841,0,"Midrange",10,0,0,1,1
"5926","Terry Rozier",3074752,401160739,"2020",1,2.82842712474619,0,"Close",11,1,0,0,1
"5927","Terry Rozier",3074752,401160739,"2020",0,25.3179778023443,0,"ThreePoint",12,1,1,0,2
"5928","Terry Rozier",3074752,401160739,"2020",1,25.0599281722833,0,"ThreePoint",13,0,1,1,2
"5929","Terry Rozier",3074752,401160739,"2020",0,13.0384048104053,0,"Midrange",14,1,0,1,2
"5930","Terry Rozier",3074752,401160739,"2020",0,6.32455532033676,0,"Close",15,0,1,0,1
"5931","Terry Rozier",3074752,401160739,"2020",0,22.8035085019828,0,"ThreePoint",16,0,0,1,1
"5932","Terry Rozier",3074752,401160739,"2020",0,1.4142135623731,0,"Close",17,0,0,0,0
"5933","Terry Rozier",3074752,401160739,"2020",0,12.0830459735946,0,"Midrange",18,0,0,0,0
"5934","Terry Rozier",3074752,401160739,"2020",0,25.298221281347,0,"ThreePoint",19,0,0,0,0
"5935","Terry Rozier",3074752,401361036,"2022",0,4.47213595499958,0,"Close",1,NA,NA,NA,NA
"5936","Terry Rozier",3074752,401361036,"2022",0,26.0768096208106,0,"ThreePoint",2,0,NA,NA,NA
"5937","Terry Rozier",3074752,401361036,"2022",0,18.3575597506858,0,"Midrange",3,0,0,NA,NA
"5938","Terry Rozier",3074752,401361036,"2022",1,24.738633753706,0,"ThreePoint",4,0,0,0,0
"5939","Terry Rozier",3074752,401361036,"2022",0,2.23606797749979,0,"Close",5,1,0,0,1
"5940","Terry Rozier",3074752,401361036,"2022",0,26.9258240356725,0,"ThreePoint",6,0,1,0,1
"5941","Terry Rozier",3074752,401361036,"2022",1,2,0,"Close",7,0,0,1,1
"5942","Terry Rozier",3074752,401361036,"2022",0,25.6124969497314,0,"ThreePoint",8,1,0,0,1
"5943","Terry Rozier",3074752,401361036,"2022",0,25.2388589282479,0,"ThreePoint",9,0,1,0,1
"5944","Terry Rozier",3074752,401361036,"2022",0,10.0498756211209,0,"Midrange",10,0,0,1,1
"5945","Terry Rozier",3074752,401361036,"2022",1,1,0,"Close",11,0,0,0,0
"5946","Terry Rozier",3074752,401361036,"2022",1,23.1948270094864,0,"ThreePoint",12,1,0,0,1
"5947","Terry Rozier",3074752,401361036,"2022",1,23,0,"ThreePoint",13,1,1,0,2
"5948","Terry Rozier",3074752,401361036,"2022",1,18.0277563773199,1,"Midrange",14,1,1,1,3
"5949","Terry Rozier",3074752,401361036,"2022",1,8.06225774829855,1,"Midrange",15,1,1,1,3
"5950","Terry Rozier",3074752,401361036,"2022",1,23,1,"ThreePoint",16,1,1,1,3
"5951","Terry Rozier",3074752,401361036,"2022",1,8,1,"Close",17,1,1,1,3
"5952","Terry Rozier",3074752,401361036,"2022",1,23,1,"ThreePoint",18,1,1,1,3
"5953","Tim Hardaway Jr.",2528210,401267559,"2021",0,25.2388589282479,0,"ThreePoint",1,NA,NA,NA,NA
"5954","Tim Hardaway Jr.",2528210,401267559,"2021",0,17.0293863659264,0,"Midrange",2,0,NA,NA,NA
"5955","Tim Hardaway Jr.",2528210,401267559,"2021",1,25.6124969497314,0,"ThreePoint",3,0,0,NA,NA
"5956","Tim Hardaway Jr.",2528210,401267559,"2021",0,24.0416305603426,0,"ThreePoint",4,1,0,0,1
"5957","Tim Hardaway Jr.",2528210,401267559,"2021",0,25.4950975679639,0,"ThreePoint",5,0,1,0,1
"5958","Tim Hardaway Jr.",2528210,401267559,"2021",1,23.3452350598575,0,"ThreePoint",6,0,0,1,1
"5959","Tim Hardaway Jr.",2528210,401267559,"2021",0,23.1948270094864,0,"ThreePoint",7,1,0,0,1
"5960","Tim Hardaway Jr.",2528210,401267559,"2021",1,3.60555127546399,0,"Close",8,0,1,0,1
"5961","Tobias Harris",6440,400899742,"2017",0,7.07106781186548,0,"Close",1,NA,NA,NA,NA
"5962","Tobias Harris",6440,400899742,"2017",1,0,0,"Close",2,0,NA,NA,NA
"5963","Tobias Harris",6440,400899742,"2017",0,25.5538646783613,0,"ThreePoint",3,1,0,NA,NA
"5964","Tobias Harris",6440,400899742,"2017",1,0,0,"Close",4,0,1,0,1
"5965","Tobias Harris",6440,400899742,"2017",0,25.4950975679639,0,"ThreePoint",5,1,0,1,2
"5966","Tobias Harris",6440,400899742,"2017",1,11.7046999107196,0,"Midrange",6,0,1,0,1
"5967","Tobias Harris",6440,400899742,"2017",0,13.6014705087354,0,"Midrange",7,1,0,1,2
"5968","Tobias Harris",6440,400899742,"2017",0,0,0,"Close",8,0,1,0,1
"5969","Tobias Harris",6440,400899742,"2017",0,14.8660687473185,0,"Midrange",9,0,0,1,1
"5970","Tobias Harris",6440,400899742,"2017",0,12.369316876853,0,"Midrange",10,0,0,0,0
"5971","Tobias Harris",6440,400899742,"2017",1,1,0,"Close",11,0,0,0,0
"5972","Tobias Harris",6440,400899742,"2017",1,26.6833281282527,0,"ThreePoint",12,1,0,0,1
"5973","Tobias Harris",6440,401359889,"2022",1,13.4164078649987,0,"Midrange",1,NA,NA,NA,NA
"5974","Tobias Harris",6440,401359889,"2022",1,13,0,"Midrange",2,1,NA,NA,NA
"5975","Tobias Harris",6440,401359889,"2022",1,1.4142135623731,0,"Close",3,1,1,NA,NA
"5976","Tobias Harris",6440,401359889,"2022",0,12.1655250605964,1,"Midrange",4,1,1,1,3
"5977","Tobias Harris",6440,401359889,"2022",0,25.4950975679639,0,"ThreePoint",5,0,1,1,2
"5978","Tobias Harris",6440,401359889,"2022",1,29.4108823397055,0,"ThreePoint",6,0,0,1,1
"5979","Tobias Harris",6440,401359889,"2022",0,27.3130005674953,0,"ThreePoint",7,1,0,0,1
"5980","Tobias Harris",6440,401359889,"2022",1,6.32455532033676,0,"Close",8,0,1,0,1
"5981","Tobias Harris",6440,401359889,"2022",1,1,0,"Close",9,1,0,1,2
"5982","Tobias Harris",6440,401359889,"2022",1,5.3851648071345,0,"Close",10,1,1,0,2
"5983","Tobias Harris",6440,401359889,"2022",0,5,1,"Close",11,1,1,1,3
"5984","Tobias Harris",6440,401359889,"2022",0,9.05538513813742,0,"Midrange",12,0,1,1,2
"5985","Tobias Harris",6440,401359889,"2022",0,27.7848879788996,0,"ThreePoint",13,0,0,1,1
"5986","Tobias Harris",6440,401360177,"2022",1,2,0,"Close",1,NA,NA,NA,NA
"5987","Tobias Harris",6440,401360177,"2022",0,25.4950975679639,0,"ThreePoint",2,1,NA,NA,NA
"5988","Tobias Harris",6440,401360177,"2022",0,3.16227766016838,0,"Close",3,0,1,NA,NA
"5989","Tobias Harris",6440,401360177,"2022",0,10.0498756211209,0,"Midrange",4,0,0,1,1
"5990","Tobias Harris",6440,401360177,"2022",1,7,0,"Close",5,0,0,0,0
"5991","Tobias Harris",6440,401360177,"2022",0,9.4339811320566,0,"Midrange",6,1,0,0,1
"5992","Tobias Harris",6440,401360177,"2022",0,4.12310562561766,0,"Close",7,0,1,0,1
"5993","Tobias Harris",6440,401360177,"2022",0,17.6918060129541,0,"Midrange",8,0,0,1,1
"5994","Tobias Harris",6440,401360177,"2022",1,2.23606797749979,0,"Close",9,0,0,0,0
"5995","Tobias Harris",6440,401360177,"2022",1,1.4142135623731,0,"Close",10,1,0,0,1
"5996","Tobias Harris",6440,401360177,"2022",0,26.9258240356725,0,"ThreePoint",11,1,1,0,2
"5997","Tobias Harris",6440,401360177,"2022",0,9.48683298050514,0,"Midrange",12,0,1,1,2
"5998","Tobias Harris",6440,401360177,"2022",1,26.1725046566048,0,"ThreePoint",13,0,0,1,1
"5999","Tobias Harris",6440,401360177,"2022",1,26.0192236625154,0,"ThreePoint",14,1,0,0,1
"6000","Tobias Harris",6440,401360177,"2022",0,12.8062484748657,0,"Midrange",15,1,1,0,2
"6001","Tobias Harris",6440,401360177,"2022",0,8.94427190999916,0,"Midrange",16,0,1,1,2
"6002","Tobias Harris",6440,401360177,"2022",0,26.2488094968134,0,"ThreePoint",17,0,0,1,1
"6003","Tobias Harris",6440,401360177,"2022",1,1,0,"Close",18,0,0,0,0
"6004","Trae Young",4277905,401410564,"2022",0,2.82842712474619,0,"Close",1,NA,NA,NA,NA
"6005","Trae Young",4277905,401410564,"2022",1,27.7848879788996,0,"ThreePoint",2,0,NA,NA,NA
"6006","Trae Young",4277905,401410564,"2022",0,37.7359245282264,0,"ThreePoint",3,1,0,NA,NA
"6007","Trae Young",4277905,401410564,"2022",0,26.0768096208106,0,"ThreePoint",4,0,1,0,1
"6008","Trae Young",4277905,401410564,"2022",0,39.8246155034798,0,"ThreePoint",5,0,0,1,1
"6009","Trae Young",4277905,401410564,"2022",1,1,0,"Close",6,0,0,0,0
"6010","Trae Young",4277905,401410564,"2022",0,19.0262975904404,0,"Midrange",7,1,0,0,1
"6011","Trae Young",4277905,401410564,"2022",0,24.4131112314674,0,"ThreePoint",8,0,1,0,1
"6012","Trae Young",4277905,401410564,"2022",1,26,0,"ThreePoint",9,0,0,1,1
"6013","Trae Young",4277905,401410564,"2022",1,23,0,"ThreePoint",10,1,0,0,1
"6014","Trae Young",4277905,401410564,"2022",1,1,0,"Close",11,1,1,0,2
"6015","Trae Young",4277905,401410564,"2022",0,24,1,"ThreePoint",12,1,1,1,3
"6016","Trae Young",4277905,401410564,"2022",0,33.0605505096331,0,"ThreePoint",13,0,1,1,2
"6017","Trae Young",4277905,401704916,"2025",0,33.0605505096331,0,"ThreePoint",1,NA,NA,NA,NA
"6018","Trae Young",4277905,401704916,"2025",0,11.1803398874989,0,"Midrange",2,0,NA,NA,NA
"6019","Trae Young",4277905,401704916,"2025",0,31.1448230047949,0,"ThreePoint",3,0,0,NA,NA
"6020","Trae Young",4277905,401704916,"2025",0,9.4339811320566,0,"Midrange",4,0,0,0,0
"6021","Trae Young",4277905,401704916,"2025",0,25.7099202643649,0,"ThreePoint",5,0,0,0,0
"6022","Trae Young",4277905,401704916,"2025",1,1,0,"Close",6,0,0,0,0
"6023","Trae Young",4277905,401704916,"2025",0,25.3179778023443,0,"ThreePoint",7,1,0,0,1
"6024","Trae Young",4277905,401704916,"2025",0,26.4007575648882,0,"ThreePoint",8,0,1,0,1
"6025","Trae Young",4277905,401704916,"2025",1,27.2029410174709,0,"ThreePoint",9,0,0,1,1
"6026","Trae Young",4277905,401704916,"2025",1,2,0,"Close",10,1,0,0,1
"6027","Trae Young",4277905,401704916,"2025",1,28.1780056072107,0,"ThreePoint",11,1,1,0,2
"6028","Trae Young",4277905,401704916,"2025",1,1,1,"Close",12,1,1,1,3
"6029","Trae Young",4277905,401704916,"2025",1,10.1980390271856,1,"Midrange",13,1,1,1,3
"6030","Tyrese Haliburton",4396993,401584799,"2024",0,27.2946881279124,0,"ThreePoint",1,NA,NA,NA,NA
"6031","Tyrese Haliburton",4396993,401584799,"2024",1,14,0,"Midrange",2,0,NA,NA,NA
"6032","Tyrese Haliburton",4396993,401584799,"2024",1,1,0,"Close",3,1,0,NA,NA
"6033","Tyrese Haliburton",4396993,401584799,"2024",1,26.0768096208106,0,"ThreePoint",4,1,1,0,2
"6034","Tyrese Haliburton",4396993,401584799,"2024",1,26.4007575648882,1,"ThreePoint",5,1,1,1,3
"6035","Tyrese Haliburton",4396993,401584799,"2024",0,11.6619037896906,1,"Midrange",6,1,1,1,3
"6036","Tyrese Haliburton",4396993,401584799,"2024",0,27,0,"ThreePoint",7,0,1,1,2
"6037","Tyrese Haliburton",4396993,401584799,"2024",1,29.5465734053883,0,"ThreePoint",8,0,0,1,1
"6038","Tyrese Haliburton",4396993,401584799,"2024",1,2.23606797749979,0,"Close",9,1,0,0,1
"6039","Tyrese Haliburton",4396993,401584799,"2024",0,20.2484567313166,0,"Midrange",10,1,1,0,2
"6040","Tyrese Haliburton",4396993,401584799,"2024",0,14.3178210632764,0,"Midrange",11,0,1,1,2
"6041","Tyrese Haliburton",4396993,401584799,"2024",0,26.2488094968134,0,"ThreePoint",12,0,0,1,1
"6042","Tyrese Haliburton",4396993,401584799,"2024",0,25.1793566240283,0,"ThreePoint",13,0,0,0,0
"6043","Tyrese Haliburton",4396993,401584799,"2024",1,2.23606797749979,0,"Close",14,0,0,0,0
"6044","Tyrese Haliburton",4396993,401584799,"2024",1,29.2745623366089,0,"ThreePoint",15,1,0,0,1
"6045","Tyrese Haliburton",4396993,401584799,"2024",1,3.60555127546399,0,"Close",16,1,1,0,2
"6046","Tyrese Haliburton",4396993,401584799,"2024",1,26.2488094968134,1,"ThreePoint",17,1,1,1,3
"6047","Tyrese Maxey",4431678,401359889,"2022",1,3.60555127546399,0,"Close",1,NA,NA,NA,NA
"6048","Tyrese Maxey",4431678,401359889,"2022",1,3.60555127546399,0,"Close",2,1,NA,NA,NA
"6049","Tyrese Maxey",4431678,401359889,"2022",1,23.0867927612304,0,"ThreePoint",3,1,1,NA,NA
"6050","Tyrese Maxey",4431678,401359889,"2022",0,2.23606797749979,1,"Close",4,1,1,1,3
"6051","Tyrese Maxey",4431678,401359889,"2022",1,1.4142135623731,0,"Close",5,0,1,1,2
"6052","Tyrese Maxey",4431678,401359889,"2022",1,3,0,"Close",6,1,0,1,2
"6053","Tyrese Maxey",4431678,401359889,"2022",1,26.4196896272458,0,"ThreePoint",7,1,1,0,2
"6054","Tyrese Maxey",4431678,401359889,"2022",0,5.09901951359278,1,"Close",8,1,1,1,3
"6055","Tyrese Maxey",4431678,401585680,"2024",0,29.0688837074973,0,"ThreePoint",1,NA,NA,NA,NA
"6056","Tyrese Maxey",4431678,401585680,"2024",0,2.23606797749979,0,"Close",2,0,NA,NA,NA
"6057","Tyrese Maxey",4431678,401585680,"2024",0,3.60555127546399,0,"Close",3,0,0,NA,NA
"6058","Tyrese Maxey",4431678,401585680,"2024",1,3.16227766016838,0,"Close",4,0,0,0,0
"6059","Tyrese Maxey",4431678,401585680,"2024",0,26.6270539113887,0,"ThreePoint",5,1,0,0,1
"6060","Tyrese Maxey",4431678,401585680,"2024",0,9.21954445729289,0,"Midrange",6,0,1,0,1
"6061","Tyrese Maxey",4431678,401585680,"2024",1,5.8309518948453,0,"Close",7,0,0,1,1
"6062","Tyrese Maxey",4431678,401585680,"2024",0,26.6270539113887,0,"ThreePoint",8,1,0,0,1
"6063","Tyrese Maxey",4431678,401585680,"2024",1,27.8567765543682,0,"ThreePoint",9,0,1,0,1
"6064","Tyrese Maxey",4431678,401585680,"2024",1,7.07106781186548,0,"Close",10,1,0,1,2
"6065","Tyrese Maxey",4431678,401585680,"2024",0,17.464249196573,0,"Midrange",11,1,1,0,2
"6066","Tyrese Maxey",4431678,401585680,"2024",0,5.65685424949238,0,"Close",12,0,1,1,2
"6067","Tyrese Maxey",4431678,401585680,"2024",1,2.23606797749979,0,"Close",13,0,0,1,1
"6068","Tyrese Maxey",4431678,401585680,"2024",1,26.0768096208106,0,"ThreePoint",14,1,0,0,1
"6069","Tyrese Maxey",4431678,401585680,"2024",0,2.23606797749979,0,"Close",15,1,1,0,2
"6070","Tyrese Maxey",4431678,401585680,"2024",1,18.6815416922694,0,"Midrange",16,0,1,1,2
"6071","Tyrese Maxey",4431678,401585680,"2024",1,29.5296461204668,0,"ThreePoint",17,1,0,1,2
"6072","Tyrese Maxey",4431678,401585680,"2024",0,30.4630924234556,0,"ThreePoint",18,1,1,0,2
"6073","Tyrese Maxey",4431678,401585680,"2024",1,1,0,"Close",19,0,1,1,2
"6074","Tyrese Maxey",4431678,401585680,"2024",0,27.459060435492,0,"ThreePoint",20,1,0,1,2
"6075","Victor Oladipo",2527963,400828945,"2016",0,25.3179778023443,0,"ThreePoint",1,NA,NA,NA,NA
"6076","Victor Oladipo",2527963,400828945,"2016",0,0,0,"Close",2,0,NA,NA,NA
"6077","Victor Oladipo",2527963,400828945,"2016",0,25.4950975679639,0,"ThreePoint",3,0,0,NA,NA
"6078","Victor Oladipo",2527963,400828945,"2016",0,4,0,"Close",4,0,0,0,0
"6079","Victor Oladipo",2527963,400828945,"2016",1,9.21954445729289,0,"Midrange",5,0,0,0,0
"6080","Victor Oladipo",2527963,400828945,"2016",0,1,0,"Close",6,1,0,0,1
"6081","Victor Oladipo",2527963,400828945,"2016",0,18.6010752377383,0,"Midrange",7,0,1,0,1
"6082","Victor Oladipo",2527963,400828945,"2016",1,1,0,"Close",8,0,0,1,1
"6083","Victor Oladipo",2527963,400828945,"2016",1,25.6320112359526,0,"ThreePoint",9,1,0,0,1
"6084","Victor Oladipo",2527963,400828945,"2016",0,16.5529453572468,0,"Midrange",10,1,1,0,2
"6085","Victor Oladipo",2527963,400828945,"2016",0,0,0,"Close",11,0,1,1,2
"6086","Victor Oladipo",2527963,400828945,"2016",0,0,0,"Close",12,0,0,1,1
"6087","Victor Oladipo",2527963,400828945,"2016",0,13.0384048104053,0,"Midrange",13,0,0,0,0
"6088","Victor Oladipo",2527963,400828945,"2016",1,0,0,"Close",14,0,0,0,0
"6089","Victor Oladipo",2527963,400828945,"2016",0,23.0867927612304,0,"ThreePoint",15,1,0,0,1
"6090","Victor Oladipo",2527963,400828945,"2016",0,17.2046505340853,0,"Midrange",16,0,1,0,1
"6091","Victor Oladipo",2527963,400828945,"2016",1,0,0,"Close",17,0,0,1,1
"6092","Victor Oladipo",2527963,400828945,"2016",0,1,0,"Close",18,1,0,0,1
"6093","Victor Oladipo",2527963,400900055,"2017",1,26.4196896272458,0,"ThreePoint",1,NA,NA,NA,NA
"6094","Victor Oladipo",2527963,400900055,"2017",1,1,0,"Close",2,1,NA,NA,NA
"6095","Victor Oladipo",2527963,400900055,"2017",1,17.8044938147649,0,"Midrange",3,1,1,NA,NA
"6096","Victor Oladipo",2527963,400900055,"2017",0,25.2388589282479,1,"ThreePoint",4,1,1,1,3
"6097","Victor Oladipo",2527963,400900055,"2017",1,26,0,"ThreePoint",5,0,1,1,2
"6098","Victor Oladipo",2527963,400900055,"2017",0,20.0249843945008,0,"Midrange",6,1,0,1,2
"6099","Victor Oladipo",2527963,400900055,"2017",1,24.6981780704569,0,"ThreePoint",7,0,1,0,1
"6100","Victor Oladipo",2527963,400900055,"2017",0,4,0,"Close",8,1,0,1,2
"6101","Victor Oladipo",2527963,400900055,"2017",0,1,0,"Close",9,0,1,0,1
"6102","Victor Oladipo",2527963,400900055,"2017",0,5,0,"Close",10,0,0,1,1
"6103","Victor Oladipo",2527963,400900055,"2017",0,25.0199920063936,0,"ThreePoint",11,0,0,0,0
"6104","Victor Oladipo",2527963,400900055,"2017",1,17.6918060129541,0,"Midrange",12,0,0,0,0
"6105","Victor Oladipo",2527963,400900055,"2017",1,1,0,"Close",13,1,0,0,1
"6106","Victor Oladipo",2527963,400900055,"2017",0,25.3179778023443,0,"ThreePoint",14,1,1,0,2
"6107","Victor Oladipo",2527963,400900055,"2017",0,25,0,"ThreePoint",15,0,1,1,2
"6108","Victor Oladipo",2527963,400900055,"2017",1,23.5372045918796,0,"ThreePoint",16,0,0,1,1
"6109","Victor Oladipo",2527963,400900055,"2017",0,21.2132034355964,0,"Midrange",17,1,0,0,1
"6110","Victor Wembanyama",5104157,401585169,"2024",0,25.7099202643649,0,"ThreePoint",1,NA,NA,NA,NA
"6111","Victor Wembanyama",5104157,401585169,"2024",0,11.0453610171873,0,"Midrange",2,0,NA,NA,NA
"6112","Victor Wembanyama",5104157,401585169,"2024",0,2,0,"Close",3,0,0,NA,NA
"6113","Victor Wembanyama",5104157,401585169,"2024",0,3.16227766016838,0,"Close",4,0,0,0,0
"6114","Victor Wembanyama",5104157,401585169,"2024",0,0,0,"Close",5,0,0,0,0
"6115","Victor Wembanyama",5104157,401585169,"2024",1,0,0,"Close",6,0,0,0,0
"6116","Victor Wembanyama",5104157,401585169,"2024",1,25,0,"ThreePoint",7,1,0,0,1
"6117","Victor Wembanyama",5104157,401585169,"2024",1,2,0,"Close",8,1,1,0,2
"6118","Victor Wembanyama",5104157,401585169,"2024",1,26.8700576850888,1,"ThreePoint",9,1,1,1,3
"6119","Victor Wembanyama",5104157,401585169,"2024",1,2.23606797749979,1,"Close",10,1,1,1,3
"6120","Victor Wembanyama",5104157,401585169,"2024",1,2.82842712474619,1,"Close",11,1,1,1,3
"6121","Victor Wembanyama",5104157,401585169,"2024",1,2,1,"Close",12,1,1,1,3
"6122","Victor Wembanyama",5104157,401585169,"2024",1,2.82842712474619,1,"Close",13,1,1,1,3
"6123","Victor Wembanyama",5104157,401585169,"2024",1,8,1,"Close",14,1,1,1,3
"6124","Will Barton",6579,400975511,"2018",1,25.4950975679639,0,"ThreePoint",1,NA,NA,NA,NA
"6125","Will Barton",6579,400975511,"2018",0,23.0867927612304,0,"ThreePoint",2,1,NA,NA,NA
"6126","Will Barton",6579,400975511,"2018",1,12.0830459735946,0,"Midrange",3,0,1,NA,NA
"6127","Will Barton",6579,400975511,"2018",0,2.23606797749979,0,"Close",4,1,0,1,2
"6128","Will Barton",6579,400975511,"2018",1,26.4196896272458,0,"ThreePoint",5,0,1,0,1
"6129","Will Barton",6579,400975511,"2018",1,26.2488094968134,0,"ThreePoint",6,1,0,1,2
"6130","Will Barton",6579,400975511,"2018",0,23.1948270094864,0,"ThreePoint",7,1,1,0,2
"6131","Will Barton",6579,400975511,"2018",1,7.07106781186548,0,"Close",8,0,1,1,2
"6132","Will Barton",6579,400975511,"2018",0,38.0131556174964,0,"ThreePoint",9,1,0,1,2
"6133","Will Barton",6579,400975511,"2018",1,3.16227766016838,0,"Close",10,0,1,0,1
"6134","Will Barton",6579,400975511,"2018",0,24.3515913237718,0,"ThreePoint",11,1,0,1,2
"6135","Zach LaVine",3064440,401071183,"2019",0,18,0,"Midrange",1,NA,NA,NA,NA
"6136","Zach LaVine",3064440,401071183,"2019",1,1.4142135623731,0,"Close",2,0,NA,NA,NA
"6137","Zach LaVine",3064440,401071183,"2019",1,25.7099202643649,0,"ThreePoint",3,1,0,NA,NA
"6138","Zach LaVine",3064440,401071183,"2019",0,26.0192236625154,0,"ThreePoint",4,1,1,0,2
"6139","Zach LaVine",3064440,401071183,"2019",1,26.2488094968134,0,"ThreePoint",5,0,1,1,2
"6140","Zach LaVine",3064440,401071183,"2019",1,25.4950975679639,0,"ThreePoint",6,1,0,1,2
"6141","Zach LaVine",3064440,401071183,"2019",0,25.298221281347,0,"ThreePoint",7,1,1,0,2
"6142","Zach LaVine",3064440,401071183,"2019",0,20.0997512422418,0,"Midrange",8,0,1,1,2
"6143","Zach LaVine",3064440,401071183,"2019",1,13.6014705087354,0,"Midrange",9,0,0,1,1
"6144","Zach LaVine",3064440,401071183,"2019",0,27.7848879788996,0,"ThreePoint",10,1,0,0,1
"6145","Zach LaVine",3064440,401071183,"2019",1,1.4142135623731,0,"Close",11,0,1,0,1
"6146","Zach LaVine",3064440,401071183,"2019",1,1,0,"Close",12,1,0,1,2
"6147","Zach LaVine",3064440,401071183,"2019",1,1,0,"Close",13,1,1,0,2
"6148","Zach LaVine",3064440,401071183,"2019",0,10,1,"Midrange",14,1,1,1,3
"6149","Zach LaVine",3064440,401071183,"2019",0,32.310988842807,0,"ThreePoint",15,0,1,1,2
"6150","Zach LaVine",3064440,401071183,"2019",1,1.4142135623731,0,"Close",16,0,0,1,1
"6151","Zach LaVine",3064440,401071183,"2019",1,1,0,"Close",17,1,0,0,1
"6152","Zach LaVine",3064440,401306581,"2021",0,3,0,"Close",1,NA,NA,NA,NA
"6153","Zach LaVine",3064440,401306581,"2021",1,25.4558441227157,0,"ThreePoint",2,0,NA,NA,NA
"6154","Zach LaVine",3064440,401306581,"2021",1,1,0,"Close",3,1,0,NA,NA
"6155","Zach LaVine",3064440,401306581,"2021",0,23.7697286480094,0,"ThreePoint",4,1,1,0,2
"6156","Zach LaVine",3064440,401306581,"2021",1,1,0,"Close",5,0,1,1,2
"6157","Zach LaVine",3064440,401306581,"2021",0,25.298221281347,0,"ThreePoint",6,1,0,1,2
"6158","Zach LaVine",3064440,401306581,"2021",1,1.4142135623731,0,"Close",7,0,1,0,1
"6159","Zach LaVine",3064440,401306581,"2021",0,23.1948270094864,0,"ThreePoint",8,1,0,1,2
"6160","Zach LaVine",3064440,401306581,"2021",0,27.3130005674953,0,"ThreePoint",9,0,1,0,1
"6161","Zach LaVine",3064440,401306581,"2021",1,23.3452350598575,0,"ThreePoint",10,0,0,1,1
"6162","Zach LaVine",3064440,401360901,"2022",1,26.6270539113887,0,"ThreePoint",1,NA,NA,NA,NA
"6163","Zach LaVine",3064440,401360901,"2022",0,27.1661554144122,0,"ThreePoint",2,1,NA,NA,NA
"6164","Zach LaVine",3064440,401360901,"2022",0,12.1655250605964,0,"Midrange",3,0,1,NA,NA
"6165","Zach LaVine",3064440,401360901,"2022",0,18.0277563773199,0,"Midrange",4,0,0,1,1
"6166","Zach LaVine",3064440,401360901,"2022",0,5.09901951359278,0,"Close",5,0,0,0,0
"6167","Zach LaVine",3064440,401360901,"2022",1,3.16227766016838,0,"Close",6,0,0,0,0
"6168","Zach LaVine",3064440,401360901,"2022",0,18.3847763108502,0,"Midrange",7,1,0,0,1
"6169","Zach LaVine",3064440,401360901,"2022",1,15,0,"Midrange",8,0,1,0,1
"6170","Zach LaVine",3064440,401360901,"2022",1,28.2842712474619,0,"ThreePoint",9,1,0,1,2
"6171","Zach LaVine",3064440,401360901,"2022",1,27.3130005674953,0,"ThreePoint",10,1,1,0,2
"6172","Zach LaVine",3064440,401360901,"2022",0,26,1,"ThreePoint",11,1,1,1,3
"6173","Zach LaVine",3064440,401360901,"2022",1,26.0768096208106,0,"ThreePoint",12,0,1,1,2
"6174","Zach LaVine",3064440,401360901,"2022",0,2.23606797749979,0,"Close",13,1,0,1,2
"6175","Zach LaVine",3064440,401360901,"2022",0,7.28010988928052,0,"Close",14,0,1,0,1
"6176","Zach LaVine",3064440,401360901,"2022",0,17.4928556845359,0,"Midrange",15,0,0,1,1
"6177","Zach LaVine",3064440,401360901,"2022",0,27.2946881279124,0,"ThreePoint",16,0,0,0,0
"6178","Zach LaVine",3064440,401360951,"2022",0,17.0293863659264,0,"Midrange",1,NA,NA,NA,NA
"6179","Zach LaVine",3064440,401360951,"2022",0,16.4924225024706,0,"Midrange",2,0,NA,NA,NA
"6180","Zach LaVine",3064440,401360951,"2022",0,26.1725046566048,0,"ThreePoint",3,0,0,NA,NA
"6181","Zach LaVine",3064440,401360951,"2022",1,4.12310562561766,0,"Close",4,0,0,0,0
"6182","Zach LaVine",3064440,401360951,"2022",0,26.0768096208106,0,"ThreePoint",5,1,0,0,1
"6183","Zach LaVine",3064440,401360951,"2022",1,7.61577310586391,0,"Close",6,0,1,0,1
"6184","Zach LaVine",3064440,401360951,"2022",0,23.43074902772,0,"ThreePoint",7,1,0,1,2
"6185","Zach LaVine",3064440,401360951,"2022",1,24.0831891575846,0,"ThreePoint",8,0,1,0,1
"6186","Zach LaVine",3064440,401360951,"2022",0,27.2029410174709,0,"ThreePoint",9,1,0,1,2
"6187","Zach LaVine",3064440,401360951,"2022",1,27.5136329843952,0,"ThreePoint",10,0,1,0,1
"6188","Zach LaVine",3064440,401410564,"2022",1,26.4196896272458,0,"ThreePoint",1,NA,NA,NA,NA
"6189","Zach LaVine",3064440,401410564,"2022",1,2.23606797749979,0,"Close",2,1,NA,NA,NA
"6190","Zach LaVine",3064440,401410564,"2022",0,24.6981780704569,0,"ThreePoint",3,1,1,NA,NA
"6191","Zach LaVine",3064440,401410564,"2022",0,25.6124969497314,0,"ThreePoint",4,0,1,1,2
"6192","Zach LaVine",3064440,401410564,"2022",1,1,0,"Close",5,0,0,1,1
"6193","Zach LaVine",3064440,401410564,"2022",1,1.4142135623731,0,"Close",6,1,0,0,1
"6194","Zach LaVine",3064440,401410564,"2022",1,27.5862284482674,0,"ThreePoint",7,1,1,0,2
"6195","Zach LaVine",3064440,401468707,"2023",0,26.9258240356725,0,"ThreePoint",1,NA,NA,NA,NA
"6196","Zach LaVine",3064440,401468707,"2023",1,1.4142135623731,0,"Close",2,0,NA,NA,NA
"6197","Zach LaVine",3064440,401468707,"2023",0,23.3452350598575,0,"ThreePoint",3,1,0,NA,NA
"6198","Zach LaVine",3064440,401468707,"2023",0,20.6155281280883,0,"Midrange",4,0,1,0,1
"6199","Zach LaVine",3064440,401468707,"2023",1,32.649655434629,0,"ThreePoint",5,0,0,1,1
"6200","Zach LaVine",3064440,401468707,"2023",1,28.3019433961698,0,"ThreePoint",6,1,0,0,1
"6201","Zach LaVine",3064440,401468707,"2023",0,26.2488094968134,0,"ThreePoint",7,1,1,0,2
"6202","Zach LaVine",3064440,401468707,"2023",1,11.4017542509914,0,"Midrange",8,0,1,1,2
"6203","Zach LaVine",3064440,401468707,"2023",0,2.23606797749979,0,"Close",9,1,0,1,2
"6204","Zach LaVine",3064440,401468707,"2023",0,18.4390889145858,0,"Midrange",10,0,1,0,1
"6205","Zach LaVine",3064440,401468707,"2023",1,2.23606797749979,0,"Close",11,0,0,1,1
"6206","Zach LaVine",3064440,401468707,"2023",0,22.3606797749979,0,"ThreePoint",12,1,0,0,1
"6207","Zach LaVine",3064440,401468707,"2023",1,2,0,"Close",13,0,1,0,1
"6208","Zach LaVine",3064440,401468707,"2023",1,27.2029410174709,0,"ThreePoint",14,1,0,1,2
"6209","Zach LaVine",3064440,401468707,"2023",0,1.4142135623731,0,"Close",15,1,1,0,2
"6210","Zach LaVine",3064440,401468707,"2023",0,26.2488094968134,0,"ThreePoint",16,0,1,1,2
"6211","Zach LaVine",3064440,401468707,"2023",0,28.1602556806574,0,"ThreePoint",17,0,0,1,1
"6212","Zach LaVine",3064440,401468707,"2023",0,36.6196668472011,0,"ThreePoint",18,0,0,0,0
"6213","Zach LaVine",3064440,401469105,"2023",0,25.0599281722833,0,"ThreePoint",1,NA,NA,NA,NA
"6214","Zach LaVine",3064440,401469105,"2023",0,15.2643375224737,0,"Midrange",2,0,NA,NA,NA
"6215","Zach LaVine",3064440,401469105,"2023",1,3,0,"Close",3,0,0,NA,NA
"6216","Zach LaVine",3064440,401469105,"2023",0,2,0,"Close",4,1,0,0,1
"6217","Zach LaVine",3064440,401469105,"2023",1,20,0,"Midrange",5,0,1,0,1
"6218","Zach LaVine",3064440,401469105,"2023",0,25.9422435421457,0,"ThreePoint",6,1,0,1,2
"6219","Zach LaVine",3064440,401469105,"2023",1,23.0217288664427,0,"ThreePoint",7,0,1,0,1
"6220","Zach LaVine",3064440,401469105,"2023",0,3.60555127546399,0,"Close",8,1,0,1,2
"6221","Zach LaVine",3064440,401469105,"2023",1,27.6586333718787,0,"ThreePoint",9,0,1,0,1
"6222","Zach LaVine",3064440,401469105,"2023",0,12.0415945787923,0,"Midrange",10,1,0,1,2
"6223","Zach LaVine",3064440,401469105,"2023",1,16.2788205960997,0,"Midrange",11,0,1,0,1
"6224","Zach LaVine",3064440,401469105,"2023",0,24.738633753706,0,"ThreePoint",12,1,0,1,2
"6225","Zach LaVine",3064440,401469105,"2023",1,1,0,"Close",13,0,1,0,1
"6226","Zach LaVine",3064440,401469105,"2023",0,1.4142135623731,0,"Close",14,1,0,1,2
"6227","Zach LaVine",3064440,401469105,"2023",1,10,0,"Midrange",15,0,1,0,1
"6228","Zach LaVine",3064440,401469105,"2023",1,13.4536240470737,0,"Midrange",16,1,0,1,2
"6229","Zach LaVine",3064440,401469105,"2023",0,23.0217288664427,0,"ThreePoint",17,1,1,0,2
"6230","Zach LaVine",3064440,401469105,"2023",0,20.2484567313166,0,"Midrange",18,0,1,1,2
"6231","Zach LaVine",3064440,401469105,"2023",0,25.2388589282479,0,"ThreePoint",19,0,0,1,1
"6232","Zach LaVine",3064440,401469105,"2023",0,0,0,"Close",20,0,0,0,0
"6233","Zach LaVine",3064440,401469105,"2023",0,2.23606797749979,0,"Close",21,0,0,0,0
"6234","Zion Williamson",4395628,401267361,"2021",0,4.47213595499958,0,"Close",1,NA,NA,NA,NA
"6235","Zion Williamson",4395628,401267361,"2021",1,1,0,"Close",2,0,NA,NA,NA
"6236","Zion Williamson",4395628,401267361,"2021",1,4.12310562561766,0,"Close",3,1,0,NA,NA
"6237","Zion Williamson",4395628,401267361,"2021",1,1.4142135623731,0,"Close",4,1,1,0,2
"6238","Zion Williamson",4395628,401267361,"2021",1,2,1,"Close",5,1,1,1,3
"6239","Zion Williamson",4395628,401267361,"2021",1,2,1,"Close",6,1,1,1,3
"6240","Zion Williamson",4395628,401267361,"2021",1,2,1,"Close",7,1,1,1,3
"6241","Zion Williamson",4395628,401267361,"2021",1,4.47213595499958,1,"Close",8,1,1,1,3
"6242","Zion Williamson",4395628,401267361,"2021",1,1.4142135623731,1,"Close",9,1,1,1,3
"6243","Zion Williamson",4395628,401267361,"2021",1,0,1,"Close",10,1,1,1,3
"6244","Zion Williamson",4395628,401267361,"2021",1,1,1,"Close",11,1,1,1,3
"6245","Zion Williamson",4395628,401267361,"2021",1,6.32455532033676,1,"Close",12,1,1,1,3
"6246","Zion Williamson",4395628,401267361,"2021",1,2.23606797749979,1,"Close",13,1,1,1,3
"6247","Zion Williamson",4395628,401267361,"2021",1,1,1,"Close",14,1,1,1,3
"6248","Zion Williamson",4395628,401267361,"2021",0,5.8309518948453,1,"Close",15,1,1,1,3
"6249","Zion Williamson",4395628,401267559,"2021",1,1.4142135623731,0,"Close",1,NA,NA,NA,NA
"6250","Zion Williamson",4395628,401267559,"2021",1,2.23606797749979,0,"Close",2,1,NA,NA,NA
"6251","Zion Williamson",4395628,401267559,"2021",1,1,0,"Close",3,1,1,NA,NA
"6252","Zion Williamson",4395628,401267559,"2021",1,1,1,"Close",4,1,1,1,3
"6253","Zion Williamson",4395628,401267559,"2021",1,0,1,"Close",5,1,1,1,3
"6254","Zion Williamson",4395628,401267559,"2021",1,0,1,"Close",6,1,1,1,3
"6255","Zion Williamson",4395628,401267559,"2021",1,1.4142135623731,1,"Close",7,1,1,1,3
"6256","Zion Williamson",4395628,401267559,"2021",1,1,1,"Close",8,1,1,1,3
"6257","Zion Williamson",4395628,401267559,"2021",1,1.4142135623731,1,"Close",9,1,1,1,3
"6258","Zion Williamson",4395628,401267559,"2021",1,2,1,"Close",10,1,1,1,3
"6259","Zion Williamson",4395628,401267559,"2021",1,2,1,"Close",11,1,1,1,3
"6260","Zion Williamson",4395628,401267559,"2021",1,4.12310562561766,1,"Close",12,1,1,1,3
"6261","Zion Williamson",4395628,401267559,"2021",0,24.4131112314674,1,"ThreePoint",13,1,1,1,3
"6262","Zion Williamson",4395628,401267559,"2021",1,1,0,"Close",14,0,1,1,2
"6263","Zion Williamson",4395628,401267559,"2021",1,1,0,"Close",15,1,0,1,2
"6264","Zion Williamson",4395628,401306581,"2021",1,0,0,"Close",1,NA,NA,NA,NA
"6265","Zion Williamson",4395628,401306581,"2021",0,1,0,"Close",2,1,NA,NA,NA
"6266","Zion Williamson",4395628,401306581,"2021",0,1,0,"Close",3,0,1,NA,NA
"6267","Zion Williamson",4395628,401306581,"2021",0,0,0,"Close",4,0,0,1,1
"6268","Zion Williamson",4395628,401306581,"2021",0,0,0,"Close",5,0,0,0,0
"6269","Zion Williamson",4395628,401306581,"2021",1,1,0,"Close",6,0,0,0,0
"6270","Zion Williamson",4395628,401306581,"2021",1,1,0,"Close",7,1,0,0,1
"6271","Zion Williamson",4395628,401306581,"2021",1,0,0,"Close",8,1,1,0,2
"6272","Zion Williamson",4395628,401306581,"2021",1,0,1,"Close",9,1,1,1,3
